invoice_id,client_name,client_size,client_industry,invoice_amount,service_type,issue_date,issue_month,issue_quarter,issue_day_of_week,payment_terms_days,project_duration_weeks,invoices_ytd,prior_late_payments,prior_late_rate,has_purchase_order,contact_responsiveness,is_late,days_late,late_payment_probability,risk_flag,risk_tier
INV-00729,Acme Corp,enterprise,manufacturing,122263.36,analytics_consulting,2024-11-19,11,4,Tuesday,60,16,13,8,0.62,1,1,1,86,0.9031,1,critical
INV-01354,Echo Ventures,small,retail,6917.91,process_automation,2024-11-11,11,4,Monday,60,8,5,0,0.0,1,1,1,86,0.8921,1,critical
INV-00430,Cedar Solutions,small,technology,10022.19,process_automation,2024-10-17,10,4,Thursday,60,13,3,0,0.0,1,2,1,84,0.887,1,critical
INV-01254,Jade Consulting,small,professional_services,10685.34,process_automation,2024-11-15,11,4,Friday,60,10,7,4,0.57,0,1,1,53,0.8858,1,critical
INV-00429,Falcon Industries,mid-market,manufacturing,60358.38,training,2023-11-29,11,4,Wednesday,60,15,3,3,1.0,0,4,1,19,0.8792,1,critical
INV-01217,Birch Holdings,mid-market,finance,49430.81,reporting_setup,2024-12-26,12,4,Thursday,60,13,2,2,1.0,1,1,1,16,0.8741,1,critical
INV-00088,Jade Consulting,small,professional_services,13823.19,analytics_consulting,2024-11-30,11,4,Saturday,60,5,8,7,0.88,0,4,1,2,0.8706,1,critical
INV-00082,Delta Group,enterprise,healthcare,65873.43,analytics_consulting,2024-12-15,12,4,Sunday,60,14,2,1,0.5,1,4,1,85,0.8671,1,critical
INV-01033,Echo Ventures,small,retail,4570.16,reporting_setup,2023-09-23,9,3,Saturday,30,6,5,4,0.8,0,2,1,5,0.8625,1,critical
INV-00682,Cedar Solutions,small,technology,12868.21,analytics_consulting,2024-10-27,10,4,Sunday,60,7,3,2,0.67,0,2,1,3,0.8606,1,critical
INV-00798,Horizon LLC,small,technology,13142.74,analytics_consulting,2024-10-12,10,4,Saturday,45,16,3,2,0.67,1,2,1,55,0.8558,1,critical
INV-01875,Jade Consulting,small,professional_services,11813.95,reporting_setup,2023-10-07,10,4,Saturday,15,10,5,4,0.8,0,1,1,81,0.85,1,critical
INV-01420,Echo Ventures,small,retail,10358.45,analytics_consulting,2024-12-27,12,4,Friday,60,12,6,3,0.5,1,1,1,33,0.849,1,critical
INV-01445,Birch Holdings,mid-market,finance,68910.76,training,2024-12-30,12,4,Monday,45,10,4,3,0.75,0,1,1,54,0.8483,1,critical
INV-01297,Acme Corp,enterprise,manufacturing,106365.34,process_automation,2024-12-08,12,4,Sunday,60,15,11,6,0.55,1,4,1,19,0.8444,1,critical
INV-00722,Birch Holdings,mid-market,finance,51180.18,data_migration,2024-05-10,5,2,Friday,60,1,9,8,0.89,0,1,1,72,0.8441,1,critical
INV-01825,Cedar Solutions,small,technology,7415.08,data_migration,2024-10-31,10,4,Thursday,60,10,3,3,1.0,1,1,1,41,0.844,1,critical
INV-00471,Echo Ventures,small,retail,3019.15,process_automation,2024-03-16,3,1,Saturday,15,14,14,5,0.36,1,3,1,84,0.8415,1,critical
INV-01507,Birch Holdings,mid-market,finance,62553.38,training,2023-11-15,11,4,Wednesday,15,10,4,4,1.0,1,2,1,62,0.8413,1,critical
INV-00992,Jade Consulting,small,professional_services,3200.13,data_migration,2023-10-28,10,4,Saturday,60,1,15,8,0.53,0,1,1,35,0.8411,1,critical
INV-01195,Birch Holdings,mid-market,finance,65649.13,reporting_setup,2024-05-02,5,2,Thursday,60,15,5,4,0.8,0,1,1,61,0.8411,1,critical
INV-00611,Cedar Solutions,small,technology,3192.15,analytics_consulting,2024-12-05,12,4,Thursday,45,5,3,3,1.0,0,1,1,62,0.8409,1,critical
INV-01942,Cedar Solutions,small,technology,12842.55,process_automation,2023-10-05,10,4,Thursday,30,3,2,2,1.0,0,5,1,82,0.8406,1,critical
INV-00288,Jade Consulting,small,professional_services,7061.89,process_automation,2023-09-09,9,3,Saturday,60,16,2,0,0.0,1,2,1,83,0.8394,1,critical
INV-00719,Echo Ventures,small,retail,14354.22,analytics_consulting,2023-04-02,4,2,Sunday,45,6,2,2,1.0,0,2,1,8,0.8394,1,critical
INV-01488,Echo Ventures,small,retail,6599.24,analytics_consulting,2024-06-26,6,2,Wednesday,60,4,8,6,0.75,1,3,1,42,0.8391,1,critical
INV-00431,Echo Ventures,small,retail,5161.85,process_automation,2024-12-28,12,4,Saturday,60,15,12,8,0.67,0,4,1,3,0.8386,1,critical
INV-01139,Keystone Retail,enterprise,retail,64392.36,process_automation,2024-12-04,12,4,Wednesday,60,13,16,7,0.44,1,4,1,23,0.8379,1,critical
INV-00944,Delta Group,enterprise,healthcare,164202.25,data_migration,2024-02-05,2,1,Monday,60,14,3,3,1.0,0,1,1,54,0.8378,1,critical
INV-01898,Cedar Solutions,small,technology,11122.84,process_automation,2024-11-28,11,4,Thursday,30,11,4,3,0.75,1,5,1,48,0.837,1,critical
INV-01687,Echo Ventures,small,retail,4132.33,training,2024-03-07,3,1,Thursday,30,10,14,5,0.36,0,1,1,26,0.8368,1,critical
INV-00048,Jade Consulting,small,professional_services,7939.23,data_migration,2024-12-13,12,4,Friday,60,12,10,6,0.6,0,4,1,70,0.8355,1,critical
INV-01961,Jade Consulting,small,professional_services,8124.39,training,2023-04-23,4,2,Sunday,15,5,3,3,1.0,1,1,1,68,0.8321,1,critical
INV-01759,Keystone Retail,enterprise,retail,71647.13,process_automation,2023-05-21,5,2,Sunday,45,5,4,4,1.0,0,1,1,64,0.8318,1,critical
INV-00974,Falcon Industries,mid-market,manufacturing,57702.35,process_automation,2024-10-14,10,4,Monday,45,4,6,4,0.67,0,5,1,40,0.8314,1,critical
INV-00124,Echo Ventures,small,retail,6251.22,training,2023-10-09,10,4,Monday,15,3,10,7,0.7,0,1,1,37,0.8313,1,critical
INV-01104,Falcon Industries,mid-market,manufacturing,63917.5,training,2024-10-19,10,4,Saturday,60,6,2,2,1.0,1,5,1,90,0.8311,1,critical
INV-01848,Horizon LLC,small,technology,13812.66,analytics_consulting,2023-11-23,11,4,Thursday,30,5,1,1,1.0,1,4,1,11,0.8303,1,critical
INV-00521,Falcon Industries,mid-market,manufacturing,11967.17,reporting_setup,2023-11-29,11,4,Wednesday,60,16,4,2,0.5,0,2,1,45,0.8289,1,critical
INV-00051,Granite Partners,enterprise,finance,82198.02,analytics_consulting,2023-12-02,12,4,Saturday,60,13,9,6,0.67,1,1,1,70,0.8257,1,critical
INV-00072,Echo Ventures,small,retail,7409.74,training,2024-05-27,5,2,Monday,60,2,14,5,0.36,0,1,1,87,0.8256,1,critical
INV-00486,Horizon LLC,small,technology,13003.75,process_automation,2024-12-30,12,4,Monday,30,16,16,2,0.12,1,2,1,2,0.8256,1,critical
INV-00702,Ironclad Inc,mid-market,healthcare,11812.93,analytics_consulting,2023-12-15,12,4,Friday,15,9,8,4,0.5,0,5,1,8,0.8246,1,critical
INV-00043,Acme Corp,enterprise,manufacturing,55780.17,reporting_setup,2023-04-20,4,2,Thursday,30,15,2,2,1.0,1,1,1,60,0.8245,1,critical
INV-00695,Cedar Solutions,small,technology,14590.1,analytics_consulting,2023-05-06,5,2,Saturday,60,1,8,7,0.88,1,5,1,35,0.8245,1,critical
INV-01085,Delta Group,enterprise,healthcare,127281.97,process_automation,2023-10-09,10,4,Monday,60,10,12,6,0.5,0,5,1,85,0.8241,1,critical
INV-00204,Delta Group,enterprise,healthcare,185079.71,analytics_consulting,2023-11-04,11,4,Saturday,60,14,14,8,0.57,1,4,1,27,0.8234,1,critical
INV-00664,Echo Ventures,small,retail,7382.97,process_automation,2024-09-19,9,3,Thursday,45,6,11,7,0.64,0,2,1,85,0.8233,1,critical
INV-01658,Keystone Retail,enterprise,retail,100484.5,training,2023-10-08,10,4,Sunday,60,14,2,1,0.5,1,3,1,40,0.8233,1,critical
INV-00145,Keystone Retail,enterprise,retail,135553.77,reporting_setup,2023-06-29,6,2,Thursday,60,5,3,3,1.0,1,2,1,26,0.8223,1,critical
INV-00216,Echo Ventures,small,retail,2566.76,process_automation,2023-12-29,12,4,Friday,60,13,15,3,0.2,0,2,1,11,0.8207,1,critical
INV-01500,Echo Ventures,small,retail,4320.65,analytics_consulting,2023-09-02,9,3,Saturday,30,12,7,4,0.57,0,1,1,29,0.8205,1,critical
INV-01112,Echo Ventures,small,retail,6845.92,process_automation,2023-05-25,5,2,Thursday,60,15,1,0,0.0,1,2,1,11,0.82,1,critical
INV-00489,Ironclad Inc,mid-market,healthcare,39354.62,data_migration,2024-10-18,10,4,Friday,15,2,8,8,1.0,0,1,1,67,0.8196,1,critical
INV-00946,Birch Holdings,mid-market,finance,74669.54,process_automation,2023-12-18,12,4,Monday,60,1,6,4,0.67,0,1,1,4,0.8171,1,critical
INV-00441,Echo Ventures,small,retail,4035.16,training,2024-12-18,12,4,Wednesday,60,1,5,0,0.0,0,1,1,14,0.8162,1,critical
INV-01279,Jade Consulting,small,professional_services,9396.03,process_automation,2024-12-05,12,4,Thursday,60,6,15,0,0.0,0,5,1,44,0.8152,1,critical
INV-00438,Horizon LLC,small,technology,12272.52,data_migration,2023-11-03,11,4,Friday,60,8,1,1,1.0,1,5,1,32,0.8144,1,critical
INV-01079,Granite Partners,enterprise,finance,47274.43,data_migration,2024-12-17,12,4,Tuesday,60,1,6,4,0.67,1,2,1,15,0.8133,1,critical
INV-00771,Jade Consulting,small,professional_services,3814.22,process_automation,2024-04-07,4,2,Sunday,15,6,2,2,1.0,0,1,1,9,0.8129,1,critical
INV-00175,Lumen Analytics,mid-market,technology,63407.98,reporting_setup,2024-09-26,9,3,Thursday,30,8,2,2,1.0,0,1,1,57,0.8118,1,critical
INV-00029,Echo Ventures,small,retail,13722.04,reporting_setup,2024-06-01,6,2,Saturday,45,2,3,3,1.0,0,1,1,17,0.8111,1,critical
INV-01719,Birch Holdings,mid-market,finance,60629.1,data_migration,2023-03-27,3,1,Monday,60,13,4,4,1.0,0,1,1,38,0.8105,1,critical
INV-00109,Birch Holdings,mid-market,finance,53232.01,reporting_setup,2023-11-17,11,4,Friday,45,12,5,5,1.0,0,1,1,11,0.8094,1,critical
INV-00442,Echo Ventures,small,retail,11315.95,analytics_consulting,2023-10-03,10,4,Tuesday,60,8,3,1,0.33,1,2,1,40,0.8093,1,critical
INV-01304,Horizon LLC,small,technology,6495.11,data_migration,2023-03-06,3,1,Monday,60,8,7,5,0.71,0,3,1,61,0.8091,1,critical
INV-01106,Ironclad Inc,mid-market,healthcare,19087.99,analytics_consulting,2024-11-05,11,4,Tuesday,60,11,12,6,0.5,0,1,1,14,0.8082,1,critical
INV-01781,Jade Consulting,small,professional_services,12085.26,analytics_consulting,2024-10-22,10,4,Tuesday,60,12,5,5,1.0,1,5,1,85,0.808,1,critical
INV-01395,Jade Consulting,small,professional_services,4800.64,process_automation,2023-05-24,5,2,Wednesday,60,1,8,7,0.88,1,4,1,60,0.8076,1,critical
INV-01779,Jade Consulting,small,professional_services,11884.73,analytics_consulting,2023-11-05,11,4,Sunday,15,7,13,8,0.62,0,1,1,22,0.8069,1,critical
INV-00326,Echo Ventures,small,retail,3524.05,process_automation,2024-11-02,11,4,Saturday,30,8,2,2,1.0,0,3,1,4,0.8063,1,critical
INV-00545,Echo Ventures,small,retail,7724.97,training,2024-11-01,11,4,Friday,60,8,24,3,0.12,0,2,1,2,0.8058,1,critical
INV-00846,Jade Consulting,small,professional_services,7165.77,training,2024-11-04,11,4,Monday,30,5,11,6,0.55,1,5,1,35,0.8057,1,critical
INV-00464,Cedar Solutions,small,technology,6301.35,data_migration,2023-04-07,4,2,Friday,60,5,9,5,0.56,0,2,1,39,0.8055,1,critical
INV-00424,Jade Consulting,small,professional_services,8233.4,process_automation,2023-12-18,12,4,Monday,30,7,14,5,0.36,1,4,1,24,0.8051,1,critical
INV-01383,Echo Ventures,small,retail,4458.35,analytics_consulting,2024-05-05,5,2,Sunday,30,7,2,1,0.5,1,2,1,21,0.8049,1,critical
INV-00318,Ironclad Inc,mid-market,healthcare,56122.01,data_migration,2023-06-12,6,2,Monday,45,13,5,4,0.8,0,1,1,26,0.804,1,critical
INV-01930,Delta Group,enterprise,healthcare,96679.08,training,2023-12-09,12,4,Saturday,45,9,2,1,0.5,0,1,1,72,0.8033,1,critical
INV-00387,Echo Ventures,small,retail,3872.9,training,2024-05-13,5,2,Monday,15,3,9,2,0.22,0,2,1,81,0.803,1,critical
INV-00655,Ironclad Inc,mid-market,healthcare,68944.91,training,2024-10-24,10,4,Thursday,30,15,7,4,0.57,0,2,1,80,0.8022,1,critical
INV-00035,Echo Ventures,small,retail,10673.49,training,2023-12-26,12,4,Tuesday,60,11,1,0,0.0,0,3,1,34,0.8019,1,critical
INV-00237,Cedar Solutions,small,technology,2911.42,data_migration,2023-12-20,12,4,Wednesday,60,14,3,0,0.0,0,2,1,44,0.8003,1,critical
INV-00307,Birch Holdings,mid-market,finance,41791.29,reporting_setup,2023-11-12,11,4,Sunday,60,9,3,3,1.0,1,4,1,58,0.7996,1,critical
INV-01356,Delta Group,enterprise,healthcare,48312.59,analytics_consulting,2023-07-27,7,3,Thursday,45,13,1,1,1.0,1,1,1,86,0.799,1,critical
INV-01274,Horizon LLC,small,technology,10628.56,training,2023-11-20,11,4,Monday,15,3,3,0,0.0,1,1,1,12,0.7989,1,critical
INV-01768,Jade Consulting,small,professional_services,9272.17,process_automation,2023-05-27,5,2,Saturday,45,13,10,7,0.7,1,2,1,36,0.7983,1,critical
INV-00959,Echo Ventures,small,retail,2576.86,process_automation,2023-11-21,11,4,Tuesday,60,11,16,0,0.0,1,4,1,83,0.7981,1,critical
INV-00780,Horizon LLC,small,technology,6645.6,data_migration,2023-01-28,1,1,Saturday,60,13,7,6,0.86,1,3,1,18,0.7981,1,critical
INV-01358,Horizon LLC,small,technology,3827.64,analytics_consulting,2024-05-05,5,2,Sunday,15,3,5,5,1.0,1,5,1,9,0.7977,1,critical
INV-00139,Cedar Solutions,small,technology,9807.2,reporting_setup,2024-12-23,12,4,Monday,60,3,1,1,1.0,1,2,1,78,0.7975,1,critical
INV-00079,Cedar Solutions,small,technology,7109.12,process_automation,2024-05-25,5,2,Saturday,45,16,16,3,0.19,0,2,1,77,0.7972,1,critical
INV-01599,Delta Group,enterprise,healthcare,198631.23,training,2023-01-06,1,1,Friday,60,3,7,7,1.0,1,1,1,7,0.797,1,critical
INV-00854,Birch Holdings,mid-market,finance,62542.55,training,2023-10-20,10,4,Friday,60,1,14,8,0.57,0,2,1,66,0.7951,1,critical
INV-00302,Jade Consulting,small,professional_services,7592.38,analytics_consulting,2024-10-28,10,4,Monday,30,2,10,0,0.0,1,1,1,22,0.7949,1,critical
INV-00904,Lumen Analytics,mid-market,technology,28639.99,reporting_setup,2023-12-12,12,4,Tuesday,15,5,2,2,1.0,1,2,1,2,0.7943,1,critical
INV-01183,Delta Group,enterprise,healthcare,29589.29,analytics_consulting,2023-11-12,11,4,Sunday,15,2,5,4,0.8,1,1,1,41,0.7937,1,critical
INV-01601,Lumen Analytics,mid-market,technology,17326.12,data_migration,2024-11-20,11,4,Wednesday,15,13,4,1,0.25,0,1,1,5,0.7933,1,critical
INV-01160,Birch Holdings,mid-market,finance,61351.05,data_migration,2024-07-03,7,3,Wednesday,45,3,7,7,1.0,1,1,1,13,0.7933,1,critical
INV-00405,Delta Group,enterprise,healthcare,88397.21,process_automation,2024-12-05,12,4,Thursday,60,5,14,4,0.29,1,5,1,47,0.7916,1,critical
INV-01458,Echo Ventures,small,retail,3890.31,process_automation,2023-05-25,5,2,Thursday,45,1,16,8,0.5,1,4,1,83,0.7913,1,critical
INV-01031,Echo Ventures,small,retail,3178.14,training,2024-10-30,10,4,Wednesday,15,11,9,2,0.22,0,1,1,60,0.7898,1,critical
INV-00508,Ironclad Inc,mid-market,healthcare,70306.35,reporting_setup,2023-12-10,12,4,Sunday,60,2,17,4,0.24,0,3,1,3,0.7883,1,critical
INV-01730,Ironclad Inc,mid-market,healthcare,53043.8,analytics_consulting,2023-10-01,10,4,Sunday,30,10,10,5,0.5,0,1,1,63,0.7882,1,critical
INV-00931,Falcon Industries,mid-market,manufacturing,44006.04,training,2023-12-27,12,4,Wednesday,60,11,4,1,0.25,0,3,1,77,0.7882,1,critical
INV-00131,Falcon Industries,mid-market,manufacturing,74998.48,analytics_consulting,2024-05-12,5,2,Sunday,30,5,3,2,0.67,0,1,1,70,0.788,1,critical
INV-01374,Echo Ventures,small,retail,4475.91,analytics_consulting,2024-03-16,3,1,Saturday,30,9,18,5,0.28,0,2,1,75,0.7874,1,critical
INV-01557,Cedar Solutions,small,technology,2200.27,analytics_consulting,2024-11-29,11,4,Friday,45,9,1,1,1.0,0,4,1,80,0.7871,1,critical
INV-00969,Horizon LLC,small,technology,6251.42,training,2024-11-08,11,4,Friday,60,4,18,1,0.06,1,2,1,65,0.7869,1,critical
INV-01234,Horizon LLC,small,technology,4405.26,analytics_consulting,2024-03-17,3,1,Sunday,60,15,10,8,0.8,0,3,1,73,0.7863,1,critical
INV-00396,Birch Holdings,mid-market,finance,62726.22,analytics_consulting,2024-11-07,11,4,Thursday,60,4,16,7,0.44,0,5,1,53,0.7859,1,critical
INV-00761,Echo Ventures,small,retail,4607.4,training,2024-03-31,3,1,Sunday,45,2,15,8,0.53,0,4,1,56,0.7855,1,critical
INV-01879,Echo Ventures,small,retail,4284.48,training,2024-04-14,4,2,Sunday,45,4,13,4,0.31,0,5,1,38,0.785,1,critical
INV-00861,Cedar Solutions,small,technology,1593.29,data_migration,2024-02-25,2,1,Sunday,60,9,8,7,0.88,1,3,1,24,0.7847,1,critical
INV-00562,Keystone Retail,enterprise,retail,81278.23,training,2024-08-12,8,3,Monday,30,7,2,2,1.0,1,1,1,19,0.7845,1,critical
INV-00022,Echo Ventures,small,retail,10903.99,process_automation,2024-04-10,4,2,Wednesday,60,16,5,1,0.2,1,1,1,70,0.784,1,critical
INV-01778,Horizon LLC,small,technology,2387.12,analytics_consulting,2024-11-29,11,4,Friday,30,6,11,7,0.64,0,2,1,4,0.7836,1,critical
INV-01890,Keystone Retail,enterprise,retail,168237.54,reporting_setup,2023-12-18,12,4,Monday,60,12,6,2,0.33,0,4,1,17,0.7827,1,critical
INV-00389,Ironclad Inc,mid-market,healthcare,35512.39,analytics_consulting,2024-04-28,4,2,Sunday,45,10,5,3,0.6,0,1,1,65,0.7824,1,critical
INV-00012,Keystone Retail,enterprise,retail,101083.92,data_migration,2023-12-15,12,4,Friday,45,15,1,1,1.0,0,2,1,14,0.782,1,critical
INV-01379,Horizon LLC,small,technology,5848.08,training,2024-03-23,3,1,Saturday,45,16,17,6,0.35,0,5,1,19,0.7813,1,critical
INV-00745,Echo Ventures,small,retail,11282.41,reporting_setup,2023-12-30,12,4,Saturday,60,15,6,1,0.17,1,1,1,40,0.7813,1,critical
INV-00610,Lumen Analytics,mid-market,technology,67832.22,analytics_consulting,2024-01-07,1,1,Sunday,60,11,6,5,0.83,1,1,1,89,0.7795,1,critical
INV-00391,Cedar Solutions,small,technology,4454.06,process_automation,2024-05-10,5,2,Friday,15,16,8,1,0.12,1,2,1,27,0.7791,1,critical
INV-01982,Echo Ventures,small,retail,8219.74,process_automation,2024-06-29,6,2,Saturday,15,14,14,5,0.36,1,3,1,6,0.7783,1,critical
INV-01157,Birch Holdings,mid-market,finance,27645.78,training,2023-12-04,12,4,Monday,15,3,2,1,0.5,0,2,1,24,0.7773,1,critical
INV-00111,Granite Partners,enterprise,finance,86538.08,process_automation,2023-02-22,2,1,Wednesday,45,7,5,5,1.0,1,1,1,72,0.7771,1,critical
INV-01323,Horizon LLC,small,technology,4261.97,training,2024-09-09,9,3,Monday,60,4,2,1,0.5,0,2,1,73,0.777,1,critical
INV-00384,Horizon LLC,small,technology,10562.49,process_automation,2023-12-05,12,4,Tuesday,30,8,4,2,0.5,0,2,1,58,0.7766,1,critical
INV-01337,Falcon Industries,mid-market,manufacturing,58990.72,reporting_setup,2024-01-03,1,1,Wednesday,60,6,2,1,0.5,0,2,1,70,0.7765,1,critical
INV-00709,Horizon LLC,small,technology,14244.94,data_migration,2024-04-29,4,2,Monday,30,12,4,4,1.0,0,1,1,74,0.7747,1,critical
INV-01350,Falcon Industries,mid-market,manufacturing,72956.71,data_migration,2024-03-12,3,1,Tuesday,30,3,7,7,1.0,0,1,1,84,0.7743,1,critical
INV-00716,Ironclad Inc,mid-market,healthcare,58786.31,data_migration,2024-08-13,8,3,Tuesday,30,1,4,4,1.0,1,1,1,27,0.7737,1,critical
INV-00706,Birch Holdings,mid-market,finance,67753.1,data_migration,2023-04-05,4,2,Wednesday,60,16,7,7,1.0,1,5,1,72,0.7737,1,critical
INV-00980,Jade Consulting,small,professional_services,10758.09,data_migration,2024-05-10,5,2,Friday,45,1,5,3,0.6,0,2,1,4,0.7727,1,critical
INV-00683,Birch Holdings,mid-market,finance,72651.35,analytics_consulting,2023-06-20,6,2,Tuesday,60,16,1,1,1.0,0,2,1,51,0.7726,1,critical
INV-00423,Acme Corp,enterprise,manufacturing,126676.44,analytics_consulting,2024-11-21,11,4,Thursday,60,11,12,4,0.33,1,3,1,61,0.7725,1,critical
INV-01818,Granite Partners,enterprise,finance,124150.37,analytics_consulting,2023-03-07,3,1,Tuesday,30,1,5,5,1.0,0,1,1,15,0.7724,1,critical
INV-01447,Acme Corp,enterprise,manufacturing,119843.77,process_automation,2024-04-25,4,2,Thursday,60,9,6,4,0.67,0,2,1,22,0.772,1,critical
INV-00342,Delta Group,enterprise,healthcare,53065.38,reporting_setup,2024-01-02,1,1,Tuesday,45,16,7,7,1.0,1,1,1,12,0.7713,1,critical
INV-01589,Falcon Industries,mid-market,manufacturing,61307.86,process_automation,2024-10-30,10,4,Wednesday,30,7,11,8,0.73,0,3,1,63,0.7702,1,critical
INV-00159,Keystone Retail,enterprise,retail,100708.2,analytics_consulting,2024-08-24,8,3,Saturday,30,2,4,4,1.0,1,2,1,29,0.7694,1,critical
INV-01711,Birch Holdings,mid-market,finance,73531.27,data_migration,2024-02-28,2,1,Wednesday,30,7,10,8,0.8,1,1,1,43,0.7685,1,critical
INV-00568,Horizon LLC,small,technology,10546.93,analytics_consulting,2024-05-24,5,2,Friday,30,2,2,2,1.0,1,2,1,43,0.7684,1,critical
INV-01794,Horizon LLC,small,technology,4894.27,process_automation,2023-02-16,2,1,Thursday,45,3,6,5,0.83,0,3,1,35,0.768,1,critical
INV-00849,Jade Consulting,small,professional_services,10956.15,data_migration,2024-05-16,5,2,Thursday,45,10,18,4,0.22,0,1,1,50,0.7679,1,critical
INV-00367,Delta Group,enterprise,healthcare,160825.68,process_automation,2024-10-10,10,4,Thursday,30,7,10,7,0.7,1,1,1,23,0.767,1,critical
INV-01229,Jade Consulting,small,professional_services,11581.7,training,2024-02-14,2,1,Wednesday,60,12,9,6,0.67,1,2,1,46,0.767,1,critical
INV-01148,Jade Consulting,small,professional_services,7074.06,analytics_consulting,2023-04-25,4,2,Tuesday,45,11,5,1,0.2,0,2,1,43,0.7663,1,critical
INV-01113,Cedar Solutions,small,technology,2717.25,analytics_consulting,2023-08-30,8,3,Wednesday,60,8,5,5,1.0,0,3,1,21,0.766,1,critical
INV-01972,Echo Ventures,small,retail,10084.95,data_migration,2023-06-03,6,2,Saturday,30,1,3,2,0.67,1,2,1,53,0.7656,1,critical
INV-00337,Cedar Solutions,small,technology,11626.56,reporting_setup,2023-12-17,12,4,Sunday,45,6,13,0,0.0,1,2,1,3,0.765,1,critical
INV-01703,Granite Partners,enterprise,finance,55043.49,data_migration,2023-10-09,10,4,Monday,60,5,9,7,0.78,0,5,1,72,0.765,1,critical
INV-01902,Jade Consulting,small,professional_services,4623.47,data_migration,2023-07-28,7,3,Friday,45,1,8,3,0.38,1,2,1,9,0.7647,1,critical
INV-01554,Ironclad Inc,mid-market,healthcare,70703.78,analytics_consulting,2024-11-03,11,4,Sunday,15,15,9,6,0.67,0,5,1,81,0.7638,1,critical
INV-01117,Acme Corp,enterprise,manufacturing,185052.55,training,2024-09-17,9,3,Tuesday,60,8,5,3,0.6,1,2,1,12,0.7635,1,critical
INV-01032,Acme Corp,enterprise,manufacturing,96506.91,reporting_setup,2024-01-03,1,1,Wednesday,30,3,9,8,0.89,1,1,1,34,0.7632,1,critical
INV-00211,Lumen Analytics,mid-market,technology,20935.19,reporting_setup,2024-10-19,10,4,Saturday,60,12,6,1,0.17,0,4,1,70,0.7622,1,critical
INV-01203,Echo Ventures,small,retail,10170.95,process_automation,2023-03-06,3,1,Monday,60,5,4,1,0.25,0,1,1,38,0.7611,1,critical
INV-00914,Falcon Industries,mid-market,manufacturing,28904.7,analytics_consulting,2024-04-03,4,2,Wednesday,45,14,2,2,1.0,0,4,1,79,0.7609,1,critical
INV-01143,Cedar Solutions,small,technology,3865.35,process_automation,2024-04-13,4,2,Saturday,30,7,11,2,0.18,1,1,1,60,0.7603,1,critical
INV-01181,Ironclad Inc,mid-market,healthcare,36095.29,reporting_setup,2024-12-10,12,4,Tuesday,15,10,1,1,1.0,1,2,1,20,0.7598,1,critical
INV-01162,Horizon LLC,small,technology,14895.21,analytics_consulting,2024-10-20,10,4,Sunday,60,9,14,4,0.29,0,2,1,62,0.7596,1,critical
INV-01980,Acme Corp,enterprise,manufacturing,29118.04,reporting_setup,2023-09-28,9,3,Thursday,60,3,5,4,0.8,1,2,1,4,0.7596,1,critical
INV-01631,Birch Holdings,mid-market,finance,68554.11,process_automation,2023-08-29,8,3,Tuesday,60,4,3,3,1.0,0,5,1,76,0.7594,1,critical
INV-00836,Keystone Retail,enterprise,retail,176356.76,data_migration,2024-01-20,1,1,Saturday,60,13,9,7,0.78,1,1,1,16,0.7592,1,critical
INV-01131,Cedar Solutions,small,technology,1568.19,process_automation,2024-11-25,11,4,Monday,45,7,1,1,1.0,0,3,1,77,0.7591,1,critical
INV-01370,Echo Ventures,small,retail,1544.11,reporting_setup,2023-05-08,5,2,Monday,60,7,9,7,0.78,0,5,1,36,0.759,1,critical
INV-00990,Horizon LLC,small,technology,7823.11,process_automation,2024-12-11,12,4,Wednesday,45,14,15,6,0.4,0,4,1,72,0.758,1,critical
INV-00589,Horizon LLC,small,technology,13626.81,process_automation,2024-04-13,4,2,Saturday,30,10,6,6,1.0,1,4,1,37,0.7577,1,critical
INV-01349,Ironclad Inc,mid-market,healthcare,48067.97,data_migration,2024-10-31,10,4,Thursday,45,16,6,3,0.5,1,2,1,77,0.7573,1,critical
INV-00746,Jade Consulting,small,professional_services,5701.04,training,2024-03-22,3,1,Friday,45,5,5,3,0.6,1,3,1,2,0.7572,1,critical
INV-00728,Falcon Industries,mid-market,manufacturing,72334.52,analytics_consulting,2023-12-16,12,4,Saturday,60,11,1,0,0.0,0,1,1,1,0.7572,1,critical
INV-01393,Cedar Solutions,small,technology,12365.32,reporting_setup,2024-05-30,5,2,Thursday,30,7,3,2,0.67,0,1,1,53,0.7572,1,critical
INV-00257,Horizon LLC,small,technology,4231.3,data_migration,2024-04-12,4,2,Friday,60,5,21,4,0.19,1,3,1,47,0.7568,1,critical
INV-01876,Horizon LLC,small,technology,7211.19,training,2023-05-27,5,2,Saturday,60,10,3,3,1.0,0,4,1,72,0.7561,1,critical
INV-00199,Delta Group,enterprise,healthcare,73238.7,process_automation,2024-04-16,4,2,Tuesday,30,4,2,2,1.0,1,1,1,9,0.7558,1,critical
INV-00628,Horizon LLC,small,technology,10411.06,training,2023-04-23,4,2,Sunday,60,16,16,8,0.5,0,5,1,34,0.7546,1,critical
INV-00781,Falcon Industries,mid-market,manufacturing,39988.2,reporting_setup,2024-11-17,11,4,Sunday,60,3,18,3,0.17,0,4,1,36,0.7545,1,critical
INV-01096,Cedar Solutions,small,technology,12759.87,data_migration,2023-05-15,5,2,Monday,60,4,2,1,0.5,0,1,1,70,0.7542,1,critical
INV-00123,Horizon LLC,small,technology,10695.3,training,2024-04-20,4,2,Saturday,60,11,21,5,0.24,1,1,1,81,0.7537,1,critical
INV-00915,Jade Consulting,small,professional_services,2814.98,analytics_consulting,2023-03-18,3,1,Saturday,60,1,5,2,0.4,0,1,1,59,0.753,1,critical
INV-01605,Jade Consulting,small,professional_services,3526.73,process_automation,2024-11-11,11,4,Monday,30,10,13,2,0.15,1,5,1,47,0.7528,1,critical
INV-01815,Echo Ventures,small,retail,2898.75,analytics_consulting,2023-04-13,4,2,Thursday,30,1,19,7,0.37,1,2,1,62,0.7528,1,critical
INV-00701,Echo Ventures,small,retail,6764.91,data_migration,2023-03-28,3,1,Tuesday,45,5,17,8,0.47,1,1,1,40,0.7525,1,critical
INV-00268,Cedar Solutions,small,technology,9416.9,process_automation,2024-07-03,7,3,Wednesday,60,3,10,6,0.6,0,2,1,12,0.7521,1,critical
INV-01407,Ironclad Inc,mid-market,healthcare,13333.63,reporting_setup,2023-11-04,11,4,Saturday,60,10,9,1,0.11,0,5,1,29,0.7519,1,critical
INV-01626,Delta Group,enterprise,healthcare,144902.25,training,2024-04-19,4,2,Friday,60,14,13,8,0.62,1,1,1,49,0.7516,1,critical
INV-01849,Cedar Solutions,small,technology,10330.62,analytics_consulting,2024-09-11,9,3,Wednesday,15,6,5,4,0.8,1,1,1,53,0.7512,1,critical
INV-01481,Cedar Solutions,small,technology,8121.86,data_migration,2023-07-02,7,3,Sunday,60,7,5,1,0.2,0,1,1,80,0.7506,1,critical
INV-00837,Horizon LLC,small,technology,1810.86,training,2024-10-18,10,4,Friday,30,16,9,1,0.11,0,2,1,83,0.7504,1,critical
INV-00117,Jade Consulting,small,professional_services,5569.16,data_migration,2023-02-26,2,1,Sunday,30,7,5,2,0.4,1,1,1,56,0.7498,1,high
INV-01892,Cedar Solutions,small,technology,5979.1,training,2023-05-08,5,2,Monday,15,7,21,4,0.19,0,1,1,40,0.7497,1,high
INV-01172,Jade Consulting,small,professional_services,10785.31,data_migration,2024-04-26,4,2,Friday,60,16,8,4,0.5,0,5,1,13,0.7497,1,high
INV-01783,Acme Corp,enterprise,manufacturing,145958.23,process_automation,2023-10-22,10,4,Sunday,60,8,12,3,0.25,1,4,1,65,0.7487,1,high
INV-01900,Horizon LLC,small,technology,4609.33,process_automation,2023-11-11,11,4,Saturday,60,12,21,3,0.14,1,2,1,68,0.7485,1,high
INV-00118,Cedar Solutions,small,technology,8253.54,reporting_setup,2023-05-13,5,2,Saturday,30,12,3,3,1.0,0,1,1,59,0.7473,1,high
INV-00690,Horizon LLC,small,technology,9017.21,analytics_consulting,2023-11-07,11,4,Tuesday,30,1,12,4,0.33,1,2,1,65,0.7469,1,high
INV-01255,Granite Partners,enterprise,finance,69349.46,analytics_consulting,2023-10-12,10,4,Thursday,60,1,21,6,0.29,1,4,1,89,0.7469,1,high
INV-01992,Echo Ventures,small,retail,2864.52,data_migration,2023-10-17,10,4,Tuesday,15,16,7,1,0.14,0,4,1,86,0.7467,1,high
INV-00113,Echo Ventures,small,retail,3948.98,process_automation,2023-12-14,12,4,Thursday,15,5,19,6,0.32,1,1,1,68,0.7464,1,high
INV-00421,Jade Consulting,small,professional_services,14789.33,reporting_setup,2023-10-09,10,4,Monday,30,9,13,3,0.23,0,2,1,55,0.7463,1,high
INV-01063,Falcon Industries,mid-market,manufacturing,55302.96,data_migration,2024-11-07,11,4,Thursday,45,5,16,7,0.44,0,2,1,35,0.7456,1,high
INV-00146,Acme Corp,enterprise,manufacturing,198096.47,process_automation,2023-11-20,11,4,Monday,60,16,9,0,0.0,1,2,1,7,0.7448,1,high
INV-00616,Horizon LLC,small,technology,7435.49,training,2024-01-11,1,1,Thursday,30,4,6,6,1.0,1,4,1,66,0.744,1,high
INV-00376,Delta Group,enterprise,healthcare,155705.89,reporting_setup,2024-07-04,7,3,Thursday,15,5,1,1,1.0,1,1,1,7,0.7437,1,high
INV-01023,Falcon Industries,mid-market,manufacturing,44244.87,process_automation,2024-07-18,7,3,Thursday,30,9,11,8,0.73,0,1,1,53,0.7432,1,high
INV-01946,Granite Partners,enterprise,finance,33795.59,reporting_setup,2023-04-12,4,2,Wednesday,30,1,5,4,0.8,1,2,1,20,0.7432,1,high
INV-00812,Horizon LLC,small,technology,13222.89,training,2024-10-03,10,4,Thursday,15,6,3,2,0.67,1,1,1,44,0.7431,1,high
INV-01065,Echo Ventures,small,retail,11330.52,process_automation,2023-02-25,2,1,Saturday,60,11,21,0,0.0,1,4,1,22,0.7425,1,high
INV-01701,Falcon Industries,mid-market,manufacturing,41596.93,process_automation,2024-11-28,11,4,Thursday,45,2,11,6,0.55,0,2,1,74,0.7423,1,high
INV-01582,Birch Holdings,mid-market,finance,27055.37,analytics_consulting,2024-06-16,6,2,Sunday,60,6,7,7,1.0,1,5,1,61,0.7418,1,high
INV-00356,Keystone Retail,enterprise,retail,147866.81,training,2023-10-26,10,4,Thursday,45,2,6,3,0.5,1,4,1,79,0.7417,1,high
INV-01191,Cedar Solutions,small,technology,10883.45,analytics_consulting,2024-06-15,6,2,Saturday,30,2,2,2,1.0,0,3,1,54,0.7416,1,high
INV-01417,Ironclad Inc,mid-market,healthcare,37168.02,process_automation,2023-11-10,11,4,Friday,60,8,10,5,0.5,1,4,1,20,0.7408,1,high
INV-00928,Horizon LLC,small,technology,5047.84,data_migration,2023-11-21,11,4,Tuesday,60,1,15,2,0.13,0,5,1,28,0.7406,1,high
INV-00463,Echo Ventures,small,retail,4400.11,process_automation,2023-01-07,1,1,Saturday,30,11,1,1,1.0,0,5,1,74,0.7405,1,high
INV-00210,Jade Consulting,small,professional_services,4148.59,process_automation,2024-03-03,3,1,Sunday,30,8,13,3,0.23,0,3,1,63,0.7401,1,high
INV-01029,Ironclad Inc,mid-market,healthcare,37549.28,process_automation,2024-02-02,2,1,Friday,60,9,6,3,0.5,0,2,1,2,0.74,1,high
INV-00676,Keystone Retail,enterprise,retail,76709.29,analytics_consulting,2023-11-04,11,4,Saturday,60,2,18,1,0.06,0,5,1,55,0.7397,1,high
INV-01424,Lumen Analytics,mid-market,technology,31916.69,training,2023-12-18,12,4,Monday,45,4,16,8,0.5,1,2,1,85,0.7392,1,high
INV-01262,Falcon Industries,mid-market,manufacturing,66636.93,reporting_setup,2024-11-04,11,4,Monday,15,3,8,8,1.0,1,2,1,41,0.7392,1,high
INV-00276,Lumen Analytics,mid-market,technology,33937.79,analytics_consulting,2024-09-29,9,3,Sunday,60,16,7,3,0.43,1,4,1,70,0.7391,1,high
INV-00305,Echo Ventures,small,retail,2170.08,analytics_consulting,2023-11-01,11,4,Wednesday,15,16,5,0,0.0,1,4,1,85,0.739,1,high
INV-01305,Echo Ventures,small,retail,10927.45,process_automation,2024-07-22,7,3,Monday,45,5,11,3,0.27,0,5,1,32,0.7387,1,high
INV-01591,Jade Consulting,small,professional_services,3936.22,training,2024-05-25,5,2,Saturday,15,15,20,7,0.35,1,5,1,9,0.7382,1,high
INV-00468,Jade Consulting,small,professional_services,3568.17,process_automation,2023-06-03,6,2,Saturday,30,13,15,8,0.53,1,4,1,51,0.7379,1,high
INV-01378,Granite Partners,enterprise,finance,51317.47,reporting_setup,2024-12-30,12,4,Monday,60,13,20,6,0.3,1,3,1,87,0.7377,1,high
INV-01440,Ironclad Inc,mid-market,healthcare,40772.94,training,2023-04-30,4,2,Sunday,30,11,4,4,1.0,0,3,1,69,0.737,1,high
INV-01860,Ironclad Inc,mid-market,healthcare,57628.03,data_migration,2023-08-11,8,3,Friday,45,4,3,3,1.0,0,4,1,53,0.7369,1,high
INV-00576,Jade Consulting,small,professional_services,7139.92,training,2023-06-02,6,2,Friday,15,2,2,1,0.5,0,5,1,68,0.7357,1,high
INV-00087,Echo Ventures,small,retail,3465.19,process_automation,2024-01-03,1,1,Wednesday,60,14,19,2,0.11,1,1,1,49,0.7356,1,high
INV-01422,Lumen Analytics,mid-market,technology,10483.52,process_automation,2024-03-08,3,1,Friday,30,6,9,6,0.67,1,3,1,18,0.7356,1,high
INV-01523,Cedar Solutions,small,technology,8519.92,process_automation,2023-08-10,8,3,Thursday,30,8,11,5,0.45,0,5,1,72,0.7352,1,high
INV-01101,Cedar Solutions,small,technology,11850.75,training,2023-11-22,11,4,Wednesday,15,1,7,5,0.71,0,2,1,88,0.7337,1,high
INV-00925,Lumen Analytics,mid-market,technology,53526.89,reporting_setup,2024-04-07,4,2,Sunday,30,9,6,6,1.0,1,4,1,39,0.7334,1,high
INV-01163,Ironclad Inc,mid-market,healthcare,66371.96,process_automation,2023-10-18,10,4,Wednesday,45,8,11,4,0.36,0,5,1,57,0.7334,1,high
INV-01911,Cedar Solutions,small,technology,5238.63,process_automation,2024-10-28,10,4,Monday,60,10,20,7,0.35,0,4,1,48,0.7333,1,high
INV-01509,Jade Consulting,small,professional_services,2492.27,training,2024-09-08,9,3,Sunday,30,15,9,5,0.56,1,1,1,5,0.733,1,high
INV-01640,Granite Partners,enterprise,finance,92152.87,process_automation,2024-12-19,12,4,Thursday,60,8,24,4,0.17,0,4,1,58,0.7329,1,high
INV-01357,Echo Ventures,small,retail,5595.15,training,2024-08-22,8,3,Thursday,15,5,11,3,0.27,0,2,1,61,0.7328,1,high
INV-00584,Jade Consulting,small,professional_services,5826.26,analytics_consulting,2024-12-20,12,4,Friday,30,9,17,6,0.35,1,1,1,58,0.732,1,high
INV-01412,Cedar Solutions,small,technology,13603.85,reporting_setup,2024-07-07,7,3,Sunday,60,5,2,0,0.0,0,1,1,47,0.7316,1,high
INV-00097,Ironclad Inc,mid-market,healthcare,52097.4,training,2023-12-02,12,4,Saturday,30,15,23,4,0.17,0,1,1,5,0.7315,1,high
INV-01124,Horizon LLC,small,technology,4906.41,data_migration,2024-01-11,1,1,Thursday,45,11,22,4,0.18,0,1,1,23,0.7305,1,high
INV-01618,Echo Ventures,small,retail,8142.45,training,2024-01-05,1,1,Friday,45,7,13,2,0.15,1,2,1,73,0.7301,1,high
INV-00023,Acme Corp,enterprise,manufacturing,127231.08,data_migration,2023-11-18,11,4,Saturday,15,6,2,2,1.0,1,2,1,9,0.7292,1,high
INV-00033,Cedar Solutions,small,technology,11443.62,data_migration,2024-02-27,2,1,Tuesday,30,11,14,3,0.21,1,1,1,5,0.729,1,high
INV-01867,Lumen Analytics,mid-market,technology,51274.98,training,2023-03-27,3,1,Monday,45,13,6,3,0.5,0,2,1,40,0.729,1,high
INV-00188,Ironclad Inc,mid-market,healthcare,53501.63,data_migration,2023-12-02,12,4,Saturday,60,6,5,3,0.6,1,2,1,50,0.7287,1,high
INV-01001,Horizon LLC,small,technology,6329.59,data_migration,2023-10-11,10,4,Wednesday,30,7,12,8,0.67,1,1,1,20,0.7287,1,high
INV-01702,Cedar Solutions,small,technology,12711.81,process_automation,2023-05-10,5,2,Wednesday,60,1,24,0,0.0,1,4,1,44,0.7282,1,high
INV-01677,Falcon Industries,mid-market,manufacturing,49179.88,data_migration,2024-12-05,12,4,Thursday,60,7,15,8,0.53,1,3,1,77,0.728,1,high
INV-01777,Horizon LLC,small,technology,14022.22,data_migration,2024-07-03,7,3,Wednesday,15,12,11,8,0.73,0,1,1,20,0.7278,1,high
INV-01893,Horizon LLC,small,technology,10743.91,process_automation,2024-02-03,2,1,Saturday,45,11,12,3,0.25,0,3,1,30,0.7275,1,high
INV-01007,Falcon Industries,mid-market,manufacturing,18659.08,reporting_setup,2023-04-21,4,2,Friday,60,7,7,4,0.57,0,3,1,21,0.7273,1,high
INV-01340,Falcon Industries,mid-market,manufacturing,44002.87,training,2024-01-18,1,1,Thursday,60,13,8,5,0.62,0,1,1,83,0.727,1,high
INV-01287,Birch Holdings,mid-market,finance,11495.48,process_automation,2024-11-13,11,4,Wednesday,15,5,4,1,0.25,1,3,1,74,0.7264,1,high
INV-01316,Falcon Industries,mid-market,manufacturing,32332.25,data_migration,2023-12-13,12,4,Wednesday,60,3,16,6,0.38,0,5,1,51,0.7263,1,high
INV-01036,Delta Group,enterprise,healthcare,170099.12,process_automation,2023-07-28,7,3,Friday,45,14,3,3,1.0,0,2,1,78,0.7262,1,high
INV-01088,Delta Group,enterprise,healthcare,50083.33,training,2023-04-04,4,2,Tuesday,30,16,1,1,1.0,1,1,1,57,0.726,1,high
INV-00314,Jade Consulting,small,professional_services,13351.56,process_automation,2023-04-14,4,2,Friday,45,9,13,7,0.54,0,4,1,36,0.7259,1,high
INV-00353,Horizon LLC,small,technology,5766.83,reporting_setup,2023-04-01,4,2,Saturday,60,16,24,0,0.0,1,4,1,71,0.7257,1,high
INV-01590,Lumen Analytics,mid-market,technology,24226.29,reporting_setup,2024-10-22,10,4,Tuesday,60,13,10,3,0.3,0,5,1,33,0.7252,1,high
INV-01289,Falcon Industries,mid-market,manufacturing,13650.82,data_migration,2024-11-11,11,4,Monday,15,5,7,1,0.14,1,1,1,88,0.725,1,high
INV-01764,Lumen Analytics,mid-market,technology,60593.53,process_automation,2023-10-01,10,4,Sunday,60,13,23,4,0.17,0,4,1,35,0.725,1,high
INV-00657,Horizon LLC,small,technology,4530.53,reporting_setup,2024-11-20,11,4,Wednesday,15,7,7,4,0.57,1,4,1,56,0.7249,1,high
INV-00789,Falcon Industries,mid-market,manufacturing,36721.29,data_migration,2023-02-14,2,1,Tuesday,30,16,4,4,1.0,0,5,1,13,0.7247,1,high
INV-00569,Jade Consulting,small,professional_services,11495.63,data_migration,2024-04-09,4,2,Tuesday,15,6,6,6,1.0,1,5,1,31,0.7246,1,high
INV-01685,Ironclad Inc,mid-market,healthcare,56466.29,training,2024-10-08,10,4,Tuesday,60,4,1,0,0.0,0,2,1,12,0.7237,1,high
INV-00090,Horizon LLC,small,technology,13020.03,analytics_consulting,2023-11-06,11,4,Monday,60,4,8,6,0.75,0,5,1,90,0.7234,1,high
INV-00791,Jade Consulting,small,professional_services,8296.17,reporting_setup,2024-04-04,4,2,Thursday,30,1,8,0,0.0,0,1,1,55,0.723,1,high
INV-00186,Echo Ventures,small,retail,13505.01,training,2024-04-10,4,2,Wednesday,60,5,17,7,0.41,1,1,1,59,0.7224,1,high
INV-01510,Lumen Analytics,mid-market,technology,71143.4,analytics_consulting,2023-10-29,10,4,Sunday,60,2,12,0,0.0,0,3,1,51,0.7223,1,high
INV-01057,Echo Ventures,small,retail,11041.93,training,2024-04-09,4,2,Tuesday,15,11,2,1,0.5,1,5,1,72,0.7222,1,high
INV-01912,Horizon LLC,small,technology,11682.16,training,2023-12-03,12,4,Sunday,45,5,17,1,0.06,0,1,1,10,0.7219,1,high
INV-00073,Jade Consulting,small,professional_services,9279.33,data_migration,2024-08-24,8,3,Saturday,45,6,16,8,0.5,0,3,1,75,0.7218,1,high
INV-01740,Cedar Solutions,small,technology,8550.43,process_automation,2023-03-11,3,1,Saturday,15,16,24,0,0.0,0,5,1,14,0.7199,1,high
INV-01075,Horizon LLC,small,technology,10178.05,reporting_setup,2024-01-14,1,1,Sunday,15,11,5,5,1.0,0,1,1,27,0.7198,1,high
INV-00074,Granite Partners,enterprise,finance,107251.82,reporting_setup,2024-10-12,10,4,Saturday,15,14,11,5,0.45,1,2,1,89,0.7195,1,high
INV-00287,Granite Partners,enterprise,finance,86940.07,reporting_setup,2024-11-30,11,4,Saturday,30,6,9,4,0.44,1,2,1,80,0.7193,1,high
INV-01177,Cedar Solutions,small,technology,6850.16,reporting_setup,2023-05-03,5,2,Wednesday,60,16,2,2,1.0,1,5,1,73,0.7192,1,high
INV-00621,Granite Partners,enterprise,finance,154750.63,training,2024-12-12,12,4,Thursday,15,6,3,2,0.67,0,3,1,52,0.719,1,high
INV-00081,Jade Consulting,small,professional_services,7528.39,reporting_setup,2024-08-16,8,3,Friday,30,16,12,5,0.42,0,5,1,42,0.7187,1,high
INV-00398,Echo Ventures,small,retail,9591.33,training,2023-07-04,7,3,Tuesday,60,1,24,4,0.17,0,2,1,61,0.7187,1,high
INV-01792,Falcon Industries,mid-market,manufacturing,60191.06,training,2023-08-23,8,3,Wednesday,45,11,5,0,0.0,0,1,1,50,0.7185,1,high
INV-00866,Delta Group,enterprise,healthcare,195876.74,process_automation,2023-02-23,2,1,Thursday,60,1,14,7,0.5,1,4,1,55,0.7184,1,high
INV-01663,Horizon LLC,small,technology,5693.32,reporting_setup,2024-03-14,3,1,Thursday,60,5,11,1,0.09,1,1,1,36,0.7174,1,high
INV-00451,Horizon LLC,small,technology,4061.97,process_automation,2024-07-26,7,3,Friday,60,6,18,5,0.28,1,4,1,77,0.7166,1,high
INV-00730,Horizon LLC,small,technology,14622.53,data_migration,2024-11-19,11,4,Tuesday,45,13,20,5,0.25,1,1,1,48,0.7165,1,high
INV-00263,Falcon Industries,mid-market,manufacturing,26106.11,process_automation,2024-03-15,3,1,Friday,30,3,8,8,1.0,0,5,1,89,0.7151,1,high
INV-01587,Keystone Retail,enterprise,retail,82018.96,analytics_consulting,2024-08-19,8,3,Monday,15,6,5,4,0.8,0,5,1,53,0.715,1,high
INV-00585,Horizon LLC,small,technology,7847.21,training,2024-05-28,5,2,Tuesday,15,10,15,5,0.33,0,1,1,59,0.7148,1,high
INV-00360,Falcon Industries,mid-market,manufacturing,73667.55,reporting_setup,2024-05-31,5,2,Friday,60,8,9,6,0.67,0,3,1,18,0.7146,1,high
INV-01592,Cedar Solutions,small,technology,10500.73,process_automation,2023-02-26,2,1,Sunday,30,15,17,7,0.41,0,2,1,42,0.7146,1,high
INV-00732,Lumen Analytics,mid-market,technology,72874.27,analytics_consulting,2023-08-15,8,3,Tuesday,60,2,9,7,0.78,0,5,1,26,0.7146,1,high
INV-00228,Echo Ventures,small,retail,4897.95,data_migration,2024-05-10,5,2,Friday,45,8,24,7,0.29,0,2,1,18,0.7144,1,high
INV-01381,Delta Group,enterprise,healthcare,193114.64,training,2024-01-24,1,1,Wednesday,60,8,21,1,0.05,1,1,1,45,0.7138,1,high
INV-00406,Jade Consulting,small,professional_services,7078.58,reporting_setup,2023-10-10,10,4,Tuesday,30,16,6,2,0.33,0,4,1,40,0.7136,1,high
INV-00064,Echo Ventures,small,retail,5580.61,process_automation,2023-08-21,8,3,Monday,30,5,9,0,0.0,0,5,1,17,0.7136,1,high
INV-00363,Jade Consulting,small,professional_services,13345.94,reporting_setup,2024-11-14,11,4,Thursday,45,14,1,0,0.0,1,2,1,8,0.7129,1,high
INV-01231,Ironclad Inc,mid-market,healthcare,56806.91,data_migration,2023-11-18,11,4,Saturday,30,8,15,4,0.27,0,1,1,57,0.7127,1,high
INV-00013,Keystone Retail,enterprise,retail,51746.87,training,2023-11-02,11,4,Thursday,30,6,18,8,0.44,0,5,1,3,0.7126,1,high
INV-00517,Cedar Solutions,small,technology,8797.79,process_automation,2023-03-14,3,1,Tuesday,45,2,5,0,0.0,0,1,1,7,0.7117,1,high
INV-01969,Falcon Industries,mid-market,manufacturing,71282.18,training,2023-11-04,11,4,Saturday,15,14,16,4,0.25,1,1,1,77,0.7114,1,high
INV-00370,Echo Ventures,small,retail,2483.89,training,2024-05-17,5,2,Friday,45,11,17,3,0.18,0,5,1,65,0.7111,1,high
INV-00476,Horizon LLC,small,technology,6746.71,data_migration,2024-11-01,11,4,Friday,15,9,22,5,0.23,0,1,1,84,0.7111,1,high
INV-00293,Acme Corp,enterprise,manufacturing,123544.06,process_automation,2024-12-21,12,4,Saturday,30,7,16,8,0.5,1,4,1,8,0.711,1,high
INV-01798,Delta Group,enterprise,healthcare,183538.96,analytics_consulting,2024-08-08,8,3,Thursday,60,13,15,8,0.53,1,4,1,73,0.7107,1,high
INV-01861,Jade Consulting,small,professional_services,9267.46,training,2024-09-16,9,3,Monday,45,4,21,2,0.1,0,2,1,71,0.7101,1,high
INV-00238,Horizon LLC,small,technology,6202.05,training,2023-07-31,7,3,Monday,60,4,15,7,0.47,1,3,1,15,0.7097,1,high
INV-01343,Birch Holdings,mid-market,finance,71815.82,process_automation,2023-03-10,3,1,Friday,60,14,12,6,0.5,1,5,1,50,0.7085,1,high
INV-00227,Cedar Solutions,small,technology,3374.34,reporting_setup,2024-12-02,12,4,Monday,30,10,9,7,0.78,1,2,1,54,0.7076,1,high
INV-00995,Lumen Analytics,mid-market,technology,17456.08,reporting_setup,2023-01-07,1,1,Saturday,30,1,5,4,0.8,0,5,1,27,0.7073,1,high
INV-00137,Birch Holdings,mid-market,finance,70480.68,reporting_setup,2023-08-16,8,3,Wednesday,45,14,2,1,0.5,0,2,1,11,0.7071,1,high
INV-00050,Horizon LLC,small,technology,13743.54,training,2023-05-11,5,2,Thursday,15,1,3,3,1.0,1,4,1,34,0.7068,1,high
INV-00101,Horizon LLC,small,technology,2182.81,analytics_consulting,2023-04-04,4,2,Tuesday,15,11,8,2,0.25,0,2,1,71,0.7062,1,high
INV-00800,Echo Ventures,small,retail,8963.5,training,2024-09-01,9,3,Sunday,30,6,9,6,0.67,0,4,1,72,0.7059,1,high
INV-01116,Ironclad Inc,mid-market,healthcare,53541.98,process_automation,2023-03-15,3,1,Wednesday,60,1,8,2,0.25,0,3,1,65,0.7054,1,high
INV-01683,Jade Consulting,small,professional_services,11107.82,analytics_consulting,2023-08-04,8,3,Friday,15,7,6,1,0.17,1,1,1,30,0.7044,1,high
INV-00331,Jade Consulting,small,professional_services,8256.44,reporting_setup,2023-03-14,3,1,Tuesday,30,13,17,4,0.24,0,2,1,26,0.7042,1,high
INV-00634,Falcon Industries,mid-market,manufacturing,51303.87,analytics_consulting,2024-03-22,3,1,Friday,60,3,18,3,0.17,1,1,1,74,0.7041,1,high
INV-00373,Delta Group,enterprise,healthcare,185288.18,process_automation,2023-02-10,2,1,Friday,60,4,13,4,0.31,1,3,1,67,0.7039,1,high
INV-00801,Jade Consulting,small,professional_services,3344.86,data_migration,2024-05-07,5,2,Tuesday,45,16,7,2,0.29,0,1,1,65,0.7037,1,high
INV-00968,Jade Consulting,small,professional_services,7722.88,data_migration,2024-10-25,10,4,Friday,30,4,24,1,0.04,1,4,1,4,0.7033,1,high
INV-00817,Echo Ventures,small,retail,7600.89,analytics_consulting,2024-12-17,12,4,Tuesday,45,16,17,6,0.35,0,1,0,0,0.7027,1,high
INV-00301,Acme Corp,enterprise,manufacturing,194592.82,reporting_setup,2024-01-31,1,1,Wednesday,60,14,16,6,0.38,1,4,1,62,0.7026,1,high
INV-01448,Cedar Solutions,small,technology,10016.32,training,2024-10-26,10,4,Saturday,15,1,16,3,0.19,0,2,1,88,0.7013,1,high
INV-00594,Echo Ventures,small,retail,6072.24,analytics_consulting,2024-08-10,8,3,Saturday,60,4,24,7,0.29,0,2,1,15,0.7006,1,high
INV-01688,Lumen Analytics,mid-market,technology,69539.95,reporting_setup,2023-01-18,1,1,Wednesday,60,1,12,4,0.33,0,5,1,10,0.7003,1,high
INV-01415,Birch Holdings,mid-market,finance,14221.26,process_automation,2024-09-19,9,3,Thursday,30,9,6,5,0.83,0,5,1,78,0.6998,1,high
INV-00956,Falcon Industries,mid-market,manufacturing,62177.14,analytics_consulting,2023-07-22,7,3,Saturday,15,16,2,1,0.5,0,1,1,77,0.6992,1,high
INV-01486,Echo Ventures,small,retail,3532.79,training,2024-05-17,5,2,Friday,15,10,17,0,0.0,1,4,1,56,0.6991,1,high
INV-01532,Ironclad Inc,mid-market,healthcare,51734.76,training,2023-07-20,7,3,Thursday,60,5,2,2,1.0,1,3,1,64,0.6989,1,high
INV-00556,Birch Holdings,mid-market,finance,15516.06,process_automation,2024-10-07,10,4,Monday,60,15,24,3,0.12,1,2,1,76,0.6986,1,high
INV-00006,Echo Ventures,small,retail,6631.7,analytics_consulting,2023-03-23,3,1,Thursday,15,15,21,5,0.24,1,3,1,35,0.6983,1,high
INV-00543,Lumen Analytics,mid-market,technology,19434.74,reporting_setup,2024-02-04,2,1,Sunday,45,14,1,1,1.0,0,4,1,41,0.6983,1,high
INV-01744,Cedar Solutions,small,technology,14479.51,process_automation,2024-06-05,6,2,Wednesday,45,10,2,2,1.0,1,5,1,62,0.6963,1,high
INV-00443,Horizon LLC,small,technology,5958.36,reporting_setup,2024-01-16,1,1,Tuesday,15,5,2,1,0.5,0,1,1,24,0.6959,1,high
INV-00629,Horizon LLC,small,technology,11847.36,reporting_setup,2024-08-28,8,3,Wednesday,45,10,11,0,0.0,1,1,1,47,0.6958,1,high
INV-00900,Acme Corp,enterprise,manufacturing,192582.76,training,2024-01-07,1,1,Sunday,60,4,2,1,0.5,1,2,1,19,0.6957,1,high
INV-01004,Falcon Industries,mid-market,manufacturing,47992.06,training,2024-08-25,8,3,Sunday,45,13,3,0,0.0,1,2,1,86,0.6955,1,high
INV-01990,Echo Ventures,small,retail,13362.52,process_automation,2023-02-24,2,1,Friday,60,13,18,2,0.11,0,2,1,82,0.6949,1,high
INV-00513,Cedar Solutions,small,technology,4270.03,training,2023-04-11,4,2,Tuesday,30,2,15,6,0.4,0,5,1,40,0.6949,1,high
INV-01076,Horizon LLC,small,technology,3407.96,analytics_consulting,2024-08-30,8,3,Friday,15,16,17,3,0.18,1,4,1,40,0.694,1,high
INV-01361,Cedar Solutions,small,technology,10221.55,training,2024-05-05,5,2,Sunday,60,6,8,8,1.0,1,1,1,4,0.6938,1,high
INV-01080,Acme Corp,enterprise,manufacturing,134578.86,reporting_setup,2024-03-10,3,1,Sunday,30,16,5,5,1.0,0,4,1,38,0.6936,1,high
INV-00762,Granite Partners,enterprise,finance,72778.41,reporting_setup,2024-01-12,1,1,Friday,45,1,6,3,0.5,1,1,1,11,0.6935,1,high
INV-01607,Acme Corp,enterprise,manufacturing,45763.81,analytics_consulting,2023-04-10,4,2,Monday,60,9,7,6,0.86,0,5,1,47,0.6935,1,high
INV-00777,Lumen Analytics,mid-market,technology,69204.15,reporting_setup,2024-03-18,3,1,Monday,60,6,23,1,0.04,1,1,1,21,0.6932,1,high
INV-01524,Acme Corp,enterprise,manufacturing,193003.59,data_migration,2023-10-19,10,4,Thursday,45,4,5,5,1.0,1,4,1,71,0.6923,1,high
INV-00627,Horizon LLC,small,technology,3887.73,data_migration,2024-04-15,4,2,Monday,15,10,23,2,0.09,0,2,1,50,0.6922,1,high
INV-01712,Acme Corp,enterprise,manufacturing,63811.33,process_automation,2023-06-07,6,2,Wednesday,60,6,3,3,1.0,0,2,0,0,0.6913,1,high
INV-01512,Acme Corp,enterprise,manufacturing,93353.2,analytics_consulting,2024-06-16,6,2,Sunday,45,3,1,1,1.0,1,4,1,28,0.6913,1,high
INV-00986,Acme Corp,enterprise,manufacturing,178776.37,analytics_consulting,2023-09-15,9,3,Friday,45,5,3,2,0.67,1,2,1,11,0.6912,1,high
INV-01082,Jade Consulting,small,professional_services,7873.49,training,2024-01-16,1,1,Tuesday,45,7,11,2,0.18,1,4,1,54,0.6908,1,high
INV-01546,Horizon LLC,small,technology,13111.36,reporting_setup,2023-08-30,8,3,Wednesday,30,1,12,0,0.0,1,2,1,22,0.6908,1,high
INV-01030,Echo Ventures,small,retail,14983.88,process_automation,2024-11-29,11,4,Friday,15,10,11,6,0.55,1,3,1,85,0.6905,1,high
INV-01548,Horizon LLC,small,technology,9187.33,process_automation,2023-04-18,4,2,Tuesday,60,3,17,2,0.12,1,5,1,73,0.6901,1,high
INV-00478,Horizon LLC,small,technology,4839.79,data_migration,2024-07-28,7,3,Sunday,15,10,11,7,0.64,1,2,1,88,0.6897,1,high
INV-00510,Cedar Solutions,small,technology,4029.62,training,2024-08-07,8,3,Wednesday,60,4,10,5,0.5,0,3,1,64,0.6891,1,high
INV-00844,Jade Consulting,small,professional_services,5244.84,analytics_consulting,2024-07-19,7,3,Friday,45,14,3,2,0.67,1,2,1,11,0.6891,1,high
INV-01862,Acme Corp,enterprise,manufacturing,98893.46,analytics_consulting,2023-02-28,2,1,Tuesday,60,1,24,2,0.08,1,1,1,26,0.6884,1,high
INV-00295,Falcon Industries,mid-market,manufacturing,48129.6,data_migration,2023-03-02,3,1,Thursday,30,5,4,4,1.0,0,1,1,85,0.6879,1,high
INV-01454,Echo Ventures,small,retail,10300.02,training,2023-04-26,4,2,Wednesday,15,4,23,0,0.0,0,3,1,19,0.6869,1,high
INV-00827,Horizon LLC,small,technology,12802.42,analytics_consulting,2023-11-20,11,4,Monday,45,16,22,7,0.32,1,3,1,86,0.6865,1,high
INV-00054,Lumen Analytics,mid-market,technology,17026.42,analytics_consulting,2023-04-28,4,2,Friday,45,1,10,6,0.6,1,2,1,89,0.6864,1,high
INV-01377,Delta Group,enterprise,healthcare,66784.88,data_migration,2023-10-14,10,4,Saturday,15,10,14,6,0.43,1,2,1,11,0.6861,1,high
INV-01167,Cedar Solutions,small,technology,5896.7,training,2023-06-11,6,2,Sunday,30,16,21,6,0.29,0,3,1,34,0.6853,1,high
INV-01257,Echo Ventures,small,retail,8739.51,reporting_setup,2024-11-28,11,4,Thursday,45,10,19,4,0.21,1,1,1,26,0.6848,1,high
INV-00984,Horizon LLC,small,technology,10692.46,analytics_consulting,2024-12-02,12,4,Monday,60,10,20,8,0.4,0,3,1,9,0.6843,1,high
INV-01228,Delta Group,enterprise,healthcare,171637.88,training,2023-01-22,1,1,Sunday,60,14,18,8,0.44,0,2,1,67,0.684,1,high
INV-00644,Ironclad Inc,mid-market,healthcare,42269.32,training,2024-11-11,11,4,Monday,45,3,8,1,0.12,0,3,1,75,0.6822,1,high
INV-01093,Ironclad Inc,mid-market,healthcare,31349.35,data_migration,2023-07-19,7,3,Wednesday,45,12,9,8,0.89,0,5,1,83,0.6819,1,high
INV-01748,Echo Ventures,small,retail,13007.07,analytics_consulting,2024-12-13,12,4,Friday,30,5,23,7,0.3,0,2,1,14,0.6816,1,high
INV-01380,Lumen Analytics,mid-market,technology,20944.81,training,2023-03-21,3,1,Tuesday,60,13,7,3,0.43,1,4,1,38,0.6814,1,high
INV-01802,Falcon Industries,mid-market,manufacturing,71997.84,analytics_consulting,2023-11-13,11,4,Monday,15,11,6,1,0.17,1,1,1,76,0.6814,1,high
INV-00436,Keystone Retail,enterprise,retail,109289.04,process_automation,2024-06-30,6,2,Sunday,45,8,3,3,1.0,1,4,1,39,0.681,1,high
INV-00166,Jade Consulting,small,professional_services,8226.58,analytics_consulting,2023-11-17,11,4,Friday,30,15,16,4,0.25,0,1,0,0,0.6807,1,high
INV-01801,Horizon LLC,small,technology,6257.63,training,2024-10-26,10,4,Saturday,60,7,21,4,0.19,1,5,1,49,0.6806,1,high
INV-01204,Cedar Solutions,small,technology,7388.22,process_automation,2023-12-22,12,4,Friday,60,3,17,2,0.12,1,5,1,88,0.6802,1,high
INV-01576,Cedar Solutions,small,technology,13224.55,data_migration,2024-10-20,10,4,Sunday,45,3,7,0,0.0,1,4,1,27,0.6797,1,high
INV-00448,Jade Consulting,small,professional_services,6513.88,reporting_setup,2024-12-08,12,4,Sunday,30,3,8,2,0.25,0,5,1,81,0.6795,1,high
INV-00675,Falcon Industries,mid-market,manufacturing,70493.39,analytics_consulting,2024-04-19,4,2,Friday,30,3,10,7,0.7,0,4,1,17,0.6793,1,high
INV-00240,Horizon LLC,small,technology,4016.22,reporting_setup,2023-08-26,8,3,Saturday,30,14,13,0,0.0,0,2,1,55,0.6792,1,high
INV-00633,Falcon Industries,mid-market,manufacturing,16503.68,data_migration,2024-08-09,8,3,Friday,60,7,11,7,0.64,0,3,1,39,0.6791,1,high
INV-01543,Echo Ventures,small,retail,9229.02,reporting_setup,2024-06-15,6,2,Saturday,30,11,24,7,0.29,0,5,1,55,0.6786,1,high
INV-00156,Echo Ventures,small,retail,8368.2,analytics_consulting,2023-06-11,6,2,Sunday,45,4,7,2,0.29,1,4,1,71,0.6786,1,high
INV-01944,Jade Consulting,small,professional_services,3895.66,analytics_consulting,2024-02-21,2,1,Wednesday,30,3,16,4,0.25,0,2,1,34,0.6778,1,high
INV-00967,Delta Group,enterprise,healthcare,176875.29,reporting_setup,2024-01-08,1,1,Monday,60,7,13,3,0.23,1,4,1,40,0.6774,1,high
INV-00297,Cedar Solutions,small,technology,4513.7,training,2024-12-25,12,4,Wednesday,45,6,13,4,0.31,0,3,1,1,0.6767,1,high
INV-00161,Cedar Solutions,small,technology,3811.21,training,2024-08-29,8,3,Thursday,30,11,19,0,0.0,0,1,1,83,0.676,1,high
INV-01460,Acme Corp,enterprise,manufacturing,63302.76,reporting_setup,2023-08-29,8,3,Tuesday,60,5,4,2,0.5,1,5,1,13,0.6759,1,high
INV-01051,Granite Partners,enterprise,finance,80751.2,process_automation,2023-10-20,10,4,Friday,60,6,5,0,0.0,1,2,1,36,0.6757,1,high
INV-00473,Cedar Solutions,small,technology,4781.15,data_migration,2023-03-29,3,1,Wednesday,15,5,10,0,0.0,1,1,1,61,0.6753,1,high
INV-01399,Ironclad Inc,mid-market,healthcare,11569.09,training,2023-08-12,8,3,Saturday,45,13,11,7,0.64,1,3,1,7,0.6752,1,high
INV-00852,Cedar Solutions,small,technology,8280.09,process_automation,2024-03-25,3,1,Monday,60,9,14,8,0.57,0,2,1,12,0.6747,1,high
INV-01487,Horizon LLC,small,technology,1537.74,data_migration,2023-01-27,1,1,Friday,15,9,8,6,0.75,1,3,1,67,0.6747,1,high
INV-01025,Falcon Industries,mid-market,manufacturing,55392.23,data_migration,2023-05-26,5,2,Friday,30,15,4,0,0.0,0,1,1,76,0.6736,1,high
INV-01556,Cedar Solutions,small,technology,8167.75,training,2023-11-24,11,4,Friday,30,2,21,8,0.38,1,5,1,83,0.6736,1,high
INV-01758,Horizon LLC,small,technology,6702.09,analytics_consulting,2023-07-14,7,3,Friday,30,14,4,0,0.0,1,2,1,53,0.6732,1,high
INV-00542,Acme Corp,enterprise,manufacturing,34191.56,process_automation,2024-10-19,10,4,Saturday,15,15,13,7,0.54,1,5,1,88,0.673,1,high
INV-01997,Keystone Retail,enterprise,retail,197804.5,reporting_setup,2024-06-01,6,2,Saturday,15,7,6,0,0.0,0,2,1,58,0.6729,1,high
INV-00820,Lumen Analytics,mid-market,technology,18310.99,training,2023-05-27,5,2,Saturday,15,3,10,8,0.8,0,4,1,58,0.6723,1,high
INV-01369,Horizon LLC,small,technology,8038.63,analytics_consulting,2024-01-19,1,1,Friday,60,9,19,7,0.37,0,2,1,10,0.672,1,high
INV-00312,Echo Ventures,small,retail,6739.34,data_migration,2023-11-24,11,4,Friday,15,13,18,5,0.28,0,5,1,2,0.6717,1,high
INV-01471,Horizon LLC,small,technology,11475.16,analytics_consulting,2024-07-23,7,3,Tuesday,15,1,22,4,0.18,1,2,1,6,0.6715,1,high
INV-00122,Falcon Industries,mid-market,manufacturing,16682.29,analytics_consulting,2023-12-26,12,4,Tuesday,30,9,7,2,0.29,0,1,1,81,0.6714,1,high
INV-00485,Jade Consulting,small,professional_services,9550.87,training,2023-10-01,10,4,Sunday,30,8,22,0,0.0,1,4,1,78,0.6709,1,high
INV-01401,Jade Consulting,small,professional_services,14094.79,data_migration,2024-06-02,6,2,Sunday,30,13,11,7,0.64,0,3,1,26,0.6706,1,high
INV-01307,Horizon LLC,small,technology,7568.05,process_automation,2024-09-09,9,3,Monday,15,7,9,2,0.22,1,1,0,0,0.6697,1,high
INV-01983,Echo Ventures,small,retail,14709.34,analytics_consulting,2024-11-01,11,4,Friday,30,14,8,4,0.5,1,1,1,12,0.6695,1,high
INV-01988,Echo Ventures,small,retail,10442.28,reporting_setup,2024-04-29,4,2,Monday,15,2,21,3,0.14,1,1,1,14,0.6694,1,high
INV-00394,Delta Group,enterprise,healthcare,168016.43,reporting_setup,2024-06-12,6,2,Wednesday,45,12,16,7,0.44,0,1,1,18,0.6682,1,high
INV-01037,Falcon Industries,mid-market,manufacturing,40594.53,reporting_setup,2023-12-10,12,4,Sunday,45,10,20,0,0.0,1,1,1,20,0.6681,1,high
INV-00407,Jade Consulting,small,professional_services,13042.49,reporting_setup,2023-12-19,12,4,Tuesday,30,4,24,3,0.12,0,2,1,66,0.6679,1,high
INV-00147,Keystone Retail,enterprise,retail,164884.92,process_automation,2023-12-06,12,4,Wednesday,15,14,13,7,0.54,0,4,1,24,0.6678,1,high
INV-01398,Horizon LLC,small,technology,4111.97,process_automation,2023-03-11,3,1,Saturday,45,6,1,0,0.0,1,5,1,4,0.6678,1,high
INV-01193,Acme Corp,enterprise,manufacturing,95639.5,analytics_consulting,2024-05-24,5,2,Friday,45,12,9,5,0.56,1,1,1,61,0.6674,1,high
INV-01812,Echo Ventures,small,retail,9186.7,data_migration,2024-09-18,9,3,Wednesday,60,8,20,3,0.15,0,3,1,58,0.6674,1,high
INV-01244,Jade Consulting,small,professional_services,14160.55,training,2023-06-08,6,2,Thursday,45,13,15,1,0.07,0,1,1,47,0.6674,1,high
INV-01616,Ironclad Inc,mid-market,healthcare,16981.14,process_automation,2023-04-10,4,2,Monday,60,1,24,1,0.04,0,1,1,26,0.6673,1,high
INV-00252,Ironclad Inc,mid-market,healthcare,72580.18,data_migration,2024-11-26,11,4,Tuesday,30,14,2,1,0.5,0,2,0,0,0.6663,1,high
INV-00620,Falcon Industries,mid-market,manufacturing,53686.21,data_migration,2023-07-03,7,3,Monday,60,13,15,8,0.53,0,1,1,51,0.6656,1,high
INV-01052,Jade Consulting,small,professional_services,6189.17,process_automation,2024-09-22,9,3,Sunday,15,6,4,2,0.5,1,4,1,22,0.6653,1,high
INV-01344,Falcon Industries,mid-market,manufacturing,50251.76,process_automation,2023-08-02,8,3,Wednesday,60,16,21,0,0.0,0,1,1,45,0.665,1,high
INV-01664,Lumen Analytics,mid-market,technology,69196.73,data_migration,2023-04-13,4,2,Thursday,45,9,18,8,0.44,0,1,1,69,0.6649,1,high
INV-00988,Echo Ventures,small,retail,9112.75,process_automation,2024-09-03,9,3,Tuesday,30,11,19,2,0.11,0,2,1,54,0.6647,1,high
INV-00717,Delta Group,enterprise,healthcare,39813.39,training,2024-12-23,12,4,Monday,60,11,13,0,0.0,1,1,1,24,0.6647,1,high
INV-01673,Falcon Industries,mid-market,manufacturing,62077.75,training,2023-01-13,1,1,Friday,15,3,20,6,0.3,0,1,1,82,0.6644,1,high
INV-00461,Falcon Industries,mid-market,manufacturing,63700.07,reporting_setup,2024-01-16,1,1,Tuesday,60,11,20,3,0.15,0,2,1,71,0.6642,1,high
INV-00848,Delta Group,enterprise,healthcare,91002.3,data_migration,2023-10-08,10,4,Sunday,15,8,13,1,0.08,1,1,1,40,0.6627,1,high
INV-01788,Cedar Solutions,small,technology,10069.0,analytics_consulting,2023-05-26,5,2,Friday,15,10,9,2,0.22,1,5,1,86,0.6626,1,high
INV-01535,Acme Corp,enterprise,manufacturing,159594.8,training,2023-06-14,6,2,Wednesday,15,9,1,1,1.0,0,5,1,25,0.6617,1,high
INV-00133,Jade Consulting,small,professional_services,7046.59,reporting_setup,2023-06-19,6,2,Monday,15,8,15,4,0.27,0,4,1,31,0.6608,1,high
INV-00601,Echo Ventures,small,retail,11088.33,analytics_consulting,2024-02-29,2,1,Thursday,60,5,7,2,0.29,0,3,1,6,0.6607,1,high
INV-00458,Lumen Analytics,mid-market,technology,71399.23,process_automation,2023-03-14,3,1,Tuesday,15,4,4,1,0.25,0,2,1,85,0.6597,1,high
INV-00120,Horizon LLC,small,technology,7395.61,process_automation,2024-12-07,12,4,Saturday,15,4,8,6,0.75,0,5,1,40,0.6596,1,high
INV-00243,Birch Holdings,mid-market,finance,50128.57,process_automation,2023-12-23,12,4,Saturday,60,10,20,1,0.05,0,3,1,40,0.6592,1,high
INV-01602,Horizon LLC,small,technology,14087.43,process_automation,2023-05-20,5,2,Saturday,60,7,20,3,0.15,1,5,1,49,0.6591,1,high
INV-01291,Cedar Solutions,small,technology,7473.97,process_automation,2024-04-25,4,2,Thursday,15,1,3,1,0.33,0,3,1,70,0.6589,1,high
INV-00479,Falcon Industries,mid-market,manufacturing,74739.64,process_automation,2023-12-30,12,4,Saturday,30,9,2,2,1.0,1,4,0,0,0.6588,1,high
INV-00229,Echo Ventures,small,retail,12861.78,reporting_setup,2023-01-07,1,1,Saturday,45,13,11,7,0.64,1,5,1,42,0.6587,1,high
INV-01173,Acme Corp,enterprise,manufacturing,119131.75,process_automation,2024-10-16,10,4,Wednesday,45,15,10,1,0.1,1,1,1,53,0.6586,1,high
INV-00774,Echo Ventures,small,retail,9650.08,reporting_setup,2024-03-18,3,1,Monday,30,10,19,3,0.16,0,4,1,1,0.6585,1,high
INV-00953,Cedar Solutions,small,technology,4404.99,analytics_consulting,2024-01-02,1,1,Tuesday,15,12,12,2,0.17,0,1,1,89,0.6585,1,high
INV-01784,Falcon Industries,mid-market,manufacturing,15956.47,reporting_setup,2023-02-05,2,1,Sunday,60,2,18,7,0.39,1,2,1,64,0.6579,1,high
INV-01428,Keystone Retail,enterprise,retail,71439.03,process_automation,2024-08-16,8,3,Friday,60,8,2,0,0.0,0,4,1,1,0.6578,1,high
INV-01336,Falcon Industries,mid-market,manufacturing,53921.2,analytics_consulting,2023-10-27,10,4,Friday,60,14,12,6,0.5,1,3,0,0,0.6573,1,high
INV-01100,Ironclad Inc,mid-market,healthcare,40306.4,data_migration,2023-12-26,12,4,Tuesday,45,3,19,7,0.37,1,1,1,12,0.6572,1,high
INV-01941,Cedar Solutions,small,technology,2394.84,process_automation,2023-01-08,1,1,Sunday,45,2,23,7,0.3,0,3,1,28,0.657,1,high
INV-00151,Granite Partners,enterprise,finance,191738.14,training,2024-01-08,1,1,Monday,30,5,20,7,0.35,1,1,1,83,0.6569,1,high
INV-00426,Horizon LLC,small,technology,8244.57,analytics_consulting,2023-01-10,1,1,Tuesday,60,11,16,4,0.25,1,5,1,13,0.6568,1,high
INV-01176,Horizon LLC,small,technology,7822.41,analytics_consulting,2023-08-08,8,3,Tuesday,45,15,12,5,0.42,1,3,1,3,0.6567,1,high
INV-01695,Falcon Industries,mid-market,manufacturing,68291.49,data_migration,2024-04-09,4,2,Tuesday,60,1,23,3,0.13,1,1,1,90,0.6542,1,high
INV-01830,Acme Corp,enterprise,manufacturing,160783.5,reporting_setup,2024-03-24,3,1,Sunday,30,12,11,3,0.27,0,1,1,83,0.6541,1,high
INV-01868,Birch Holdings,mid-market,finance,20078.42,data_migration,2023-01-01,1,1,Sunday,30,6,7,3,0.43,0,2,1,70,0.6539,1,high
INV-01196,Echo Ventures,small,retail,14418.22,process_automation,2023-05-12,5,2,Friday,45,4,16,7,0.44,0,5,1,29,0.6539,1,high
INV-01182,Echo Ventures,small,retail,8686.92,training,2023-08-17,8,3,Thursday,45,7,19,5,0.26,0,5,1,19,0.6536,1,high
INV-00361,Cedar Solutions,small,technology,12881.5,training,2024-02-27,2,1,Tuesday,45,11,23,8,0.35,0,2,1,38,0.6535,1,high
INV-01324,Lumen Analytics,mid-market,technology,33460.99,analytics_consulting,2023-11-02,11,4,Thursday,45,2,21,3,0.14,0,3,1,4,0.653,1,high
INV-01200,Acme Corp,enterprise,manufacturing,53329.91,data_migration,2023-05-27,5,2,Saturday,30,11,1,1,1.0,1,3,1,74,0.653,1,high
INV-00919,Keystone Retail,enterprise,retail,154682.45,training,2023-02-13,2,1,Monday,15,8,23,8,0.35,1,1,1,21,0.6526,1,high
INV-01973,Acme Corp,enterprise,manufacturing,190103.69,process_automation,2024-04-02,4,2,Tuesday,60,9,10,4,0.4,0,4,1,7,0.6525,1,high
INV-00320,Keystone Retail,enterprise,retail,90181.68,data_migration,2023-05-07,5,2,Sunday,30,15,6,6,1.0,1,5,1,21,0.6521,1,high
INV-00428,Ironclad Inc,mid-market,healthcare,11289.3,process_automation,2024-07-24,7,3,Wednesday,45,4,12,3,0.25,0,5,1,37,0.6511,1,high
INV-01603,Falcon Industries,mid-market,manufacturing,52921.92,training,2023-08-02,8,3,Wednesday,15,15,21,4,0.19,0,1,1,37,0.6498,1,high
INV-01095,Horizon LLC,small,technology,3845.91,reporting_setup,2024-09-14,9,3,Saturday,60,4,2,1,0.5,1,2,0,0,0.6497,1,high
INV-00688,Lumen Analytics,mid-market,technology,64150.25,reporting_setup,2024-12-29,12,4,Sunday,60,12,16,2,0.12,0,3,0,0,0.649,1,high
INV-01665,Acme Corp,enterprise,manufacturing,109210.06,reporting_setup,2023-04-21,4,2,Friday,60,16,18,2,0.11,1,1,1,77,0.6487,1,high
INV-00770,Falcon Industries,mid-market,manufacturing,73711.19,training,2024-08-04,8,3,Sunday,60,7,13,1,0.08,0,2,1,43,0.6484,1,high
INV-01676,Granite Partners,enterprise,finance,69467.96,analytics_consulting,2023-12-20,12,4,Wednesday,45,12,9,4,0.44,1,5,1,69,0.6481,1,high
INV-00068,Echo Ventures,small,retail,9730.02,training,2024-08-05,8,3,Monday,15,4,7,3,0.43,1,1,1,23,0.6477,1,high
INV-00894,Falcon Industries,mid-market,manufacturing,68213.12,process_automation,2023-05-02,5,2,Tuesday,15,5,6,3,0.5,0,5,1,55,0.6451,1,high
INV-00547,Acme Corp,enterprise,manufacturing,34954.33,training,2023-01-25,1,1,Wednesday,15,7,20,1,0.05,1,1,1,78,0.6442,1,high
INV-00612,Granite Partners,enterprise,finance,30738.73,analytics_consulting,2023-02-13,2,1,Monday,15,2,16,1,0.06,0,1,1,86,0.6432,1,high
INV-00484,Falcon Industries,mid-market,manufacturing,38795.29,reporting_setup,2024-02-28,2,1,Wednesday,45,9,5,1,0.2,1,2,1,79,0.6432,1,high
INV-00444,Delta Group,enterprise,healthcare,46343.27,reporting_setup,2023-09-14,9,3,Thursday,15,8,13,7,0.54,1,1,1,13,0.6431,1,high
INV-01146,Birch Holdings,mid-market,finance,56526.67,process_automation,2024-03-03,3,1,Sunday,15,1,15,7,0.47,0,1,1,51,0.643,1,high
INV-01731,Horizon LLC,small,technology,5929.24,analytics_consulting,2024-01-22,1,1,Monday,45,7,6,5,0.83,1,1,1,28,0.642,1,high
INV-00364,Delta Group,enterprise,healthcare,144593.31,analytics_consulting,2023-10-01,10,4,Sunday,45,5,2,2,1.0,1,2,0,0,0.642,1,high
INV-00856,Delta Group,enterprise,healthcare,131290.37,training,2024-11-08,11,4,Friday,15,6,22,8,0.36,0,2,1,18,0.6415,1,high
INV-00371,Cedar Solutions,small,technology,2741.26,training,2024-03-01,3,1,Friday,60,8,7,5,0.71,1,3,1,80,0.6414,1,high
INV-01670,Keystone Retail,enterprise,retail,84244.36,process_automation,2024-01-12,1,1,Friday,60,5,7,1,0.14,1,2,1,58,0.6412,1,high
INV-01359,Horizon LLC,small,technology,4835.42,data_migration,2024-06-09,6,2,Sunday,30,14,21,5,0.24,0,3,1,56,0.6408,1,high
INV-00003,Horizon LLC,small,technology,11743.9,process_automation,2024-08-26,8,3,Monday,15,6,23,6,0.26,1,2,1,44,0.6406,1,high
INV-00462,Lumen Analytics,mid-market,technology,39087.49,process_automation,2023-09-18,9,3,Monday,60,13,1,0,0.0,0,5,1,18,0.6406,1,high
INV-00308,Acme Corp,enterprise,manufacturing,71095.14,reporting_setup,2023-09-27,9,3,Wednesday,60,9,19,0,0.0,1,1,1,45,0.6403,1,high
INV-00862,Ironclad Inc,mid-market,healthcare,52658.18,data_migration,2023-10-03,10,4,Tuesday,60,15,6,1,0.17,1,4,1,26,0.6401,1,high
INV-00207,Delta Group,enterprise,healthcare,185027.23,data_migration,2023-07-14,7,3,Friday,60,7,13,3,0.23,1,3,1,69,0.64,1,high
INV-01352,Birch Holdings,mid-market,finance,18579.94,analytics_consulting,2023-04-14,4,2,Friday,30,1,15,7,0.47,1,4,1,68,0.6396,1,high
INV-01925,Granite Partners,enterprise,finance,103813.48,process_automation,2023-04-03,4,2,Monday,45,8,3,2,0.67,0,4,1,63,0.6396,1,high
INV-01880,Falcon Industries,mid-market,manufacturing,53087.29,training,2023-01-11,1,1,Wednesday,30,13,1,1,1.0,0,1,0,0,0.6395,1,high
INV-00872,Horizon LLC,small,technology,7317.25,training,2023-10-14,10,4,Saturday,15,9,16,5,0.31,1,1,1,2,0.6394,1,high
INV-00720,Echo Ventures,small,retail,3423.22,data_migration,2024-02-04,2,1,Sunday,45,11,9,6,0.67,0,1,1,31,0.6387,1,high
INV-00271,Echo Ventures,small,retail,11116.36,data_migration,2024-06-20,6,2,Thursday,45,3,16,7,0.44,0,1,1,73,0.638,1,high
INV-00985,Echo Ventures,small,retail,4433.89,reporting_setup,2023-01-16,1,1,Monday,15,4,2,1,0.5,1,4,1,1,0.6376,1,high
INV-01022,Keystone Retail,enterprise,retail,189214.77,data_migration,2023-03-20,3,1,Monday,45,7,16,5,0.31,0,2,1,39,0.6373,1,high
INV-00891,Cedar Solutions,small,technology,9971.06,data_migration,2023-09-07,9,3,Thursday,45,4,1,0,0.0,1,3,1,54,0.6373,1,high
INV-00401,Cedar Solutions,small,technology,7924.23,data_migration,2024-09-12,9,3,Thursday,30,2,18,8,0.44,0,1,1,17,0.6372,1,high
INV-00531,Granite Partners,enterprise,finance,75482.4,reporting_setup,2024-01-04,1,1,Thursday,30,5,5,0,0.0,1,1,1,63,0.6369,1,high
INV-00163,Keystone Retail,enterprise,retail,37770.28,process_automation,2024-02-20,2,1,Tuesday,60,2,6,3,0.5,1,4,1,78,0.6369,1,high
INV-01588,Cedar Solutions,small,technology,10372.84,reporting_setup,2023-04-14,4,2,Friday,45,3,21,4,0.19,1,5,1,22,0.6363,1,high
INV-00555,Falcon Industries,mid-market,manufacturing,52106.52,reporting_setup,2023-03-24,3,1,Friday,45,6,18,0,0.0,0,2,1,50,0.6363,1,high
INV-00602,Echo Ventures,small,retail,9050.29,process_automation,2024-08-22,8,3,Thursday,60,15,8,0,0.0,0,2,1,82,0.6362,1,high
INV-00110,Birch Holdings,mid-market,finance,62765.0,data_migration,2024-03-18,3,1,Monday,45,2,19,8,0.42,0,1,1,86,0.636,1,high
INV-00028,Birch Holdings,mid-market,finance,67831.33,process_automation,2023-05-18,5,2,Thursday,15,5,9,4,0.44,0,3,1,82,0.6358,1,high
INV-00921,Horizon LLC,small,technology,11379.0,data_migration,2023-04-22,4,2,Saturday,30,13,14,3,0.21,0,1,1,78,0.6357,1,high
INV-00828,Lumen Analytics,mid-market,technology,30077.94,training,2023-02-05,2,1,Sunday,45,4,9,7,0.78,0,2,1,49,0.6353,1,high
INV-00926,Cedar Solutions,small,technology,8001.94,process_automation,2023-07-23,7,3,Sunday,60,6,23,6,0.26,1,5,1,2,0.6352,1,high
INV-01273,Jade Consulting,small,professional_services,3534.22,reporting_setup,2023-06-09,6,2,Friday,30,11,15,3,0.2,0,2,0,0,0.6351,1,high
INV-00755,Lumen Analytics,mid-market,technology,67377.0,data_migration,2023-03-08,3,1,Wednesday,30,5,7,3,0.43,0,3,1,55,0.6349,1,high
INV-01268,Ironclad Inc,mid-market,healthcare,64608.8,reporting_setup,2023-08-21,8,3,Monday,30,12,7,6,0.86,0,4,1,58,0.6348,1,high
INV-01785,Birch Holdings,mid-market,finance,34773.64,analytics_consulting,2024-06-01,6,2,Saturday,30,4,1,1,1.0,1,4,1,83,0.6346,1,high
INV-00832,Acme Corp,enterprise,manufacturing,139560.95,process_automation,2024-12-27,12,4,Friday,60,5,15,7,0.47,1,2,1,26,0.634,1,high
INV-01569,Falcon Industries,mid-market,manufacturing,71927.49,data_migration,2023-02-16,2,1,Thursday,45,5,23,1,0.04,1,1,1,46,0.6338,1,high
INV-00472,Acme Corp,enterprise,manufacturing,132838.67,analytics_consulting,2023-11-09,11,4,Thursday,45,15,20,2,0.1,1,2,1,48,0.6337,1,high
INV-01493,Delta Group,enterprise,healthcare,150681.74,analytics_consulting,2024-06-12,6,2,Wednesday,60,7,17,1,0.06,1,2,1,9,0.6332,1,high
INV-01820,Ironclad Inc,mid-market,healthcare,71384.82,data_migration,2024-03-16,3,1,Saturday,30,9,23,5,0.22,0,2,1,42,0.6329,1,high
INV-01294,Cedar Solutions,small,technology,8167.96,data_migration,2023-03-08,3,1,Wednesday,15,2,20,6,0.3,1,4,1,87,0.6329,1,high
INV-01154,Ironclad Inc,mid-market,healthcare,34568.62,training,2023-11-18,11,4,Saturday,45,16,21,2,0.1,0,4,1,49,0.6327,1,high
INV-01598,Cedar Solutions,small,technology,2748.41,process_automation,2024-08-23,8,3,Friday,15,7,16,4,0.25,0,5,1,79,0.6326,1,high
INV-01844,Lumen Analytics,mid-market,technology,23153.18,training,2023-01-02,1,1,Monday,30,10,10,4,0.4,0,1,1,67,0.6318,1,high
INV-01149,Keystone Retail,enterprise,retail,182359.18,data_migration,2024-12-11,12,4,Wednesday,60,16,8,4,0.5,1,4,1,58,0.6316,1,high
INV-01835,Jade Consulting,small,professional_services,2175.63,analytics_consulting,2024-09-07,9,3,Saturday,45,12,21,8,0.38,1,4,1,87,0.6316,1,high
INV-01878,Echo Ventures,small,retail,14373.71,process_automation,2024-02-20,2,1,Tuesday,15,7,20,8,0.4,0,1,1,32,0.6313,1,high
INV-00710,Echo Ventures,small,retail,3089.52,training,2023-02-11,2,1,Saturday,30,10,12,4,0.33,1,1,0,0,0.6312,1,high
INV-01272,Keystone Retail,enterprise,retail,56555.17,training,2024-01-29,1,1,Monday,60,15,1,0,0.0,1,2,1,88,0.6312,1,high
INV-00403,Horizon LLC,small,technology,7244.11,process_automation,2024-01-26,1,1,Friday,15,9,16,3,0.19,0,1,1,70,0.6312,1,high
INV-00697,Horizon LLC,small,technology,7474.81,process_automation,2024-06-12,6,2,Wednesday,15,1,23,8,0.35,0,1,1,52,0.6309,1,high
INV-01622,Granite Partners,enterprise,finance,79355.23,reporting_setup,2024-02-29,2,1,Thursday,15,11,21,0,0.0,1,1,1,76,0.6308,1,high
INV-01137,Horizon LLC,small,technology,6608.79,reporting_setup,2023-08-29,8,3,Tuesday,30,4,4,3,0.75,1,1,1,23,0.6304,1,high
INV-00886,Lumen Analytics,mid-market,technology,68640.93,process_automation,2024-03-20,3,1,Wednesday,30,3,16,2,0.12,0,2,1,63,0.6303,1,high
INV-01579,Echo Ventures,small,retail,11583.15,reporting_setup,2024-10-20,10,4,Sunday,30,5,12,8,0.67,0,2,0,0,0.6296,1,high
INV-00654,Jade Consulting,small,professional_services,2639.39,process_automation,2023-12-02,12,4,Saturday,30,12,6,3,0.5,0,5,1,3,0.6295,1,high
INV-01438,Lumen Analytics,mid-market,technology,35172.91,reporting_setup,2023-08-21,8,3,Monday,60,12,7,0,0.0,1,2,1,46,0.6292,1,high
INV-01745,Cedar Solutions,small,technology,8941.2,data_migration,2023-01-02,1,1,Monday,30,10,18,2,0.11,0,2,1,20,0.6291,1,high
INV-00954,Acme Corp,enterprise,manufacturing,124307.12,analytics_consulting,2023-12-03,12,4,Sunday,60,11,8,8,1.0,1,3,1,68,0.6287,1,high
INV-00083,Keystone Retail,enterprise,retail,47093.1,reporting_setup,2023-06-05,6,2,Monday,15,11,4,3,0.75,1,4,1,19,0.6284,1,high
INV-00279,Falcon Industries,mid-market,manufacturing,42852.8,data_migration,2024-04-14,4,2,Sunday,15,13,3,0,0.0,0,2,1,34,0.6281,1,high
INV-00173,Lumen Analytics,mid-market,technology,63023.67,process_automation,2024-07-30,7,3,Tuesday,60,12,11,1,0.09,0,5,1,89,0.6277,1,high
INV-01766,Lumen Analytics,mid-market,technology,72547.88,training,2024-08-31,8,3,Saturday,60,3,14,3,0.21,0,2,1,44,0.6271,1,high
INV-01209,Jade Consulting,small,professional_services,11694.79,data_migration,2024-08-31,8,3,Saturday,15,5,5,3,0.6,0,2,1,21,0.6259,1,high
INV-01368,Horizon LLC,small,technology,3082.35,training,2024-08-18,8,3,Sunday,30,10,21,3,0.14,1,3,1,83,0.6259,1,high
INV-00273,Falcon Industries,mid-market,manufacturing,70525.41,analytics_consulting,2024-01-28,1,1,Sunday,30,2,18,6,0.33,1,2,1,41,0.6246,1,high
INV-00994,Keystone Retail,enterprise,retail,115346.21,data_migration,2024-06-07,6,2,Friday,30,16,5,1,0.2,0,2,1,40,0.6233,1,high
INV-01342,Echo Ventures,small,retail,14345.93,training,2023-08-03,8,3,Thursday,15,7,1,0,0.0,1,1,1,88,0.6233,1,high
INV-00167,Ironclad Inc,mid-market,healthcare,47917.37,analytics_consulting,2024-04-13,4,2,Saturday,30,2,2,1,0.5,0,4,1,2,0.6221,1,high
INV-01474,Cedar Solutions,small,technology,3813.56,reporting_setup,2024-04-30,4,2,Tuesday,15,2,18,2,0.11,0,4,1,21,0.6216,1,high
INV-01315,Lumen Analytics,mid-market,technology,70251.67,reporting_setup,2023-05-16,5,2,Tuesday,15,5,5,0,0.0,0,2,1,47,0.6214,1,high
INV-01467,Cedar Solutions,small,technology,6506.84,analytics_consulting,2023-08-15,8,3,Tuesday,30,2,9,0,0.0,0,4,1,36,0.6195,1,high
INV-01521,Delta Group,enterprise,healthcare,76525.54,analytics_consulting,2023-04-21,4,2,Friday,30,5,14,6,0.43,1,1,1,90,0.6195,1,high
INV-01409,Delta Group,enterprise,healthcare,190986.03,training,2023-06-16,6,2,Friday,60,3,11,0,0.0,1,4,1,61,0.6192,1,high
INV-01506,Echo Ventures,small,retail,13875.07,data_migration,2024-09-02,9,3,Monday,60,7,13,5,0.38,0,3,1,8,0.6171,1,high
INV-01614,Echo Ventures,small,retail,2992.56,reporting_setup,2024-04-17,4,2,Wednesday,15,2,4,4,1.0,1,2,1,53,0.6171,1,high
INV-01853,Acme Corp,enterprise,manufacturing,148265.18,process_automation,2023-02-14,2,1,Tuesday,30,6,3,0,0.0,1,2,1,23,0.617,1,high
INV-01537,Birch Holdings,mid-market,finance,40176.58,training,2024-04-23,4,2,Tuesday,15,7,6,5,0.83,1,5,1,49,0.6168,1,high
INV-01752,Keystone Retail,enterprise,retail,91171.02,reporting_setup,2023-03-17,3,1,Friday,45,2,6,4,0.67,1,5,1,4,0.6164,1,high
INV-00596,Delta Group,enterprise,healthcare,39628.17,analytics_consulting,2023-10-12,10,4,Thursday,15,15,22,1,0.05,0,4,1,41,0.6159,1,high
INV-01516,Ironclad Inc,mid-market,healthcare,12997.84,analytics_consulting,2024-06-25,6,2,Tuesday,60,8,21,5,0.24,0,1,1,86,0.6154,1,high
INV-01446,Birch Holdings,mid-market,finance,58171.13,process_automation,2024-11-04,11,4,Monday,45,5,3,0,0.0,0,5,1,62,0.615,1,high
INV-00350,Lumen Analytics,mid-market,technology,38135.11,training,2024-12-18,12,4,Wednesday,15,8,16,5,0.31,0,4,1,72,0.6147,1,high
INV-00129,Falcon Industries,mid-market,manufacturing,69588.52,training,2023-03-25,3,1,Saturday,30,10,21,6,0.29,1,1,1,49,0.6139,1,high
INV-00570,Lumen Analytics,mid-market,technology,37239.31,training,2024-03-31,3,1,Sunday,45,11,8,1,0.12,1,1,1,53,0.6134,1,high
INV-01258,Birch Holdings,mid-market,finance,18262.48,reporting_setup,2024-07-22,7,3,Monday,30,2,16,7,0.44,1,2,1,50,0.6132,1,high
INV-00098,Echo Ventures,small,retail,4669.8,data_migration,2024-05-19,5,2,Sunday,15,5,13,7,0.54,1,5,0,0,0.6119,1,high
INV-01118,Falcon Industries,mid-market,manufacturing,19798.59,analytics_consulting,2024-01-29,1,1,Monday,60,10,13,7,0.54,1,4,1,51,0.6103,1,high
INV-00686,Ironclad Inc,mid-market,healthcare,67794.14,process_automation,2023-03-07,3,1,Tuesday,60,4,16,5,0.31,0,4,1,37,0.6096,1,high
INV-00206,Jade Consulting,small,professional_services,12362.78,data_migration,2023-02-10,2,1,Friday,30,7,16,3,0.19,0,3,1,2,0.6082,1,high
INV-01456,Keystone Retail,enterprise,retail,86806.18,analytics_consulting,2023-05-30,5,2,Tuesday,60,8,16,7,0.44,0,4,1,1,0.6064,1,high
INV-00772,Granite Partners,enterprise,finance,75943.47,analytics_consulting,2023-10-18,10,4,Wednesday,30,3,15,0,0.0,1,1,1,53,0.6063,1,high
INV-01668,Ironclad Inc,mid-market,healthcare,73290.69,reporting_setup,2023-02-19,2,1,Sunday,45,6,12,4,0.33,0,2,1,16,0.6056,1,high
INV-00086,Lumen Analytics,mid-market,technology,59424.03,reporting_setup,2023-04-03,4,2,Monday,15,4,15,2,0.13,0,1,1,8,0.6055,1,high
INV-00917,Horizon LLC,small,technology,14187.7,reporting_setup,2023-09-20,9,3,Wednesday,30,16,2,1,0.5,0,4,1,80,0.6053,1,high
INV-00034,Horizon LLC,small,technology,6220.39,analytics_consulting,2023-08-16,8,3,Wednesday,60,8,8,0,0.0,0,4,1,9,0.6052,1,high
INV-01797,Acme Corp,enterprise,manufacturing,195869.02,analytics_consulting,2023-09-17,9,3,Sunday,60,1,3,3,1.0,1,1,1,10,0.6043,1,high
INV-00038,Echo Ventures,small,retail,5903.47,process_automation,2024-06-03,6,2,Monday,60,10,18,2,0.11,1,4,0,0,0.6038,1,high
INV-00269,Granite Partners,enterprise,finance,79125.76,reporting_setup,2023-04-29,4,2,Saturday,15,6,4,0,0.0,1,1,1,45,0.6022,1,high
INV-00811,Birch Holdings,mid-market,finance,22066.47,training,2024-04-06,4,2,Saturday,30,2,24,2,0.08,0,2,1,53,0.6018,1,high
INV-00234,Horizon LLC,small,technology,8839.21,reporting_setup,2024-08-19,8,3,Monday,60,12,23,8,0.35,0,1,1,32,0.6012,1,high
INV-00272,Cedar Solutions,small,technology,11939.94,analytics_consulting,2024-01-12,1,1,Friday,45,4,8,8,1.0,1,1,1,61,0.6011,1,high
INV-01939,Falcon Industries,mid-market,manufacturing,73006.1,training,2023-07-17,7,3,Monday,60,6,18,2,0.11,1,3,1,22,0.6001,1,high
INV-00025,Jade Consulting,small,professional_services,4257.5,process_automation,2024-06-19,6,2,Wednesday,45,11,8,4,0.5,1,3,0,0,0.6001,1,high
INV-00422,Horizon LLC,small,technology,6815.18,data_migration,2024-07-07,7,3,Sunday,45,6,15,1,0.07,0,4,1,2,0.599,1,high
INV-01169,Granite Partners,enterprise,finance,194518.99,reporting_setup,2023-01-06,1,1,Friday,15,12,21,2,0.1,0,3,1,26,0.5984,1,high
INV-01586,Keystone Retail,enterprise,retail,105004.18,analytics_consulting,2024-04-25,4,2,Thursday,15,7,7,7,1.0,1,2,0,0,0.5972,1,high
INV-01482,Horizon LLC,small,technology,11459.5,reporting_setup,2023-03-15,3,1,Wednesday,15,11,15,2,0.13,0,3,1,2,0.5961,1,high
INV-01238,Cedar Solutions,small,technology,3895.05,process_automation,2023-04-09,4,2,Sunday,45,14,9,7,0.78,1,3,1,30,0.5961,1,high
INV-00538,Keystone Retail,enterprise,retail,125250.5,training,2024-04-29,4,2,Monday,30,10,24,0,0.0,1,1,1,10,0.5956,1,high
INV-00066,Birch Holdings,mid-market,finance,14815.34,reporting_setup,2023-03-08,3,1,Wednesday,60,2,5,1,0.2,0,3,1,32,0.5955,1,high
INV-01213,Birch Holdings,mid-market,finance,34797.61,process_automation,2023-12-16,12,4,Saturday,15,9,4,3,0.75,0,2,0,0,0.5948,1,high
INV-01977,Delta Group,enterprise,healthcare,191431.12,process_automation,2024-02-26,2,1,Monday,30,8,12,7,0.58,1,3,1,80,0.5948,1,high
INV-01624,Ironclad Inc,mid-market,healthcare,47320.98,training,2023-03-11,3,1,Saturday,45,11,8,1,0.12,1,2,1,79,0.5937,1,high
INV-00183,Acme Corp,enterprise,manufacturing,139256.24,analytics_consulting,2024-07-17,7,3,Wednesday,60,16,16,3,0.19,1,3,1,83,0.5934,1,high
INV-01889,Birch Holdings,mid-market,finance,69730.71,analytics_consulting,2023-02-18,2,1,Saturday,45,10,9,2,0.22,0,1,1,36,0.5924,1,high
INV-00796,Acme Corp,enterprise,manufacturing,46973.17,analytics_consulting,2024-10-11,10,4,Friday,30,6,19,8,0.42,1,2,1,11,0.5924,1,high
INV-01206,Delta Group,enterprise,healthcare,90532.62,training,2024-12-11,12,4,Wednesday,30,4,22,2,0.09,1,5,1,20,0.5916,1,high
INV-01513,Birch Holdings,mid-market,finance,68337.09,analytics_consulting,2023-06-29,6,2,Thursday,45,12,2,1,0.5,0,2,1,14,0.5911,1,high
INV-00845,Echo Ventures,small,retail,8734.71,reporting_setup,2024-11-23,11,4,Saturday,30,3,21,4,0.19,0,2,0,0,0.5908,1,high
INV-01715,Ironclad Inc,mid-market,healthcare,72898.75,analytics_consulting,2024-05-30,5,2,Thursday,45,11,8,6,0.75,0,3,1,18,0.5906,1,high
INV-00880,Ironclad Inc,mid-market,healthcare,29721.66,training,2024-04-11,4,2,Thursday,45,8,10,4,0.4,0,2,1,69,0.5905,1,high
INV-00822,Granite Partners,enterprise,finance,141538.22,analytics_consulting,2023-10-15,10,4,Sunday,45,4,22,2,0.09,0,4,1,89,0.5901,1,high
INV-01700,Falcon Industries,mid-market,manufacturing,39203.14,training,2024-06-08,6,2,Saturday,15,9,24,5,0.21,1,2,1,71,0.5895,1,high
INV-00080,Ironclad Inc,mid-market,healthcare,60223.88,data_migration,2023-05-20,5,2,Saturday,45,14,11,8,0.73,1,1,1,39,0.5894,1,high
INV-00899,Ironclad Inc,mid-market,healthcare,15435.15,analytics_consulting,2024-07-03,7,3,Wednesday,60,14,17,3,0.18,0,2,1,27,0.589,1,high
INV-00795,Lumen Analytics,mid-market,technology,43895.68,training,2023-08-16,8,3,Wednesday,60,6,15,0,0.0,1,4,1,25,0.5889,1,high
INV-00095,Horizon LLC,small,technology,13111.9,analytics_consulting,2023-03-19,3,1,Sunday,30,13,18,5,0.28,1,4,1,69,0.5873,1,high
INV-00613,Acme Corp,enterprise,manufacturing,127830.53,data_migration,2023-04-09,4,2,Sunday,30,7,6,5,0.83,1,1,1,36,0.5869,1,high
INV-01581,Delta Group,enterprise,healthcare,131151.37,analytics_consulting,2023-03-06,3,1,Monday,30,1,21,4,0.19,1,1,1,2,0.5867,1,high
INV-00316,Falcon Industries,mid-market,manufacturing,30211.7,process_automation,2023-01-21,1,1,Saturday,45,16,23,1,0.04,0,2,1,57,0.5862,1,high
INV-00310,Delta Group,enterprise,healthcare,94090.76,process_automation,2024-05-02,5,2,Thursday,15,2,17,8,0.47,1,5,1,58,0.5858,1,high
INV-00605,Acme Corp,enterprise,manufacturing,50574.0,analytics_consulting,2023-09-23,9,3,Saturday,15,15,23,2,0.09,1,1,1,54,0.5844,1,high
INV-01455,Cedar Solutions,small,technology,5889.01,data_migration,2024-10-25,10,4,Friday,45,14,13,8,0.62,0,4,0,0,0.5834,1,high
INV-00711,Cedar Solutions,small,technology,14147.08,reporting_setup,2024-08-26,8,3,Monday,15,10,10,3,0.3,1,4,1,71,0.5834,1,high
INV-01762,Echo Ventures,small,retail,10500.59,analytics_consulting,2024-04-16,4,2,Tuesday,45,12,18,3,0.17,1,3,0,0,0.5827,1,high
INV-01720,Lumen Analytics,mid-market,technology,54637.95,reporting_setup,2024-03-31,3,1,Sunday,15,6,6,5,0.83,1,5,0,0,0.5825,1,high
INV-00604,Birch Holdings,mid-market,finance,46762.35,process_automation,2024-09-05,9,3,Thursday,60,9,21,7,0.33,0,1,1,74,0.5813,1,high
INV-00804,Lumen Analytics,mid-market,technology,51273.68,training,2023-12-23,12,4,Saturday,60,12,23,0,0.0,0,4,0,0,0.5798,1,high
INV-00284,Delta Group,enterprise,healthcare,165681.93,reporting_setup,2023-04-07,4,2,Friday,15,5,4,0,0.0,1,2,1,52,0.5789,1,high
INV-00158,Granite Partners,enterprise,finance,195166.45,data_migration,2024-08-11,8,3,Sunday,30,3,15,7,0.47,1,3,1,71,0.5788,1,high
INV-01105,Granite Partners,enterprise,finance,84881.7,process_automation,2023-12-22,12,4,Friday,30,9,3,1,0.33,1,4,1,15,0.5785,1,high
INV-01874,Jade Consulting,small,professional_services,7550.93,analytics_consulting,2023-04-07,4,2,Friday,45,10,20,8,0.4,0,2,1,29,0.5783,1,high
INV-00062,Lumen Analytics,mid-market,technology,55685.57,process_automation,2024-07-17,7,3,Wednesday,45,9,10,4,0.4,1,2,1,69,0.578,1,high
INV-00908,Delta Group,enterprise,healthcare,38616.5,data_migration,2023-10-04,10,4,Wednesday,15,11,1,0,0.0,1,5,1,28,0.5774,1,high
INV-00739,Keystone Retail,enterprise,retail,108994.12,data_migration,2024-10-02,10,4,Wednesday,15,1,19,5,0.26,1,2,1,31,0.5767,1,high
INV-00713,Lumen Analytics,mid-market,technology,42809.65,analytics_consulting,2024-09-12,9,3,Thursday,30,15,15,7,0.47,1,3,1,80,0.5762,1,high
INV-01827,Falcon Industries,mid-market,manufacturing,57439.13,reporting_setup,2023-07-05,7,3,Wednesday,45,6,7,3,0.43,1,2,0,0,0.5737,1,high
INV-01525,Cedar Solutions,small,technology,8850.76,training,2024-02-20,2,1,Tuesday,45,5,14,4,0.29,1,5,0,0,0.5725,1,high
INV-01220,Lumen Analytics,mid-market,technology,63193.95,process_automation,2024-04-12,4,2,Friday,45,12,12,3,0.25,1,1,1,90,0.5723,1,high
INV-01806,Falcon Industries,mid-market,manufacturing,65763.56,data_migration,2024-03-12,3,1,Tuesday,45,2,1,1,1.0,1,3,0,0,0.5722,1,high
INV-00951,Lumen Analytics,mid-market,technology,49474.22,process_automation,2023-10-06,10,4,Friday,15,14,7,5,0.71,1,1,0,0,0.5722,1,high
INV-00715,Keystone Retail,enterprise,retail,125099.09,analytics_consulting,2023-04-01,4,2,Saturday,15,10,18,1,0.06,1,1,1,80,0.5721,1,high
INV-01461,Echo Ventures,small,retail,11576.44,training,2024-11-05,11,4,Tuesday,45,1,3,0,0.0,1,3,1,32,0.5719,1,high
INV-00338,Jade Consulting,small,professional_services,6448.98,analytics_consulting,2024-05-31,5,2,Friday,15,2,13,4,0.31,0,5,1,7,0.5711,1,high
INV-01584,Falcon Industries,mid-market,manufacturing,18818.33,process_automation,2024-07-29,7,3,Monday,60,5,19,0,0.0,1,5,1,86,0.571,1,high
INV-00270,Ironclad Inc,mid-market,healthcare,34171.51,process_automation,2024-06-13,6,2,Thursday,30,9,24,1,0.04,0,1,1,55,0.5696,1,high
INV-00591,Lumen Analytics,mid-market,technology,25463.85,analytics_consulting,2024-12-10,12,4,Tuesday,30,2,11,2,0.18,0,3,1,72,0.5694,1,high
INV-00425,Jade Consulting,small,professional_services,12491.57,training,2023-05-15,5,2,Monday,30,9,8,8,1.0,0,4,1,20,0.5689,1,high
INV-01449,Ironclad Inc,mid-market,healthcare,54291.73,reporting_setup,2023-09-02,9,3,Saturday,15,9,19,3,0.16,0,2,1,28,0.5689,1,high
INV-00182,Delta Group,enterprise,healthcare,136640.3,data_migration,2023-09-06,9,3,Wednesday,30,2,4,3,0.75,1,4,1,18,0.5688,1,high
INV-00039,Cedar Solutions,small,technology,6982.01,training,2024-09-22,9,3,Sunday,45,1,10,4,0.4,1,5,0,0,0.5687,1,high
INV-01003,Keystone Retail,enterprise,retail,131022.31,reporting_setup,2024-05-10,5,2,Friday,60,6,19,8,0.42,1,5,1,90,0.5685,1,high
INV-01984,Falcon Industries,mid-market,manufacturing,42449.34,data_migration,2023-08-31,8,3,Thursday,45,7,24,4,0.17,0,2,1,45,0.5672,1,high
INV-01871,Ironclad Inc,mid-market,healthcare,60071.09,process_automation,2023-04-13,4,2,Thursday,30,5,15,7,0.47,0,1,1,65,0.5658,1,high
INV-01725,Birch Holdings,mid-market,finance,28709.97,data_migration,2023-02-19,2,1,Sunday,60,7,10,0,0.0,1,5,1,36,0.5657,1,high
INV-00164,Cedar Solutions,small,technology,14667.55,process_automation,2023-11-17,11,4,Friday,45,5,12,8,0.67,0,3,1,16,0.5654,1,high
INV-00957,Falcon Industries,mid-market,manufacturing,47466.9,reporting_setup,2024-08-28,8,3,Wednesday,30,10,1,0,0.0,0,3,1,52,0.5649,1,high
INV-01790,Falcon Industries,mid-market,manufacturing,68514.18,process_automation,2023-08-05,8,3,Saturday,15,8,21,7,0.33,0,2,1,83,0.5648,1,high
INV-01837,Jade Consulting,small,professional_services,6821.74,process_automation,2024-12-05,12,4,Thursday,60,10,23,4,0.17,0,2,0,0,0.5642,1,high
INV-00775,Cedar Solutions,small,technology,9665.46,data_migration,2024-04-01,4,2,Monday,60,8,17,5,0.29,0,4,1,74,0.5631,1,high
INV-00355,Delta Group,enterprise,healthcare,150415.16,process_automation,2024-04-10,4,2,Wednesday,60,12,23,7,0.3,1,2,1,46,0.5623,1,high
INV-01753,Echo Ventures,small,retail,2402.89,training,2023-09-11,9,3,Monday,45,13,13,2,0.15,1,1,0,0,0.5612,1,high
INV-00607,Jade Consulting,small,professional_services,13277.98,training,2023-06-21,6,2,Wednesday,45,10,9,5,0.56,1,5,0,0,0.5608,1,high
INV-01648,Granite Partners,enterprise,finance,146977.55,data_migration,2023-11-22,11,4,Wednesday,30,9,1,1,1.0,1,1,1,62,0.5604,1,high
INV-01899,Jade Consulting,small,professional_services,2238.98,reporting_setup,2023-03-28,3,1,Tuesday,15,2,17,0,0.0,1,5,1,58,0.56,1,high
INV-01396,Falcon Industries,mid-market,manufacturing,37027.0,reporting_setup,2023-07-29,7,3,Saturday,30,2,8,2,0.25,0,1,1,7,0.5595,1,high
INV-00415,Jade Consulting,small,professional_services,9102.78,reporting_setup,2023-09-14,9,3,Thursday,60,8,11,7,0.64,0,5,0,0,0.5595,1,high
INV-00016,Keystone Retail,enterprise,retail,46175.73,reporting_setup,2024-01-18,1,1,Thursday,60,8,3,2,0.67,1,5,1,29,0.5589,1,high
INV-00503,Jade Consulting,small,professional_services,9792.91,process_automation,2024-09-30,9,3,Monday,30,16,17,7,0.41,0,2,0,0,0.5588,1,high
INV-00470,Lumen Analytics,mid-market,technology,46354.25,analytics_consulting,2023-05-14,5,2,Sunday,60,16,13,3,0.23,0,5,1,10,0.5586,1,high
INV-00947,Ironclad Inc,mid-market,healthcare,24059.92,training,2023-01-24,1,1,Tuesday,30,12,4,1,0.25,1,2,1,89,0.5586,1,high
INV-01299,Keystone Retail,enterprise,retail,62973.91,analytics_consulting,2023-06-26,6,2,Monday,30,1,13,7,0.54,1,3,1,64,0.558,1,high
INV-01793,Cedar Solutions,small,technology,10463.6,data_migration,2024-02-15,2,1,Thursday,45,8,19,7,0.37,0,4,1,36,0.5579,1,high
INV-01981,Birch Holdings,mid-market,finance,46906.89,analytics_consulting,2023-06-29,6,2,Thursday,30,14,3,2,0.67,1,1,0,0,0.5577,1,high
INV-00673,Lumen Analytics,mid-market,technology,33337.88,training,2023-11-14,11,4,Tuesday,30,4,12,8,0.67,1,4,0,0,0.5574,1,high
INV-00522,Jade Consulting,small,professional_services,6976.76,analytics_consulting,2024-08-11,8,3,Sunday,15,4,11,8,0.73,0,3,0,0,0.5573,1,high
INV-00889,Birch Holdings,mid-market,finance,26142.29,data_migration,2023-01-14,1,1,Saturday,30,3,9,2,0.22,0,5,1,2,0.5563,1,high
INV-01226,Cedar Solutions,small,technology,9781.17,data_migration,2024-01-30,1,1,Tuesday,45,3,11,3,0.27,0,1,1,20,0.5557,1,high
INV-00435,Horizon LLC,small,technology,3324.05,process_automation,2024-07-07,7,3,Sunday,60,6,19,7,0.37,0,5,1,82,0.5553,1,high
INV-00638,Lumen Analytics,mid-market,technology,70751.34,process_automation,2024-04-23,4,2,Tuesday,60,2,17,3,0.18,1,2,1,88,0.5552,1,high
INV-01540,Falcon Industries,mid-market,manufacturing,29111.07,analytics_consulting,2023-02-18,2,1,Saturday,60,2,4,3,0.75,1,1,1,27,0.5544,1,high
INV-01086,Delta Group,enterprise,healthcare,43020.85,training,2023-03-21,3,1,Tuesday,30,7,9,2,0.22,1,1,1,67,0.554,1,high
INV-00608,Cedar Solutions,small,technology,6535.69,analytics_consulting,2023-01-14,1,1,Saturday,45,16,14,5,0.36,0,2,1,20,0.5527,1,high
INV-00007,Lumen Analytics,mid-market,technology,44719.09,data_migration,2024-11-30,11,4,Saturday,30,8,6,3,0.5,1,5,1,42,0.5527,1,high
INV-01831,Falcon Industries,mid-market,manufacturing,71201.54,data_migration,2023-08-04,8,3,Friday,15,6,8,8,1.0,0,4,1,4,0.5526,1,high
INV-00413,Ironclad Inc,mid-market,healthcare,32585.88,training,2023-10-19,10,4,Thursday,45,9,8,3,0.38,0,4,0,0,0.5518,1,high
INV-01094,Echo Ventures,small,retail,2092.88,reporting_setup,2024-10-19,10,4,Saturday,60,9,9,0,0.0,0,1,0,0,0.5517,1,high
INV-00160,Falcon Industries,mid-market,manufacturing,26289.35,process_automation,2024-06-15,6,2,Saturday,15,9,5,5,1.0,1,5,1,83,0.5511,1,high
INV-00636,Horizon LLC,small,technology,12241.3,analytics_consulting,2024-03-13,3,1,Wednesday,45,10,17,4,0.24,0,5,1,54,0.551,1,high
INV-01210,Keystone Retail,enterprise,retail,68500.33,reporting_setup,2024-03-05,3,1,Tuesday,30,12,3,1,0.33,0,3,1,52,0.5507,1,high
INV-01010,Falcon Industries,mid-market,manufacturing,62103.73,training,2024-09-25,9,3,Wednesday,30,15,14,6,0.43,0,5,1,67,0.5505,1,high
INV-00515,Keystone Retail,enterprise,retail,58695.49,process_automation,2023-08-03,8,3,Thursday,30,9,18,5,0.28,1,1,1,21,0.5503,1,high
INV-01127,Echo Ventures,small,retail,13903.46,reporting_setup,2023-12-20,12,4,Wednesday,30,15,2,0,0.0,1,1,1,82,0.5501,1,high
INV-01526,Granite Partners,enterprise,finance,186605.75,reporting_setup,2023-12-19,12,4,Tuesday,15,7,1,1,1.0,1,1,0,0,0.5499,1,high
INV-00961,Lumen Analytics,mid-market,technology,15721.09,analytics_consulting,2024-03-22,3,1,Friday,30,12,18,0,0.0,0,1,1,6,0.5497,1,high
INV-00864,Horizon LLC,small,technology,7184.79,process_automation,2024-11-12,11,4,Tuesday,15,16,22,2,0.09,1,4,0,0,0.5497,1,high
INV-00059,Cedar Solutions,small,technology,12270.74,analytics_consulting,2024-05-14,5,2,Tuesday,45,11,9,4,0.44,0,5,0,0,0.5491,1,high
INV-00224,Keystone Retail,enterprise,retail,88122.54,reporting_setup,2023-06-07,6,2,Wednesday,45,3,1,1,1.0,1,3,1,12,0.5487,1,high
INV-00392,Ironclad Inc,mid-market,healthcare,69663.63,reporting_setup,2024-01-05,1,1,Friday,60,2,2,2,1.0,1,5,0,0,0.5477,1,high
INV-00493,Birch Holdings,mid-market,finance,56694.36,process_automation,2023-09-14,9,3,Thursday,30,4,3,0,0.0,0,3,1,50,0.547,1,high
INV-01464,Keystone Retail,enterprise,retail,41815.74,training,2024-02-16,2,1,Friday,45,16,20,3,0.15,0,3,1,44,0.5469,1,high
INV-01413,Keystone Retail,enterprise,retail,32075.22,process_automation,2024-12-03,12,4,Tuesday,15,10,11,1,0.09,1,5,1,6,0.5461,1,high
INV-00015,Cedar Solutions,small,technology,5078.26,reporting_setup,2024-11-06,11,4,Wednesday,30,14,7,3,0.43,0,4,0,0,0.546,1,high
INV-00963,Cedar Solutions,small,technology,10098.2,analytics_consulting,2023-11-23,11,4,Thursday,60,4,17,8,0.47,1,4,0,0,0.5456,1,high
INV-00220,Echo Ventures,small,retail,9150.39,training,2023-06-16,6,2,Friday,30,13,22,8,0.36,1,2,0,0,0.5449,1,high
INV-01908,Delta Group,enterprise,healthcare,127840.64,reporting_setup,2023-08-03,8,3,Thursday,30,9,13,6,0.46,1,3,1,76,0.5441,1,high
INV-01185,Acme Corp,enterprise,manufacturing,170977.52,reporting_setup,2023-05-21,5,2,Sunday,15,13,1,1,1.0,0,2,1,58,0.5427,1,high
INV-00614,Jade Consulting,small,professional_services,13044.36,process_automation,2023-12-23,12,4,Saturday,30,8,17,1,0.06,1,5,0,0,0.5421,1,high
INV-01732,Granite Partners,enterprise,finance,182297.69,process_automation,2023-11-17,11,4,Friday,30,6,10,1,0.1,1,3,1,8,0.5418,1,high
INV-00106,Keystone Retail,enterprise,retail,173277.25,data_migration,2023-02-01,2,1,Wednesday,60,14,22,1,0.05,1,4,1,11,0.5415,1,high
INV-00587,Delta Group,enterprise,healthcare,97893.92,data_migration,2024-06-17,6,2,Monday,45,5,16,5,0.31,1,1,1,9,0.5409,1,high
INV-01341,Horizon LLC,small,technology,13557.98,analytics_consulting,2023-06-09,6,2,Friday,15,4,16,2,0.12,0,3,1,52,0.5404,1,high
INV-01828,Delta Group,enterprise,healthcare,48527.36,analytics_consulting,2023-01-10,1,1,Tuesday,15,13,19,1,0.05,1,1,1,29,0.54,1,high
INV-01807,Horizon LLC,small,technology,14663.2,data_migration,2023-07-23,7,3,Sunday,60,14,20,2,0.1,0,4,1,82,0.5393,1,high
INV-00983,Acme Corp,enterprise,manufacturing,170980.02,training,2024-08-16,8,3,Friday,45,4,14,7,0.5,1,3,1,2,0.5388,1,high
INV-00901,Ironclad Inc,mid-market,healthcare,63808.42,analytics_consulting,2024-03-07,3,1,Thursday,30,2,24,2,0.08,1,2,1,4,0.5388,1,high
INV-00831,Granite Partners,enterprise,finance,74413.71,training,2023-03-15,3,1,Wednesday,45,7,23,8,0.35,1,2,1,75,0.5377,1,high
INV-01062,Ironclad Inc,mid-market,healthcare,24230.48,process_automation,2024-05-07,5,2,Tuesday,15,10,14,7,0.5,1,4,1,60,0.5369,1,high
INV-00821,Birch Holdings,mid-market,finance,25818.14,training,2024-05-08,5,2,Wednesday,30,6,22,1,0.05,1,1,1,42,0.5362,1,high
INV-01919,Falcon Industries,mid-market,manufacturing,59045.37,training,2024-05-31,5,2,Friday,15,15,24,0,0.0,0,3,1,87,0.5362,1,high
INV-01574,Falcon Industries,mid-market,manufacturing,21555.38,training,2024-12-30,12,4,Monday,45,5,10,1,0.1,0,4,0,0,0.5345,1,high
INV-00941,Cedar Solutions,small,technology,4736.25,process_automation,2024-04-09,4,2,Tuesday,30,8,10,3,0.3,0,2,0,0,0.5341,1,high
INV-00130,Keystone Retail,enterprise,retail,138054.34,analytics_consulting,2023-12-03,12,4,Sunday,15,14,17,5,0.29,1,3,1,28,0.5335,1,high
INV-00332,Falcon Industries,mid-market,manufacturing,19309.57,training,2024-02-24,2,1,Saturday,60,6,3,3,1.0,1,2,1,8,0.5334,1,high
INV-00134,Echo Ventures,small,retail,10657.14,analytics_consulting,2024-04-25,4,2,Thursday,45,15,15,4,0.27,0,5,0,0,0.5331,1,high
INV-00514,Acme Corp,enterprise,manufacturing,83325.71,training,2024-12-04,12,4,Wednesday,15,2,4,4,1.0,1,3,1,40,0.5328,1,high
INV-00280,Falcon Industries,mid-market,manufacturing,39429.26,process_automation,2024-02-07,2,1,Wednesday,45,8,3,1,0.33,1,5,1,14,0.5324,1,high
INV-00258,Echo Ventures,small,retail,2199.13,process_automation,2023-03-26,3,1,Sunday,30,10,24,3,0.12,0,1,0,0,0.5319,1,high
INV-00499,Keystone Retail,enterprise,retail,82944.44,training,2024-08-14,8,3,Wednesday,45,3,2,0,0.0,1,2,1,37,0.5315,1,high
INV-01429,Granite Partners,enterprise,finance,118670.09,data_migration,2023-02-18,2,1,Saturday,45,14,1,1,1.0,1,1,1,75,0.5314,1,high
INV-00335,Falcon Industries,mid-market,manufacturing,53988.63,analytics_consulting,2024-06-27,6,2,Thursday,15,8,8,5,0.62,1,1,1,76,0.5306,1,high
INV-01239,Falcon Industries,mid-market,manufacturing,39362.29,data_migration,2024-10-24,10,4,Thursday,45,4,17,4,0.24,1,5,1,72,0.5303,1,high
INV-00348,Jade Consulting,small,professional_services,9752.86,reporting_setup,2024-11-25,11,4,Monday,30,12,20,0,0.0,0,2,1,63,0.53,1,high
INV-01718,Falcon Industries,mid-market,manufacturing,50881.36,data_migration,2023-04-20,4,2,Thursday,60,10,24,0,0.0,0,5,1,30,0.5299,1,high
INV-01623,Horizon LLC,small,technology,13838.05,reporting_setup,2024-11-13,11,4,Wednesday,15,2,1,1,1.0,0,5,0,0,0.5289,1,high
INV-00178,Falcon Industries,mid-market,manufacturing,49654.98,process_automation,2024-07-13,7,3,Saturday,45,7,8,4,0.5,0,2,0,0,0.5286,1,high
INV-01427,Jade Consulting,small,professional_services,12769.83,analytics_consulting,2024-08-08,8,3,Thursday,45,8,15,4,0.27,1,1,0,0,0.5276,1,high
INV-01276,Horizon LLC,small,technology,5411.5,process_automation,2024-05-01,5,2,Wednesday,30,4,18,2,0.11,0,2,1,16,0.5273,1,high
INV-00190,Horizon LLC,small,technology,10761.99,analytics_consulting,2023-11-11,11,4,Saturday,60,10,23,1,0.04,0,3,1,29,0.5271,1,high
INV-01047,Echo Ventures,small,retail,9484.95,process_automation,2023-05-02,5,2,Tuesday,45,4,24,0,0.0,1,3,0,0,0.5259,1,high
INV-01986,Keystone Retail,enterprise,retail,197701.49,reporting_setup,2023-07-07,7,3,Friday,60,13,14,6,0.43,0,4,0,0,0.5248,1,high
INV-01918,Acme Corp,enterprise,manufacturing,123047.95,process_automation,2024-01-15,1,1,Monday,30,14,14,3,0.21,1,3,1,85,0.5248,1,high
INV-00850,Cedar Solutions,small,technology,7937.64,training,2023-12-20,12,4,Wednesday,60,5,9,0,0.0,0,2,0,0,0.5241,1,high
INV-01666,Falcon Industries,mid-market,manufacturing,38997.5,data_migration,2024-03-30,3,1,Saturday,45,14,9,2,0.22,0,4,1,15,0.5233,1,high
INV-01771,Acme Corp,enterprise,manufacturing,63501.88,training,2024-04-08,4,2,Monday,60,15,8,1,0.12,0,1,1,83,0.5229,1,high
INV-01028,Jade Consulting,small,professional_services,11722.9,process_automation,2023-12-11,12,4,Monday,30,11,24,6,0.25,0,1,0,0,0.5215,1,high
INV-01259,Cedar Solutions,small,technology,7385.31,data_migration,2023-03-27,3,1,Monday,30,12,15,2,0.13,0,1,0,0,0.5204,1,high
INV-00902,Lumen Analytics,mid-market,technology,55591.11,process_automation,2024-03-10,3,1,Sunday,15,3,16,2,0.12,1,3,1,32,0.5196,1,high
INV-01108,Horizon LLC,small,technology,7426.62,analytics_consulting,2024-07-13,7,3,Saturday,15,15,19,6,0.32,0,4,0,0,0.5187,1,high
INV-01833,Acme Corp,enterprise,manufacturing,192582.07,reporting_setup,2023-04-04,4,2,Tuesday,30,5,10,0,0.0,0,1,0,0,0.5183,1,high
INV-00741,Acme Corp,enterprise,manufacturing,161963.09,process_automation,2024-01-22,1,1,Monday,15,2,15,0,0.0,1,4,1,87,0.5167,1,high
INV-00937,Ironclad Inc,mid-market,healthcare,21076.7,process_automation,2024-09-06,9,3,Friday,45,14,8,8,1.0,0,2,1,51,0.5158,1,high
INV-01382,Falcon Industries,mid-market,manufacturing,38358.97,data_migration,2024-01-26,1,1,Friday,60,15,14,1,0.07,0,3,1,47,0.5158,1,high
INV-01611,Echo Ventures,small,retail,10966.21,data_migration,2023-06-12,6,2,Monday,30,10,2,0,0.0,1,1,0,0,0.5155,1,high
INV-00895,Cedar Solutions,small,technology,6203.21,process_automation,2024-11-14,11,4,Thursday,45,4,9,7,0.78,0,3,0,0,0.5141,1,high
INV-00679,Echo Ventures,small,retail,3998.68,analytics_consulting,2023-12-16,12,4,Saturday,30,9,22,1,0.05,0,1,1,15,0.5139,1,high
INV-00859,Keystone Retail,enterprise,retail,181186.43,data_migration,2024-06-11,6,2,Tuesday,60,16,2,1,0.5,1,4,1,46,0.5138,1,high
INV-00658,Delta Group,enterprise,healthcare,152173.91,analytics_consulting,2024-09-06,9,3,Friday,45,7,14,2,0.14,1,2,1,34,0.5137,1,high
INV-00256,Falcon Industries,mid-market,manufacturing,46799.24,training,2024-07-14,7,3,Sunday,30,16,11,0,0.0,1,4,1,21,0.5137,1,high
INV-01269,Horizon LLC,small,technology,6060.32,reporting_setup,2024-02-02,2,1,Friday,45,13,5,5,1.0,0,2,1,25,0.5135,1,high
INV-00165,Echo Ventures,small,retail,2806.96,analytics_consulting,2024-04-05,4,2,Friday,30,10,13,6,0.46,1,2,0,0,0.5134,1,high
INV-01306,Horizon LLC,small,technology,5731.71,reporting_setup,2024-07-30,7,3,Tuesday,15,4,13,2,0.15,0,1,0,0,0.5129,1,high
INV-00977,Horizon LLC,small,technology,13288.45,data_migration,2024-08-20,8,3,Tuesday,60,16,4,0,0.0,0,5,0,0,0.5123,1,high
INV-01501,Cedar Solutions,small,technology,11102.62,data_migration,2023-04-15,4,2,Saturday,15,15,17,7,0.41,0,1,0,0,0.5116,1,high
INV-00724,Ironclad Inc,mid-market,healthcare,12716.49,training,2024-03-09,3,1,Saturday,60,15,20,4,0.2,0,2,1,62,0.5114,1,high
INV-00525,Birch Holdings,mid-market,finance,31149.58,training,2024-08-29,8,3,Thursday,60,4,15,2,0.13,1,4,1,14,0.5108,1,high
INV-01707,Keystone Retail,enterprise,retail,99795.64,process_automation,2023-03-30,3,1,Thursday,30,2,24,5,0.21,1,4,1,73,0.5089,1,high
INV-01882,Acme Corp,enterprise,manufacturing,118562.23,analytics_consulting,2024-07-11,7,3,Thursday,45,9,12,8,0.67,1,2,1,70,0.5088,1,high
INV-01319,Cedar Solutions,small,technology,6731.59,process_automation,2024-05-27,5,2,Monday,45,13,1,1,1.0,0,4,0,0,0.5084,1,high
INV-00618,Ironclad Inc,mid-market,healthcare,42091.33,data_migration,2023-02-11,2,1,Saturday,45,13,10,7,0.7,0,3,0,0,0.5078,1,high
INV-00674,Horizon LLC,small,technology,2718.0,training,2023-10-02,10,4,Monday,60,14,12,2,0.17,0,4,1,66,0.5062,1,high
INV-01129,Lumen Analytics,mid-market,technology,61586.91,reporting_setup,2023-03-23,3,1,Thursday,15,9,10,8,0.8,0,2,0,0,0.5054,1,high
INV-00978,Echo Ventures,small,retail,11692.4,training,2023-08-22,8,3,Tuesday,30,4,4,2,0.5,0,3,1,45,0.5048,1,high
INV-01858,Lumen Analytics,mid-market,technology,57074.33,training,2023-05-02,5,2,Tuesday,60,7,10,2,0.2,1,2,0,0,0.5039,1,high
INV-01059,Cedar Solutions,small,technology,4180.74,process_automation,2024-05-23,5,2,Thursday,30,3,17,3,0.18,1,1,0,0,0.5034,1,high
INV-00495,Cedar Solutions,small,technology,11883.62,analytics_consulting,2023-06-16,6,2,Friday,30,2,14,4,0.29,1,4,1,24,0.503,1,high
INV-01931,Ironclad Inc,mid-market,healthcare,73708.4,analytics_consulting,2023-01-02,1,1,Monday,60,1,9,2,0.22,0,2,1,66,0.5025,1,high
INV-01310,Delta Group,enterprise,healthcare,68439.63,training,2024-06-20,6,2,Thursday,45,13,14,0,0.0,1,2,1,4,0.5021,1,high
INV-00412,Cedar Solutions,small,technology,6267.22,process_automation,2023-03-30,3,1,Thursday,60,13,13,3,0.23,0,1,0,0,0.5021,1,high
INV-01056,Birch Holdings,mid-market,finance,72948.57,process_automation,2023-05-21,5,2,Sunday,15,3,24,3,0.12,0,3,1,43,0.5007,1,high
INV-01619,Granite Partners,enterprise,finance,103193.47,process_automation,2023-07-06,7,3,Thursday,45,14,20,4,0.2,1,2,1,1,0.4998,0,medium
INV-01909,Jade Consulting,small,professional_services,3014.23,data_migration,2024-08-22,8,3,Thursday,15,11,16,3,0.19,0,5,0,0,0.4994,0,medium
INV-00520,Lumen Analytics,mid-market,technology,71584.14,reporting_setup,2024-04-21,4,2,Sunday,30,5,20,4,0.2,0,4,1,86,0.4992,0,medium
INV-01834,Lumen Analytics,mid-market,technology,57427.08,process_automation,2024-02-28,2,1,Wednesday,60,4,16,7,0.44,1,3,0,0,0.4992,0,medium
INV-01870,Horizon LLC,small,technology,10283.68,reporting_setup,2024-05-19,5,2,Sunday,15,14,21,5,0.24,0,2,1,69,0.4989,0,medium
INV-00874,Delta Group,enterprise,healthcare,180258.91,reporting_setup,2024-08-21,8,3,Wednesday,15,5,21,1,0.05,1,2,1,58,0.4982,0,medium
INV-01920,Granite Partners,enterprise,finance,125742.82,data_migration,2023-01-21,1,1,Saturday,15,3,1,0,0.0,0,5,1,74,0.498,0,medium
INV-01192,Cedar Solutions,small,technology,14139.94,analytics_consulting,2024-03-05,3,1,Tuesday,30,5,24,2,0.08,1,1,0,0,0.4968,0,medium
INV-01514,Horizon LLC,small,technology,11801.2,reporting_setup,2024-10-03,10,4,Thursday,60,5,20,3,0.15,0,3,1,6,0.4958,0,medium
INV-01694,Jade Consulting,small,professional_services,12051.46,reporting_setup,2023-05-02,5,2,Tuesday,60,3,12,0,0.0,1,5,0,0,0.4955,0,medium
INV-00427,Lumen Analytics,mid-market,technology,62898.17,data_migration,2023-06-17,6,2,Saturday,30,16,21,1,0.05,0,3,1,47,0.4944,0,medium
INV-00374,Falcon Industries,mid-market,manufacturing,41642.31,training,2024-06-10,6,2,Monday,60,10,21,3,0.14,1,1,0,0,0.4941,0,medium
INV-01385,Cedar Solutions,small,technology,3749.49,reporting_setup,2023-08-23,8,3,Wednesday,45,3,8,1,0.12,0,5,0,0,0.4938,0,medium
INV-00550,Echo Ventures,small,retail,2436.88,analytics_consulting,2023-09-29,9,3,Friday,60,7,20,6,0.3,1,4,1,70,0.4938,0,medium
INV-01402,Birch Holdings,mid-market,finance,35635.96,reporting_setup,2024-09-23,9,3,Monday,45,2,2,1,0.5,1,2,1,73,0.4936,0,medium
INV-01090,Falcon Industries,mid-market,manufacturing,44494.56,training,2023-11-16,11,4,Thursday,45,7,6,5,0.83,0,2,0,0,0.492,0,medium
INV-01819,Delta Group,enterprise,healthcare,176255.85,process_automation,2024-04-17,4,2,Wednesday,60,13,7,5,0.71,1,4,0,0,0.4913,0,medium
INV-01347,Lumen Analytics,mid-market,technology,12232.24,analytics_consulting,2023-12-12,12,4,Tuesday,60,10,18,7,0.39,1,4,1,88,0.4913,0,medium
INV-00876,Lumen Analytics,mid-market,technology,68169.35,training,2023-09-16,9,3,Saturday,45,15,21,1,0.05,0,1,0,0,0.4906,0,medium
INV-01953,Acme Corp,enterprise,manufacturing,76298.76,analytics_consulting,2023-05-29,5,2,Monday,45,5,6,2,0.33,1,4,1,44,0.4904,0,medium
INV-01541,Keystone Retail,enterprise,retail,107319.65,data_migration,2023-09-14,9,3,Thursday,60,4,5,3,0.6,1,4,0,0,0.4902,0,medium
INV-00997,Ironclad Inc,mid-market,healthcare,65855.4,training,2023-09-24,9,3,Sunday,60,4,14,2,0.14,0,2,1,85,0.49,0,medium
INV-00382,Lumen Analytics,mid-market,technology,68865.82,analytics_consulting,2023-12-19,12,4,Tuesday,60,5,6,1,0.17,1,3,1,24,0.4896,0,medium
INV-01567,Birch Holdings,mid-market,finance,29992.73,analytics_consulting,2024-01-08,1,1,Monday,60,11,10,7,0.7,1,3,1,28,0.4887,0,medium
INV-00507,Acme Corp,enterprise,manufacturing,170919.43,analytics_consulting,2023-06-29,6,2,Thursday,45,16,16,0,0.0,1,4,1,59,0.4881,0,medium
INV-01600,Keystone Retail,enterprise,retail,61267.98,analytics_consulting,2023-06-04,6,2,Sunday,15,4,22,7,0.32,1,2,1,78,0.4858,0,medium
INV-00336,Echo Ventures,small,retail,5525.73,data_migration,2023-06-21,6,2,Wednesday,15,10,15,8,0.53,0,3,1,88,0.4856,0,medium
INV-01641,Ironclad Inc,mid-market,healthcare,38856.52,analytics_consulting,2023-11-16,11,4,Thursday,15,5,18,5,0.28,1,2,1,46,0.4845,0,medium
INV-00215,Echo Ventures,small,retail,12383.26,training,2023-01-18,1,1,Wednesday,60,6,4,0,0.0,0,2,1,68,0.4839,0,medium
INV-00334,Keystone Retail,enterprise,retail,193932.37,reporting_setup,2024-03-15,3,1,Friday,60,13,1,0,0.0,1,3,0,0,0.4833,0,medium
INV-00530,Jade Consulting,small,professional_services,6981.44,process_automation,2024-02-08,2,1,Thursday,60,14,18,3,0.17,0,4,1,72,0.483,0,medium
INV-01431,Delta Group,enterprise,healthcare,82535.6,reporting_setup,2023-01-15,1,1,Sunday,15,8,16,0,0.0,1,3,1,38,0.483,0,medium
INV-00446,Ironclad Inc,mid-market,healthcare,41279.92,data_migration,2024-06-17,6,2,Monday,45,10,7,5,0.71,0,2,0,0,0.483,0,medium
INV-01585,Lumen Analytics,mid-market,technology,57421.16,reporting_setup,2024-04-09,4,2,Tuesday,30,13,2,2,1.0,0,4,0,0,0.4829,0,medium
INV-01995,Acme Corp,enterprise,manufacturing,167656.07,data_migration,2023-07-06,7,3,Thursday,30,12,10,3,0.3,1,3,1,24,0.4819,0,medium
INV-00233,Birch Holdings,mid-market,finance,51166.84,reporting_setup,2024-02-23,2,1,Friday,30,8,9,2,0.22,0,4,1,77,0.4818,0,medium
INV-01544,Delta Group,enterprise,healthcare,173413.31,analytics_consulting,2024-07-06,7,3,Saturday,15,6,18,5,0.28,1,3,1,58,0.4816,0,medium
INV-00154,Ironclad Inc,mid-market,healthcare,55762.46,process_automation,2023-05-01,5,2,Monday,45,7,20,4,0.2,0,4,1,18,0.4807,0,medium
INV-01174,Cedar Solutions,small,technology,9250.19,training,2023-06-04,6,2,Sunday,45,3,15,3,0.2,1,5,0,0,0.4803,0,medium
INV-00993,Keystone Retail,enterprise,retail,168839.52,process_automation,2023-04-20,4,2,Thursday,15,16,23,5,0.22,0,1,0,0,0.4801,0,medium
INV-01536,Delta Group,enterprise,healthcare,40607.7,reporting_setup,2023-07-27,7,3,Thursday,30,5,11,5,0.45,1,2,1,52,0.4795,0,medium
INV-01227,Keystone Retail,enterprise,retail,64282.01,data_migration,2023-10-08,10,4,Sunday,60,8,8,3,0.38,1,2,1,38,0.4781,0,medium
INV-01733,Keystone Retail,enterprise,retail,63296.15,training,2023-07-11,7,3,Tuesday,30,8,10,5,0.5,0,1,1,5,0.4781,0,medium
INV-00397,Acme Corp,enterprise,manufacturing,125360.14,data_migration,2023-09-07,9,3,Thursday,30,6,5,5,1.0,1,5,1,22,0.478,0,medium
INV-00534,Echo Ventures,small,retail,1951.74,training,2024-02-25,2,1,Sunday,45,2,19,7,0.37,0,1,1,89,0.4774,0,medium
INV-01134,Horizon LLC,small,technology,4343.6,reporting_setup,2023-06-05,6,2,Monday,60,6,22,6,0.27,1,1,0,0,0.4772,0,medium
INV-01885,Acme Corp,enterprise,manufacturing,33036.75,data_migration,2023-02-18,2,1,Saturday,30,12,24,6,0.25,1,4,1,77,0.4766,0,medium
INV-01839,Birch Holdings,mid-market,finance,25320.9,reporting_setup,2024-06-27,6,2,Thursday,15,12,23,8,0.35,0,5,1,10,0.4751,0,medium
INV-00193,Delta Group,enterprise,healthcare,53794.0,training,2024-08-09,8,3,Friday,30,15,4,1,0.25,1,4,1,66,0.4751,0,medium
INV-01654,Acme Corp,enterprise,manufacturing,68119.39,reporting_setup,2024-12-04,12,4,Wednesday,45,13,23,0,0.0,1,1,0,0,0.4748,0,medium
INV-00483,Cedar Solutions,small,technology,5786.2,training,2024-11-02,11,4,Saturday,30,4,6,2,0.33,0,2,0,0,0.4746,0,medium
INV-00500,Jade Consulting,small,professional_services,14544.96,training,2024-11-07,11,4,Thursday,30,12,2,0,0.0,0,3,0,0,0.4745,0,medium
INV-01851,Cedar Solutions,small,technology,2077.06,process_automation,2024-09-29,9,3,Sunday,30,13,3,2,0.67,0,5,0,0,0.4745,0,medium
INV-01153,Cedar Solutions,small,technology,6416.18,data_migration,2024-08-21,8,3,Wednesday,45,13,16,2,0.12,0,2,0,0,0.4744,0,medium
INV-01074,Granite Partners,enterprise,finance,191505.04,reporting_setup,2023-01-18,1,1,Wednesday,60,4,15,3,0.2,1,1,1,30,0.4743,0,medium
INV-01295,Birch Holdings,mid-market,finance,55374.94,training,2023-11-23,11,4,Thursday,45,3,19,4,0.21,0,3,0,0,0.4736,0,medium
INV-00653,Keystone Retail,enterprise,retail,163712.4,training,2023-05-14,5,2,Sunday,60,11,15,7,0.47,0,2,1,88,0.471,0,medium
INV-01411,Delta Group,enterprise,healthcare,83819.48,analytics_consulting,2023-10-21,10,4,Saturday,30,11,19,6,0.32,0,1,1,2,0.4706,0,medium
INV-01836,Horizon LLC,small,technology,8328.15,analytics_consulting,2024-10-06,10,4,Sunday,45,3,6,1,0.17,1,1,0,0,0.4694,0,medium
INV-01098,Falcon Industries,mid-market,manufacturing,37064.62,data_migration,2024-06-12,6,2,Wednesday,60,2,3,1,0.33,0,5,1,35,0.469,0,medium
INV-00245,Keystone Retail,enterprise,retail,110687.35,analytics_consulting,2024-07-04,7,3,Thursday,30,5,6,2,0.33,1,5,1,46,0.4683,0,medium
INV-01609,Granite Partners,enterprise,finance,108879.34,process_automation,2023-05-07,5,2,Sunday,30,16,9,0,0.0,1,5,1,11,0.4683,0,medium
INV-00456,Ironclad Inc,mid-market,healthcare,13190.57,training,2024-09-30,9,3,Monday,45,8,20,1,0.05,1,2,0,0,0.4682,0,medium
INV-00299,Cedar Solutions,small,technology,6181.94,data_migration,2023-12-06,12,4,Wednesday,30,11,6,5,0.83,0,1,0,0,0.4682,0,medium
INV-01661,Keystone Retail,enterprise,retail,147604.72,reporting_setup,2023-07-08,7,3,Saturday,45,2,4,3,0.75,1,5,0,0,0.4681,0,medium
INV-01517,Falcon Industries,mid-market,manufacturing,42980.97,data_migration,2024-04-07,4,2,Sunday,15,3,10,4,0.4,0,1,0,0,0.4677,0,medium
INV-01138,Cedar Solutions,small,technology,6252.33,training,2024-02-15,2,1,Thursday,60,7,14,4,0.29,1,3,0,0,0.467,0,medium
INV-01850,Delta Group,enterprise,healthcare,80265.81,analytics_consulting,2023-02-13,2,1,Monday,45,13,8,6,0.75,1,2,0,0,0.4648,0,medium
INV-00070,Horizon LLC,small,technology,12135.68,analytics_consulting,2023-03-14,3,1,Tuesday,45,7,14,1,0.07,0,2,0,0,0.4643,0,medium
INV-01985,Ironclad Inc,mid-market,healthcare,74946.25,data_migration,2024-03-07,3,1,Thursday,60,6,6,2,0.33,0,2,0,0,0.464,0,medium
INV-01366,Jade Consulting,small,professional_services,4089.93,process_automation,2023-07-15,7,3,Saturday,45,11,17,6,0.35,1,5,0,0,0.4631,0,medium
INV-01907,Horizon LLC,small,technology,11521.14,reporting_setup,2023-03-31,3,1,Friday,60,6,19,6,0.32,0,1,0,0,0.462,0,medium
INV-01266,Horizon LLC,small,technology,8742.14,analytics_consulting,2024-05-05,5,2,Sunday,60,12,8,2,0.25,1,2,0,0,0.4615,0,medium
INV-00759,Horizon LLC,small,technology,10114.43,process_automation,2024-04-30,4,2,Tuesday,60,2,7,3,0.43,0,4,0,0,0.4605,0,medium
INV-01322,Cedar Solutions,small,technology,6015.56,training,2023-07-26,7,3,Wednesday,45,11,9,6,0.67,1,3,0,0,0.46,0,medium
INV-00449,Acme Corp,enterprise,manufacturing,147732.42,process_automation,2023-03-03,3,1,Friday,30,4,5,3,0.6,1,5,0,0,0.46,0,medium
INV-01197,Ironclad Inc,mid-market,healthcare,52848.65,analytics_consulting,2023-05-13,5,2,Saturday,30,4,23,6,0.26,1,5,1,29,0.4595,0,medium
INV-01970,Jade Consulting,small,professional_services,4862.06,process_automation,2024-06-11,6,2,Tuesday,30,4,4,1,0.25,0,1,0,0,0.4589,0,medium
INV-00642,Cedar Solutions,small,technology,12060.16,data_migration,2024-10-21,10,4,Monday,60,2,3,2,0.67,0,1,0,0,0.4582,0,medium
INV-01910,Keystone Retail,enterprise,retail,41659.94,process_automation,2024-12-26,12,4,Thursday,30,3,18,6,0.33,1,3,0,0,0.457,0,medium
INV-00010,Cedar Solutions,small,technology,11703.06,reporting_setup,2024-06-05,6,2,Wednesday,15,4,5,5,1.0,1,4,0,0,0.457,0,medium
INV-01809,Lumen Analytics,mid-market,technology,32734.7,analytics_consulting,2023-01-09,1,1,Monday,45,6,17,2,0.12,0,2,0,0,0.4569,0,medium
INV-01245,Cedar Solutions,small,technology,12219.73,reporting_setup,2023-09-03,9,3,Sunday,30,2,12,0,0.0,0,4,0,0,0.4566,0,medium
INV-01147,Lumen Analytics,mid-market,technology,56580.6,process_automation,2023-02-10,2,1,Friday,60,15,14,1,0.07,1,3,0,0,0.4563,0,medium
INV-01633,Cedar Solutions,small,technology,8546.27,reporting_setup,2023-05-04,5,2,Thursday,45,8,19,7,0.37,0,3,0,0,0.4559,0,medium
INV-01736,Echo Ventures,small,retail,6010.12,process_automation,2024-11-25,11,4,Monday,60,15,11,2,0.18,1,5,0,0,0.4555,0,medium
INV-00989,Ironclad Inc,mid-market,healthcare,15563.87,process_automation,2023-07-24,7,3,Monday,45,15,18,2,0.11,1,4,1,68,0.4554,0,medium
INV-01638,Granite Partners,enterprise,finance,32703.71,process_automation,2023-04-26,4,2,Wednesday,60,8,6,3,0.5,1,5,0,0,0.4551,0,medium
INV-01170,Delta Group,enterprise,healthcare,170696.55,process_automation,2024-11-08,11,4,Friday,45,1,11,6,0.55,1,3,0,0,0.4549,0,medium
INV-00217,Keystone Retail,enterprise,retail,95923.7,data_migration,2024-10-27,10,4,Sunday,15,13,18,7,0.39,1,1,0,0,0.4547,0,medium
INV-01175,Echo Ventures,small,retail,10809.2,training,2024-07-24,7,3,Wednesday,45,5,3,2,0.67,0,3,0,0,0.4546,0,medium
INV-00623,Horizon LLC,small,technology,11867.99,process_automation,2024-06-07,6,2,Friday,30,4,4,2,0.5,0,2,0,0,0.4529,0,medium
INV-00148,Horizon LLC,small,technology,13978.19,reporting_setup,2024-12-09,12,4,Monday,45,9,3,3,1.0,1,5,0,0,0.4529,0,medium
INV-01092,Keystone Retail,enterprise,retail,132970.48,reporting_setup,2023-12-21,12,4,Thursday,30,7,13,5,0.38,1,1,1,47,0.4524,0,medium
INV-01442,Echo Ventures,small,retail,14664.25,reporting_setup,2023-12-15,12,4,Friday,15,12,3,3,1.0,1,3,1,4,0.451,0,medium
INV-01237,Falcon Industries,mid-market,manufacturing,47310.19,data_migration,2023-04-02,4,2,Sunday,60,13,14,6,0.43,0,2,0,0,0.4506,0,medium
INV-01613,Falcon Industries,mid-market,manufacturing,64827.85,process_automation,2024-01-16,1,1,Tuesday,60,8,9,7,0.78,0,2,0,0,0.4495,0,medium
INV-00136,Lumen Analytics,mid-market,technology,15451.88,data_migration,2024-06-12,6,2,Wednesday,45,6,9,7,0.78,0,2,0,0,0.4486,0,medium
INV-00274,Echo Ventures,small,retail,3111.91,training,2023-03-21,3,1,Tuesday,45,2,6,1,0.17,0,1,0,0,0.4482,0,medium
INV-00150,Cedar Solutions,small,technology,7536.25,reporting_setup,2024-12-07,12,4,Saturday,45,12,20,6,0.3,1,1,1,82,0.4471,0,medium
INV-01547,Cedar Solutions,small,technology,10597.42,process_automation,2023-08-18,8,3,Friday,45,3,13,5,0.38,1,3,0,0,0.447,0,medium
INV-00516,Echo Ventures,small,retail,4288.79,data_migration,2023-04-28,4,2,Friday,15,12,18,5,0.28,1,3,0,0,0.4457,0,medium
INV-01872,Lumen Analytics,mid-market,technology,47671.1,process_automation,2023-04-24,4,2,Monday,60,8,18,4,0.22,1,4,1,87,0.4455,0,medium
INV-00807,Birch Holdings,mid-market,finance,20778.53,analytics_consulting,2024-06-14,6,2,Friday,60,14,9,4,0.44,0,5,0,0,0.4446,0,medium
INV-01494,Cedar Solutions,small,technology,11300.86,reporting_setup,2024-12-14,12,4,Saturday,45,10,14,4,0.29,1,2,0,0,0.4439,0,medium
INV-01434,Echo Ventures,small,retail,6056.65,data_migration,2023-07-03,7,3,Monday,60,15,17,1,0.06,0,5,1,11,0.4438,0,medium
INV-00281,Cedar Solutions,small,technology,6987.92,reporting_setup,2024-04-05,4,2,Friday,45,12,7,7,1.0,1,3,0,0,0.4437,0,medium
INV-00248,Horizon LLC,small,technology,9231.64,training,2024-07-16,7,3,Tuesday,15,9,18,5,0.28,0,1,0,0,0.4436,0,medium
INV-01620,Falcon Industries,mid-market,manufacturing,20177.99,analytics_consulting,2023-07-23,7,3,Sunday,60,15,9,6,0.67,0,4,0,0,0.4431,0,medium
INV-01749,Delta Group,enterprise,healthcare,182239.45,analytics_consulting,2024-01-17,1,1,Wednesday,15,5,17,1,0.06,1,1,0,0,0.4419,0,medium
INV-01769,Cedar Solutions,small,technology,5086.88,process_automation,2023-09-03,9,3,Sunday,15,13,4,2,0.5,1,3,0,0,0.4417,0,medium
INV-01577,Keystone Retail,enterprise,retail,144349.11,reporting_setup,2024-10-10,10,4,Thursday,30,10,10,4,0.4,0,5,0,0,0.4417,0,medium
INV-01194,Acme Corp,enterprise,manufacturing,119408.11,reporting_setup,2023-05-28,5,2,Sunday,15,6,6,0,0.0,1,2,1,9,0.4414,0,medium
INV-00574,Jade Consulting,small,professional_services,9304.64,training,2023-06-10,6,2,Saturday,30,8,3,3,1.0,0,4,0,0,0.4412,0,medium
INV-01955,Horizon LLC,small,technology,9829.82,analytics_consulting,2024-04-30,4,2,Tuesday,60,7,22,2,0.09,0,3,1,29,0.4411,0,medium
INV-01671,Echo Ventures,small,retail,10709.32,training,2024-07-04,7,3,Thursday,60,3,15,7,0.47,0,4,0,0,0.441,0,medium
INV-00469,Cedar Solutions,small,technology,7924.04,process_automation,2023-05-16,5,2,Tuesday,15,2,18,6,0.33,1,4,0,0,0.441,0,medium
INV-00911,Falcon Industries,mid-market,manufacturing,55672.69,process_automation,2024-02-05,2,1,Monday,30,4,11,6,0.55,0,5,1,20,0.4398,0,medium
INV-01002,Falcon Industries,mid-market,manufacturing,39866.31,training,2024-11-02,11,4,Saturday,45,5,9,4,0.44,0,1,0,0,0.4398,0,medium
INV-01021,Cedar Solutions,small,technology,6220.51,data_migration,2023-10-17,10,4,Tuesday,45,8,10,2,0.2,0,4,0,0,0.4394,0,medium
INV-01650,Horizon LLC,small,technology,5165.23,analytics_consulting,2024-07-18,7,3,Thursday,15,15,9,6,0.67,0,1,0,0,0.4389,0,medium
INV-01097,Echo Ventures,small,retail,5990.98,training,2023-07-18,7,3,Tuesday,15,11,23,2,0.09,0,5,0,0,0.4389,0,medium
INV-01084,Falcon Industries,mid-market,manufacturing,48639.54,data_migration,2023-04-07,4,2,Friday,60,3,12,8,0.67,0,3,0,0,0.4385,0,medium
INV-00328,Falcon Industries,mid-market,manufacturing,68924.22,training,2023-08-16,8,3,Wednesday,60,12,17,4,0.24,0,5,1,13,0.4374,0,medium
INV-01954,Cedar Solutions,small,technology,11696.94,training,2023-08-08,8,3,Tuesday,45,5,24,0,0.0,0,3,0,0,0.4367,0,medium
INV-00311,Cedar Solutions,small,technology,3203.51,analytics_consulting,2023-06-21,6,2,Wednesday,30,14,3,3,1.0,1,2,0,0,0.4348,0,medium
INV-00680,Acme Corp,enterprise,manufacturing,146066.09,reporting_setup,2023-06-25,6,2,Sunday,60,16,10,5,0.5,1,4,0,0,0.4346,0,medium
INV-00255,Acme Corp,enterprise,manufacturing,173768.59,reporting_setup,2023-04-06,4,2,Thursday,45,13,7,6,0.86,1,4,1,37,0.4342,0,medium
INV-01520,Jade Consulting,small,professional_services,9132.09,analytics_consulting,2023-09-12,9,3,Tuesday,45,10,1,1,1.0,0,2,0,0,0.4316,0,medium
INV-01838,Horizon LLC,small,technology,9240.95,analytics_consulting,2023-09-13,9,3,Wednesday,60,3,6,0,0.0,1,1,0,0,0.4312,0,medium
INV-01353,Lumen Analytics,mid-market,technology,37210.6,training,2024-01-13,1,1,Saturday,15,2,9,6,0.67,0,4,1,12,0.4307,0,medium
INV-00377,Cedar Solutions,small,technology,9261.99,training,2023-09-15,9,3,Friday,15,8,9,6,0.67,1,4,0,0,0.4289,0,medium
INV-01020,Delta Group,enterprise,healthcare,198414.28,training,2024-02-27,2,1,Tuesday,15,1,24,3,0.12,1,1,1,57,0.4283,0,medium
INV-01111,Jade Consulting,small,professional_services,14345.17,training,2024-12-15,12,4,Sunday,30,5,5,5,1.0,1,1,0,0,0.4281,0,medium
INV-01975,Cedar Solutions,small,technology,9552.26,analytics_consulting,2023-05-22,5,2,Monday,60,10,1,0,0.0,0,4,1,68,0.4278,0,medium
INV-01621,Birch Holdings,mid-market,finance,44100.03,training,2023-12-28,12,4,Thursday,15,5,23,7,0.3,1,1,0,0,0.4276,0,medium
INV-01419,Lumen Analytics,mid-market,technology,56711.63,training,2023-11-24,11,4,Friday,30,14,14,1,0.07,0,5,0,0,0.4265,0,medium
INV-01495,Lumen Analytics,mid-market,technology,23901.83,process_automation,2023-05-14,5,2,Sunday,60,10,9,1,0.11,0,1,0,0,0.4248,0,medium
INV-01508,Falcon Industries,mid-market,manufacturing,59173.88,training,2023-01-28,1,1,Saturday,30,14,7,2,0.29,0,2,0,0,0.4245,0,medium
INV-01647,Lumen Analytics,mid-market,technology,68917.89,analytics_consulting,2023-01-23,1,1,Monday,45,9,10,7,0.7,1,1,0,0,0.4242,0,medium
INV-01956,Cedar Solutions,small,technology,10295.87,reporting_setup,2024-04-26,4,2,Friday,15,10,24,8,0.33,1,2,1,45,0.4241,0,medium
INV-01110,Ironclad Inc,mid-market,healthcare,60314.71,reporting_setup,2023-04-21,4,2,Friday,60,13,19,0,0.0,1,2,0,0,0.4235,0,medium
INV-01264,Cedar Solutions,small,technology,6646.38,analytics_consulting,2023-04-17,4,2,Monday,15,2,13,1,0.08,0,1,0,0,0.4233,0,medium
INV-01034,Cedar Solutions,small,technology,9328.52,training,2024-12-01,12,4,Sunday,60,2,18,3,0.17,1,3,0,0,0.4228,0,medium
INV-01348,Cedar Solutions,small,technology,2432.84,data_migration,2024-08-30,8,3,Friday,60,6,15,4,0.27,0,4,0,0,0.4226,0,medium
INV-01282,Cedar Solutions,small,technology,8431.21,process_automation,2024-01-09,1,1,Tuesday,30,1,16,5,0.31,0,1,0,0,0.4225,0,medium
INV-01832,Delta Group,enterprise,healthcare,47234.76,analytics_consulting,2023-10-05,10,4,Thursday,15,10,15,1,0.07,0,5,0,0,0.4222,0,medium
INV-01803,Birch Holdings,mid-market,finance,41608.85,data_migration,2023-12-27,12,4,Wednesday,45,13,9,4,0.44,0,4,0,0,0.4218,0,medium
INV-01309,Falcon Industries,mid-market,manufacturing,63568.87,training,2024-09-11,9,3,Wednesday,30,7,20,1,0.05,1,1,0,0,0.4205,0,medium
INV-00885,Keystone Retail,enterprise,retail,167948.23,training,2024-09-10,9,3,Tuesday,30,8,11,4,0.36,1,4,1,30,0.4205,0,medium
INV-01296,Lumen Analytics,mid-market,technology,29516.07,process_automation,2024-05-06,5,2,Monday,60,16,11,8,0.73,0,2,1,22,0.4205,0,medium
INV-00439,Cedar Solutions,small,technology,4478.0,reporting_setup,2024-10-23,10,4,Wednesday,60,3,14,3,0.21,0,5,0,0,0.42,0,medium
INV-00061,Acme Corp,enterprise,manufacturing,95770.2,process_automation,2023-04-06,4,2,Thursday,30,8,10,5,0.5,1,5,0,0,0.4192,0,medium
INV-01697,Cedar Solutions,small,technology,6030.79,reporting_setup,2023-03-16,3,1,Thursday,45,11,4,3,0.75,0,3,0,0,0.4182,0,medium
INV-01808,Jade Consulting,small,professional_services,9185.68,process_automation,2024-10-27,10,4,Sunday,30,13,8,5,0.62,1,3,0,0,0.418,0,medium
INV-00721,Jade Consulting,small,professional_services,8366.39,analytics_consulting,2024-08-23,8,3,Friday,60,13,4,2,0.5,1,4,0,0,0.4178,0,medium
INV-00840,Acme Corp,enterprise,manufacturing,46532.93,reporting_setup,2024-07-22,7,3,Monday,45,5,19,3,0.16,1,1,0,0,0.4175,0,medium
INV-01957,Lumen Analytics,mid-market,technology,17276.54,training,2024-01-03,1,1,Wednesday,45,2,5,0,0.0,1,1,0,0,0.417,0,medium
INV-01130,Acme Corp,enterprise,manufacturing,62661.62,training,2024-01-19,1,1,Friday,60,14,9,2,0.22,1,1,0,0,0.4168,0,medium
INV-01484,Birch Holdings,mid-market,finance,13721.09,training,2024-03-25,3,1,Monday,45,1,24,2,0.08,0,3,0,0,0.4168,0,medium
INV-01152,Cedar Solutions,small,technology,9700.57,analytics_consulting,2024-12-12,12,4,Thursday,30,13,9,3,0.33,1,2,0,0,0.4168,0,medium
INV-00786,Birch Holdings,mid-market,finance,57060.75,data_migration,2023-08-14,8,3,Monday,30,2,14,8,0.57,1,3,0,0,0.4167,0,medium
INV-01800,Cedar Solutions,small,technology,10611.83,reporting_setup,2023-05-16,5,2,Tuesday,60,1,15,5,0.33,0,5,0,0,0.4161,0,medium
INV-00366,Lumen Analytics,mid-market,technology,35191.05,data_migration,2023-10-22,10,4,Sunday,60,11,18,0,0.0,1,3,1,57,0.4153,0,medium
INV-00766,Cedar Solutions,small,technology,11265.03,analytics_consulting,2024-02-12,2,1,Monday,30,7,16,3,0.19,0,5,0,0,0.4152,0,medium
INV-00184,Acme Corp,enterprise,manufacturing,118651.65,training,2023-04-02,4,2,Sunday,30,2,6,3,0.5,0,2,0,0,0.4142,0,medium
INV-01727,Delta Group,enterprise,healthcare,192972.76,process_automation,2024-10-31,10,4,Thursday,30,12,12,3,0.25,0,5,1,6,0.414,0,medium
INV-00402,Jade Consulting,small,professional_services,8547.6,data_migration,2024-07-06,7,3,Saturday,60,12,2,2,1.0,0,2,0,0,0.4134,0,medium
INV-01479,Ironclad Inc,mid-market,healthcare,35649.46,training,2023-04-26,4,2,Wednesday,60,5,2,2,1.0,1,2,0,0,0.4131,0,medium
INV-00001,Keystone Retail,enterprise,retail,67856.07,data_migration,2023-04-25,4,2,Tuesday,45,5,24,1,0.04,1,5,1,55,0.4126,0,medium
INV-01502,Jade Consulting,small,professional_services,10016.79,analytics_consulting,2023-07-23,7,3,Sunday,15,7,16,3,0.19,1,3,0,0,0.4117,0,medium
INV-01938,Delta Group,enterprise,healthcare,103663.75,process_automation,2024-02-19,2,1,Monday,60,9,4,1,0.25,1,5,1,15,0.4108,0,medium
INV-00291,Ironclad Inc,mid-market,healthcare,73308.69,training,2024-01-02,1,1,Tuesday,30,4,8,3,0.38,1,1,0,0,0.4103,0,medium
INV-01780,Acme Corp,enterprise,manufacturing,91164.61,data_migration,2023-07-23,7,3,Sunday,30,12,12,2,0.17,1,4,1,4,0.4097,0,medium
INV-01410,Acme Corp,enterprise,manufacturing,78901.3,process_automation,2023-12-08,12,4,Friday,15,16,16,6,0.38,1,4,0,0,0.4096,0,medium
INV-00784,Ironclad Inc,mid-market,healthcare,54872.54,data_migration,2024-10-18,10,4,Friday,60,15,2,2,1.0,1,4,0,0,0.4093,0,medium
INV-01630,Ironclad Inc,mid-market,healthcare,36698.22,data_migration,2023-06-25,6,2,Sunday,15,6,22,0,0.0,0,3,1,70,0.4092,0,medium
INV-01627,Birch Holdings,mid-market,finance,28632.58,analytics_consulting,2023-06-02,6,2,Friday,60,2,16,7,0.44,0,2,1,23,0.4091,0,medium
INV-01376,Echo Ventures,small,retail,4823.6,data_migration,2024-05-12,5,2,Sunday,15,14,8,3,0.38,0,2,0,0,0.4083,0,medium
INV-00416,Horizon LLC,small,technology,6666.09,process_automation,2023-04-30,4,2,Sunday,15,8,22,3,0.14,0,4,0,0,0.4071,0,medium
INV-01150,Lumen Analytics,mid-market,technology,48637.83,training,2023-09-22,9,3,Friday,45,5,5,4,0.8,1,2,0,0,0.4067,0,medium
INV-00964,Echo Ventures,small,retail,2739.29,reporting_setup,2023-11-26,11,4,Sunday,30,10,23,1,0.04,1,2,0,0,0.4066,0,medium
INV-00922,Horizon LLC,small,technology,5258.06,reporting_setup,2023-08-06,8,3,Sunday,15,2,18,2,0.11,0,2,0,0,0.4059,0,medium
INV-01562,Lumen Analytics,mid-market,technology,35289.97,analytics_consulting,2024-05-09,5,2,Thursday,45,6,13,3,0.23,0,2,1,78,0.4058,0,medium
INV-00893,Keystone Retail,enterprise,retail,54672.84,data_migration,2024-01-29,1,1,Monday,60,4,8,1,0.12,0,3,1,79,0.4052,0,medium
INV-01067,Falcon Industries,mid-market,manufacturing,52570.55,training,2023-12-28,12,4,Thursday,15,7,12,8,0.67,1,2,0,0,0.4051,0,medium
INV-01679,Jade Consulting,small,professional_services,13444.79,training,2024-06-24,6,2,Monday,30,2,10,5,0.5,0,2,0,0,0.4038,0,medium
INV-01976,Falcon Industries,mid-market,manufacturing,27035.2,data_migration,2024-05-27,5,2,Monday,60,11,5,3,0.6,1,3,0,0,0.4035,0,medium
INV-01625,Jade Consulting,small,professional_services,10228.88,data_migration,2024-05-28,5,2,Tuesday,45,16,13,8,0.62,0,2,0,0,0.4031,0,medium
INV-00172,Cedar Solutions,small,technology,3693.78,training,2023-12-02,12,4,Saturday,45,10,19,5,0.26,0,5,0,0,0.4024,0,medium
INV-01594,Lumen Analytics,mid-market,technology,21262.31,training,2023-02-25,2,1,Saturday,30,2,9,8,0.89,0,4,0,0,0.4023,0,medium
INV-00289,Ironclad Inc,mid-market,healthcare,74311.24,training,2023-09-13,9,3,Wednesday,15,12,16,8,0.5,0,3,0,0,0.4021,0,medium
INV-00042,Delta Group,enterprise,healthcare,104697.83,training,2024-05-01,5,2,Wednesday,15,7,23,6,0.26,1,2,1,89,0.4018,0,medium
INV-00395,Horizon LLC,small,technology,8446.31,analytics_consulting,2023-06-19,6,2,Monday,15,9,7,2,0.29,1,3,0,0,0.4015,0,medium
INV-00668,Jade Consulting,small,professional_services,4823.13,reporting_setup,2023-07-04,7,3,Tuesday,15,16,22,1,0.05,0,1,1,88,0.4014,0,medium
INV-01531,Echo Ventures,small,retail,13080.8,process_automation,2023-03-24,3,1,Friday,15,11,2,1,0.5,0,2,0,0,0.4011,0,medium
INV-01865,Jade Consulting,small,professional_services,2305.16,training,2023-06-25,6,2,Sunday,15,13,18,6,0.33,1,4,0,0,0.4011,0,medium
INV-00782,Cedar Solutions,small,technology,3892.69,data_migration,2023-06-24,6,2,Saturday,15,4,18,6,0.33,1,1,0,0,0.4011,0,medium
INV-01963,Horizon LLC,small,technology,3083.12,training,2023-02-10,2,1,Friday,30,14,11,4,0.36,0,2,0,0,0.401,0,medium
INV-01914,Horizon LLC,small,technology,14004.11,reporting_setup,2023-03-25,3,1,Saturday,15,10,9,5,0.56,0,3,0,0,0.4004,0,medium
INV-00325,Jade Consulting,small,professional_services,10739.58,process_automation,2024-09-15,9,3,Sunday,45,16,3,2,0.67,0,3,0,0,0.3995,0,medium
INV-01813,Echo Ventures,small,retail,13340.49,training,2023-08-20,8,3,Sunday,45,9,1,0,0.0,1,1,0,0,0.3994,0,medium
INV-00667,Delta Group,enterprise,healthcare,156238.91,analytics_consulting,2023-10-18,10,4,Wednesday,30,9,19,3,0.16,1,1,0,0,0.3973,0,medium
INV-01864,Cedar Solutions,small,technology,8922.75,analytics_consulting,2023-10-04,10,4,Wednesday,30,1,12,8,0.67,0,4,0,0,0.396,0,medium
INV-01386,Lumen Analytics,mid-market,technology,71231.05,process_automation,2023-06-30,6,2,Friday,60,6,8,0,0.0,0,2,0,0,0.3955,0,medium
INV-01723,Lumen Analytics,mid-market,technology,38610.05,process_automation,2023-07-07,7,3,Friday,45,11,2,1,0.5,1,4,1,57,0.3954,0,medium
INV-01561,Delta Group,enterprise,healthcare,84532.56,training,2023-07-19,7,3,Wednesday,15,6,9,1,0.11,1,3,1,44,0.3949,0,medium
INV-01686,Echo Ventures,small,retail,14035.51,analytics_consulting,2023-03-05,3,1,Sunday,45,8,21,1,0.05,0,1,0,0,0.3943,0,medium
INV-01465,Falcon Industries,mid-market,manufacturing,42054.79,analytics_consulting,2024-04-27,4,2,Saturday,45,14,18,0,0.0,0,1,0,0,0.3938,0,medium
INV-00815,Falcon Industries,mid-market,manufacturing,63095.07,process_automation,2024-11-29,11,4,Friday,45,12,22,6,0.27,1,1,0,0,0.3938,0,medium
INV-01708,Cedar Solutions,small,technology,7742.07,data_migration,2023-07-24,7,3,Monday,15,14,19,5,0.26,0,1,0,0,0.3933,0,medium
INV-01891,Birch Holdings,mid-market,finance,66695.78,process_automation,2023-11-28,11,4,Tuesday,60,5,11,6,0.55,0,2,0,0,0.3928,0,medium
INV-00189,Delta Group,enterprise,healthcare,77840.52,process_automation,2024-04-02,4,2,Tuesday,45,1,9,5,0.56,1,1,0,0,0.3917,0,medium
INV-01518,Horizon LLC,small,technology,6938.54,training,2023-09-19,9,3,Tuesday,30,14,20,6,0.3,0,3,0,0,0.3915,0,medium
INV-00262,Cedar Solutions,small,technology,13109.49,training,2024-02-26,2,1,Monday,60,3,4,1,0.25,0,5,0,0,0.3914,0,medium
INV-00528,Keystone Retail,enterprise,retail,198300.62,reporting_setup,2023-11-08,11,4,Wednesday,45,1,20,8,0.4,1,2,0,0,0.3911,0,medium
INV-00524,Jade Consulting,small,professional_services,8851.11,reporting_setup,2024-03-17,3,1,Sunday,45,8,6,5,0.83,0,5,0,0,0.3911,0,medium
INV-00763,Echo Ventures,small,retail,12109.29,training,2024-05-28,5,2,Tuesday,15,8,4,0,0.0,1,1,0,0,0.391,0,medium
INV-01629,Birch Holdings,mid-market,finance,67422.62,process_automation,2024-12-29,12,4,Sunday,30,5,1,0,0.0,0,5,0,0,0.3904,0,medium
INV-01470,Horizon LLC,small,technology,2851.26,reporting_setup,2023-08-10,8,3,Thursday,45,8,19,4,0.21,1,3,0,0,0.3901,0,medium
INV-01906,Lumen Analytics,mid-market,technology,16599.27,reporting_setup,2023-08-20,8,3,Sunday,15,4,12,6,0.5,0,2,1,49,0.3899,0,medium
INV-00878,Lumen Analytics,mid-market,technology,54505.13,reporting_setup,2023-07-14,7,3,Friday,60,3,6,3,0.5,0,4,0,0,0.3898,0,medium
INV-01275,Falcon Industries,mid-market,manufacturing,72267.18,analytics_consulting,2024-01-01,1,1,Monday,30,10,3,2,0.67,0,3,0,0,0.3885,0,medium
INV-00410,Ironclad Inc,mid-market,healthcare,71471.53,training,2023-10-21,10,4,Saturday,15,6,21,7,0.33,0,2,0,0,0.3872,0,medium
INV-01887,Delta Group,enterprise,healthcare,100598.81,training,2024-03-24,3,1,Sunday,45,2,17,7,0.41,0,1,0,0,0.387,0,medium
INV-01069,Acme Corp,enterprise,manufacturing,112762.38,training,2023-01-21,1,1,Saturday,15,16,2,0,0.0,1,1,1,89,0.3867,0,medium
INV-00512,Birch Holdings,mid-market,finance,61936.64,training,2024-03-30,3,1,Saturday,15,5,7,5,0.71,0,5,1,42,0.3867,0,medium
INV-01270,Jade Consulting,small,professional_services,13654.78,training,2023-07-19,7,3,Wednesday,45,14,12,4,0.33,1,2,0,0,0.3864,0,medium
INV-00790,Jade Consulting,small,professional_services,5982.63,reporting_setup,2023-11-29,11,4,Wednesday,30,11,22,7,0.32,1,1,0,0,0.3863,0,medium
INV-00742,Acme Corp,enterprise,manufacturing,173737.63,data_migration,2024-07-26,7,3,Friday,45,13,4,4,1.0,1,2,0,0,0.3862,0,medium
INV-01713,Lumen Analytics,mid-market,technology,44061.16,reporting_setup,2024-01-04,1,1,Thursday,45,8,11,2,0.18,0,1,0,0,0.386,0,medium
INV-00548,Cedar Solutions,small,technology,13596.02,training,2024-01-20,1,1,Saturday,30,6,9,4,0.44,0,1,0,0,0.386,0,medium
INV-01593,Cedar Solutions,small,technology,3264.02,training,2024-08-16,8,3,Friday,30,1,22,1,0.05,1,3,0,0,0.3856,0,medium
INV-01126,Ironclad Inc,mid-market,healthcare,15463.05,analytics_consulting,2024-02-10,2,1,Saturday,30,4,5,5,1.0,1,4,0,0,0.3854,0,medium
INV-01078,Ironclad Inc,mid-market,healthcare,30919.47,process_automation,2024-05-26,5,2,Sunday,30,16,17,8,0.47,0,1,0,0,0.3853,0,medium
INV-00912,Acme Corp,enterprise,manufacturing,127612.69,reporting_setup,2024-08-24,8,3,Saturday,60,2,10,2,0.2,1,4,1,81,0.3853,0,medium
INV-01450,Jade Consulting,small,professional_services,12637.84,reporting_setup,2024-11-13,11,4,Wednesday,30,10,12,2,0.17,0,5,0,0,0.3852,0,medium
INV-00948,Cedar Solutions,small,technology,4189.71,process_automation,2023-10-02,10,4,Monday,60,3,12,8,0.67,0,4,0,0,0.3849,0,medium
INV-01617,Ironclad Inc,mid-market,healthcare,16608.32,reporting_setup,2023-02-13,2,1,Monday,60,2,15,3,0.2,1,1,0,0,0.3849,0,medium
INV-00583,Lumen Analytics,mid-market,technology,18996.38,training,2023-03-10,3,1,Friday,30,11,8,8,1.0,1,4,0,0,0.3848,0,medium
INV-01232,Horizon LLC,small,technology,14367.71,reporting_setup,2024-08-28,8,3,Wednesday,15,6,1,1,1.0,0,1,0,0,0.3847,0,medium
INV-01263,Acme Corp,enterprise,manufacturing,115658.28,data_migration,2023-04-25,4,2,Tuesday,60,1,20,2,0.1,1,3,0,0,0.3843,0,medium
INV-00445,Ironclad Inc,mid-market,healthcare,35292.99,analytics_consulting,2024-11-12,11,4,Tuesday,60,10,11,2,0.18,0,1,0,0,0.3842,0,medium
INV-00740,Falcon Industries,mid-market,manufacturing,71330.59,process_automation,2023-02-25,2,1,Saturday,30,15,4,3,0.75,0,1,0,0,0.3839,0,medium
INV-01064,Ironclad Inc,mid-market,healthcare,46546.73,reporting_setup,2023-08-09,8,3,Wednesday,15,11,9,5,0.56,0,4,0,0,0.3836,0,medium
INV-00018,Delta Group,enterprise,healthcare,67524.52,analytics_consulting,2024-07-06,7,3,Saturday,60,16,14,3,0.21,1,4,1,53,0.3823,0,medium
INV-00434,Horizon LLC,small,technology,8611.02,analytics_consulting,2024-10-03,10,4,Thursday,30,6,1,0,0.0,0,3,0,0,0.3821,0,medium
INV-01699,Birch Holdings,mid-market,finance,71097.75,training,2024-09-15,9,3,Sunday,60,14,9,2,0.22,1,5,0,0,0.382,0,medium
INV-01278,Keystone Retail,enterprise,retail,157242.86,reporting_setup,2023-05-31,5,2,Wednesday,15,5,13,7,0.54,1,2,0,0,0.3815,0,medium
INV-00671,Echo Ventures,small,retail,8886.61,data_migration,2023-11-27,11,4,Monday,15,13,3,3,1.0,1,2,0,0,0.3808,0,medium
INV-00799,Ironclad Inc,mid-market,healthcare,63274.25,reporting_setup,2024-09-16,9,3,Monday,30,16,1,1,1.0,0,1,0,0,0.3805,0,medium
INV-01466,Cedar Solutions,small,technology,4266.95,reporting_setup,2023-08-25,8,3,Friday,15,14,18,1,0.06,1,5,0,0,0.3803,0,medium
INV-01724,Lumen Analytics,mid-market,technology,48672.43,analytics_consulting,2023-07-15,7,3,Saturday,60,2,12,5,0.42,0,2,0,0,0.3801,0,medium
INV-00313,Lumen Analytics,mid-market,technology,17313.72,training,2024-09-30,9,3,Monday,60,5,5,4,0.8,0,1,0,0,0.38,0,medium
INV-00306,Keystone Retail,enterprise,retail,41972.71,reporting_setup,2024-09-06,9,3,Friday,30,7,6,5,0.83,1,1,0,0,0.3797,0,medium
INV-00333,Acme Corp,enterprise,manufacturing,158208.82,process_automation,2024-04-07,4,2,Sunday,30,6,19,2,0.11,1,1,1,56,0.3791,0,medium
INV-00700,Cedar Solutions,small,technology,10192.37,reporting_setup,2024-12-18,12,4,Wednesday,60,15,23,5,0.22,0,4,0,0,0.3774,0,medium
INV-00678,Cedar Solutions,small,technology,7119.4,data_migration,2024-02-07,2,1,Wednesday,15,10,11,7,0.64,0,4,0,0,0.3772,0,medium
INV-00253,Cedar Solutions,small,technology,12684.5,analytics_consulting,2023-09-13,9,3,Wednesday,45,13,16,2,0.12,0,3,0,0,0.3768,0,medium
INV-00726,Jade Consulting,small,professional_services,6836.62,process_automation,2023-03-13,3,1,Monday,15,4,5,5,1.0,0,3,0,0,0.3767,0,medium
INV-01773,Ironclad Inc,mid-market,healthcare,23592.49,process_automation,2023-10-15,10,4,Sunday,30,9,24,2,0.08,0,5,0,0,0.3767,0,medium
INV-00352,Falcon Industries,mid-market,manufacturing,45782.21,data_migration,2023-10-12,10,4,Thursday,30,13,13,3,0.23,1,4,0,0,0.3765,0,medium
INV-01201,Granite Partners,enterprise,finance,133729.7,analytics_consulting,2024-04-07,4,2,Sunday,60,15,4,2,0.5,1,5,0,0,0.3763,0,medium
INV-01242,Birch Holdings,mid-market,finance,47309.03,analytics_consulting,2024-11-30,11,4,Saturday,45,15,23,2,0.09,0,4,1,5,0.375,0,medium
INV-01667,Cedar Solutions,small,technology,4588.9,analytics_consulting,2023-02-24,2,1,Friday,45,16,11,3,0.27,0,5,0,0,0.3749,0,medium
INV-01935,Falcon Industries,mid-market,manufacturing,64980.79,reporting_setup,2024-07-04,7,3,Thursday,30,4,15,4,0.27,0,1,0,0,0.3748,0,medium
INV-00414,Echo Ventures,small,retail,9041.51,reporting_setup,2023-06-29,6,2,Thursday,15,10,11,1,0.09,0,3,0,0,0.3748,0,medium
INV-00703,Falcon Industries,mid-market,manufacturing,18047.85,training,2023-09-23,9,3,Saturday,45,4,15,4,0.27,0,1,0,0,0.3748,0,medium
INV-00065,Keystone Retail,enterprise,retail,125461.24,data_migration,2024-05-17,5,2,Friday,15,16,16,7,0.44,1,1,1,62,0.3747,0,medium
INV-01674,Delta Group,enterprise,healthcare,81874.95,reporting_setup,2023-02-03,2,1,Friday,30,5,9,3,0.33,1,2,0,0,0.3746,0,medium
INV-01389,Ironclad Inc,mid-market,healthcare,18771.69,data_migration,2024-05-31,5,2,Friday,60,2,16,2,0.12,0,2,0,0,0.3736,0,medium
INV-00344,Echo Ventures,small,retail,2847.42,reporting_setup,2023-09-28,9,3,Thursday,15,6,2,1,0.5,1,3,0,0,0.3736,0,medium
INV-00266,Granite Partners,enterprise,finance,158477.04,training,2024-01-10,1,1,Wednesday,30,3,1,0,0.0,1,2,1,8,0.3725,0,medium
INV-01060,Jade Consulting,small,professional_services,7145.15,analytics_consulting,2023-08-02,8,3,Wednesday,15,9,20,6,0.3,0,2,0,0,0.3724,0,medium
INV-00698,Cedar Solutions,small,technology,11749.1,data_migration,2024-03-20,3,1,Wednesday,60,5,19,0,0.0,0,5,0,0,0.3723,0,medium
INV-00498,Delta Group,enterprise,healthcare,33560.79,process_automation,2024-07-14,7,3,Sunday,30,5,2,2,1.0,1,2,0,0,0.3723,0,medium
INV-01283,Lumen Analytics,mid-market,technology,74750.01,process_automation,2023-11-10,11,4,Friday,60,11,2,1,0.5,0,4,0,0,0.372,0,medium
INV-01123,Lumen Analytics,mid-market,technology,43468.26,process_automation,2024-08-27,8,3,Tuesday,30,15,14,0,0.0,0,1,1,63,0.3711,0,medium
INV-01597,Jade Consulting,small,professional_services,2396.51,data_migration,2023-11-25,11,4,Saturday,60,6,7,1,0.14,1,2,0,0,0.3704,0,medium
INV-00600,Cedar Solutions,small,technology,14843.16,process_automation,2023-08-01,8,3,Tuesday,60,11,3,3,1.0,1,4,0,0,0.3701,0,medium
INV-01542,Cedar Solutions,small,technology,12758.43,data_migration,2023-07-11,7,3,Tuesday,15,3,16,8,0.5,0,1,0,0,0.37,0,medium
INV-01717,Falcon Industries,mid-market,manufacturing,20364.62,process_automation,2023-03-23,3,1,Thursday,60,6,24,0,0.0,0,5,0,0,0.3699,0,medium
INV-00490,Keystone Retail,enterprise,retail,101921.93,analytics_consulting,2023-02-20,2,1,Monday,45,10,10,7,0.7,1,3,0,0,0.3699,0,medium
INV-01934,Echo Ventures,small,retail,11831.02,training,2024-09-20,9,3,Friday,60,11,12,1,0.08,0,2,0,0,0.3688,0,medium
INV-01787,Echo Ventures,small,retail,5878.21,reporting_setup,2024-02-17,2,1,Saturday,30,9,5,1,0.2,1,2,0,0,0.3687,0,medium
INV-00127,Ironclad Inc,mid-market,healthcare,33653.37,training,2024-06-19,6,2,Wednesday,30,10,13,6,0.46,0,5,1,81,0.3685,0,medium
INV-01564,Horizon LLC,small,technology,14319.29,process_automation,2024-06-15,6,2,Saturday,60,11,1,1,1.0,0,3,0,0,0.3684,0,medium
INV-00075,Horizon LLC,small,technology,7640.15,reporting_setup,2023-10-23,10,4,Monday,15,11,9,5,0.56,1,4,0,0,0.3684,0,medium
INV-00205,Falcon Industries,mid-market,manufacturing,65063.67,data_migration,2024-10-24,10,4,Thursday,60,3,18,3,0.17,1,4,0,0,0.3678,0,medium
INV-00966,Delta Group,enterprise,healthcare,61515.76,data_migration,2024-05-14,5,2,Tuesday,45,11,10,7,0.7,1,5,1,17,0.3676,0,medium
INV-01397,Falcon Industries,mid-market,manufacturing,15078.03,reporting_setup,2024-04-21,4,2,Sunday,60,10,12,8,0.67,0,1,0,0,0.3672,0,medium
INV-01135,Jade Consulting,small,professional_services,2621.74,reporting_setup,2023-03-22,3,1,Wednesday,45,12,10,4,0.4,0,4,0,0,0.3672,0,medium
INV-01841,Jade Consulting,small,professional_services,9575.4,process_automation,2023-09-15,9,3,Friday,30,4,16,1,0.06,1,2,0,0,0.3671,0,medium
INV-00450,Falcon Industries,mid-market,manufacturing,54801.25,analytics_consulting,2024-03-25,3,1,Monday,15,12,24,2,0.08,1,1,0,0,0.3666,0,medium
INV-01754,Delta Group,enterprise,healthcare,27448.62,reporting_setup,2023-05-02,5,2,Tuesday,60,2,12,6,0.5,1,3,0,0,0.3665,0,medium
INV-01959,Echo Ventures,small,retail,12180.71,training,2024-05-05,5,2,Sunday,60,14,5,1,0.2,0,1,0,0,0.3665,0,medium
INV-00411,Ironclad Inc,mid-market,healthcare,60957.36,analytics_consulting,2023-10-20,10,4,Friday,15,8,20,2,0.1,0,3,1,1,0.3658,0,medium
INV-01960,Ironclad Inc,mid-market,healthcare,39652.12,process_automation,2024-06-22,6,2,Saturday,45,1,17,3,0.18,0,5,0,0,0.3657,0,medium
INV-00221,Lumen Analytics,mid-market,technology,13490.27,training,2023-03-22,3,1,Wednesday,45,14,8,1,0.12,1,5,0,0,0.3653,0,medium
INV-00460,Cedar Solutions,small,technology,8313.35,training,2023-07-04,7,3,Tuesday,60,6,18,7,0.39,0,3,0,0,0.3651,0,medium
INV-01643,Ironclad Inc,mid-market,healthcare,67221.73,training,2023-08-22,8,3,Tuesday,15,5,9,6,0.67,0,5,0,0,0.3651,0,medium
INV-00975,Lumen Analytics,mid-market,technology,54293.76,analytics_consulting,2023-09-02,9,3,Saturday,45,6,6,2,0.33,0,2,0,0,0.365,0,medium
INV-01989,Ironclad Inc,mid-market,healthcare,74572.41,training,2023-11-07,11,4,Tuesday,60,5,5,1,0.2,1,3,0,0,0.3649,0,medium
INV-00045,Cedar Solutions,small,technology,11648.99,reporting_setup,2024-05-01,5,2,Wednesday,45,9,17,7,0.41,0,3,0,0,0.3643,0,medium
INV-01971,Ironclad Inc,mid-market,healthcare,53039.93,process_automation,2023-03-29,3,1,Wednesday,15,12,23,4,0.17,1,2,0,0,0.364,0,medium
INV-00119,Birch Holdings,mid-market,finance,47270.98,training,2023-11-17,11,4,Friday,60,14,10,1,0.1,0,3,1,80,0.3639,0,medium
INV-01555,Keystone Retail,enterprise,retail,92283.02,reporting_setup,2024-04-17,4,2,Wednesday,60,5,20,6,0.3,1,2,0,0,0.3633,0,medium
INV-00393,Echo Ventures,small,retail,6584.9,training,2023-09-27,9,3,Wednesday,30,13,12,1,0.08,0,4,0,0,0.3628,0,medium
INV-00400,Jade Consulting,small,professional_services,6605.85,data_migration,2024-08-27,8,3,Tuesday,30,5,4,0,0.0,1,5,0,0,0.3627,0,medium
INV-01714,Echo Ventures,small,retail,11561.98,reporting_setup,2024-07-12,7,3,Friday,15,15,7,3,0.43,0,3,0,0,0.3625,0,medium
INV-01496,Echo Ventures,small,retail,6288.13,reporting_setup,2024-10-08,10,4,Tuesday,30,12,10,0,0.0,1,2,0,0,0.3623,0,medium
INV-00433,Acme Corp,enterprise,manufacturing,43187.47,training,2024-02-11,2,1,Sunday,15,5,3,3,1.0,1,2,0,0,0.362,0,medium
INV-00783,Cedar Solutions,small,technology,4425.08,process_automation,2024-03-27,3,1,Wednesday,30,2,22,8,0.36,1,1,0,0,0.3618,0,medium
INV-00432,Cedar Solutions,small,technology,4342.72,process_automation,2023-08-29,8,3,Tuesday,15,13,4,0,0.0,1,4,0,0,0.3616,0,medium
INV-00923,Falcon Industries,mid-market,manufacturing,14056.02,data_migration,2024-08-04,8,3,Sunday,60,12,14,7,0.5,1,2,0,0,0.3615,0,medium
INV-01948,Delta Group,enterprise,healthcare,26745.87,training,2024-02-24,2,1,Saturday,15,15,16,5,0.31,1,1,0,0,0.3612,0,medium
INV-00689,Birch Holdings,mid-market,finance,21263.92,reporting_setup,2024-11-14,11,4,Thursday,30,6,20,7,0.35,1,4,0,0,0.3611,0,medium
INV-01166,Ironclad Inc,mid-market,healthcare,70290.85,data_migration,2024-04-28,4,2,Sunday,45,7,19,2,0.11,1,2,0,0,0.3609,0,medium
INV-00290,Ironclad Inc,mid-market,healthcare,21688.03,reporting_setup,2023-11-26,11,4,Sunday,45,11,20,3,0.15,1,3,1,61,0.3604,0,medium
INV-01235,Ironclad Inc,mid-market,healthcare,66077.71,analytics_consulting,2024-02-21,2,1,Wednesday,45,2,23,5,0.22,0,1,0,0,0.3597,0,medium
INV-01301,Keystone Retail,enterprise,retail,36708.56,process_automation,2023-03-03,3,1,Friday,15,11,23,7,0.3,1,2,0,0,0.3595,0,medium
INV-00619,Horizon LLC,small,technology,5422.96,training,2023-08-20,8,3,Sunday,60,14,7,1,0.14,0,4,0,0,0.3595,0,medium
INV-00932,Cedar Solutions,small,technology,5347.88,reporting_setup,2024-07-09,7,3,Tuesday,60,14,21,4,0.19,0,1,0,0,0.3594,0,medium
INV-00437,Acme Corp,enterprise,manufacturing,85179.86,training,2023-01-01,1,1,Sunday,30,16,18,0,0.0,1,4,0,0,0.3593,0,medium
INV-01045,Horizon LLC,small,technology,7151.45,analytics_consulting,2023-01-16,1,1,Monday,15,16,24,1,0.04,1,1,0,0,0.3591,0,medium
INV-00540,Keystone Retail,enterprise,retail,70719.2,process_automation,2024-04-02,4,2,Tuesday,30,8,16,2,0.12,1,1,0,0,0.359,0,medium
INV-01573,Cedar Solutions,small,technology,14772.58,process_automation,2024-05-19,5,2,Sunday,45,9,18,5,0.28,0,4,0,0,0.3589,0,medium
INV-01477,Granite Partners,enterprise,finance,73855.69,training,2023-06-26,6,2,Monday,60,9,20,3,0.15,0,1,1,38,0.3586,0,medium
INV-01156,Falcon Industries,mid-market,manufacturing,64598.51,reporting_setup,2024-05-25,5,2,Saturday,15,8,24,3,0.12,1,1,0,0,0.3582,0,medium
INV-01884,Horizon LLC,small,technology,7115.92,data_migration,2023-09-26,9,3,Tuesday,45,8,1,0,0.0,0,4,0,0,0.3579,0,medium
INV-01826,Acme Corp,enterprise,manufacturing,190768.61,analytics_consulting,2023-06-08,6,2,Thursday,45,6,6,6,1.0,1,3,0,0,0.3578,0,medium
INV-00176,Falcon Industries,mid-market,manufacturing,54882.52,analytics_consulting,2024-03-04,3,1,Monday,60,14,17,7,0.41,0,1,0,0,0.3576,0,medium
INV-00089,Horizon LLC,small,technology,2497.14,training,2023-10-22,10,4,Sunday,30,12,19,4,0.21,0,4,0,0,0.3575,0,medium
INV-00447,Delta Group,enterprise,healthcare,27636.85,reporting_setup,2024-10-10,10,4,Thursday,45,9,19,1,0.05,1,2,1,6,0.3574,0,medium
INV-01742,Jade Consulting,small,professional_services,11003.7,reporting_setup,2024-04-19,4,2,Friday,30,4,13,8,0.62,0,1,0,0,0.3573,0,medium
INV-01684,Cedar Solutions,small,technology,10837.48,data_migration,2023-01-03,1,1,Tuesday,15,13,15,6,0.4,1,1,0,0,0.357,0,medium
INV-01987,Cedar Solutions,small,technology,13432.3,data_migration,2023-10-10,10,4,Tuesday,60,14,18,7,0.39,0,3,0,0,0.3569,0,medium
INV-00230,Jade Consulting,small,professional_services,5741.47,analytics_consulting,2024-12-12,12,4,Thursday,60,13,11,4,0.36,0,4,0,0,0.3568,0,medium
INV-01765,Lumen Analytics,mid-market,technology,33432.02,process_automation,2024-10-12,10,4,Saturday,30,8,14,5,0.36,0,3,0,0,0.3567,0,medium
INV-01363,Keystone Retail,enterprise,retail,185882.19,process_automation,2023-12-16,12,4,Saturday,45,16,17,7,0.41,1,5,0,0,0.3565,0,medium
INV-01330,Horizon LLC,small,technology,2662.29,data_migration,2023-06-28,6,2,Wednesday,15,8,15,8,0.53,1,1,0,0,0.356,0,medium
INV-00078,Lumen Analytics,mid-market,technology,45896.34,process_automation,2023-06-12,6,2,Monday,15,3,8,1,0.12,0,1,0,0,0.3558,0,medium
INV-01847,Cedar Solutions,small,technology,3659.44,reporting_setup,2024-02-11,2,1,Sunday,30,11,14,3,0.21,1,4,0,0,0.3553,0,medium
INV-00868,Lumen Analytics,mid-market,technology,22263.48,training,2024-05-29,5,2,Wednesday,30,5,8,1,0.12,1,1,0,0,0.3553,0,medium
INV-00834,Cedar Solutions,small,technology,14651.14,data_migration,2023-02-27,2,1,Monday,45,6,2,0,0.0,0,3,0,0,0.3551,0,medium
INV-00329,Horizon LLC,small,technology,14283.47,process_automation,2023-05-12,5,2,Friday,30,11,21,1,0.05,1,2,0,0,0.3545,0,medium
INV-00734,Jade Consulting,small,professional_services,9440.22,analytics_consulting,2024-08-01,8,3,Thursday,15,3,5,2,0.4,0,2,0,0,0.3539,0,medium
INV-01498,Echo Ventures,small,retail,11922.5,training,2023-10-25,10,4,Wednesday,15,4,12,3,0.25,0,5,0,0,0.3539,0,medium
INV-01888,Ironclad Inc,mid-market,healthcare,67082.15,analytics_consulting,2024-04-28,4,2,Sunday,60,2,1,0,0.0,0,2,1,89,0.3537,0,medium
INV-00487,Echo Ventures,small,retail,11729.98,analytics_consulting,2024-02-27,2,1,Tuesday,30,3,6,3,0.5,0,4,0,0,0.353,0,medium
INV-01251,Ironclad Inc,mid-market,healthcare,54273.67,training,2023-07-02,7,3,Sunday,45,2,7,1,0.14,0,2,0,0,0.3528,0,medium
INV-00481,Keystone Retail,enterprise,retail,67063.14,analytics_consulting,2024-09-19,9,3,Thursday,60,5,14,4,0.29,0,3,0,0,0.3522,0,medium
INV-01570,Cedar Solutions,small,technology,10897.06,reporting_setup,2024-04-12,4,2,Friday,15,16,18,0,0.0,0,2,0,0,0.3522,0,medium
INV-01292,Jade Consulting,small,professional_services,4040.68,data_migration,2023-07-13,7,3,Thursday,15,11,8,2,0.25,1,5,0,0,0.352,0,medium
INV-00386,Delta Group,enterprise,healthcare,172019.26,reporting_setup,2024-12-30,12,4,Monday,45,5,22,5,0.23,0,4,0,0,0.3517,0,medium
INV-00149,Cedar Solutions,small,technology,2885.07,process_automation,2024-07-12,7,3,Friday,45,11,22,4,0.18,1,5,0,0,0.3514,0,medium
INV-00298,Lumen Analytics,mid-market,technology,21835.31,reporting_setup,2024-08-09,8,3,Friday,15,11,20,3,0.15,0,1,0,0,0.3513,0,medium
INV-01360,Acme Corp,enterprise,manufacturing,58706.0,reporting_setup,2023-11-25,11,4,Saturday,15,12,13,7,0.54,1,2,0,0,0.3512,0,medium
INV-01165,Birch Holdings,mid-market,finance,22583.71,process_automation,2024-03-29,3,1,Friday,30,4,8,3,0.38,1,3,0,0,0.3511,0,medium
INV-00041,Keystone Retail,enterprise,retail,168224.11,process_automation,2024-09-26,9,3,Thursday,15,8,22,4,0.18,1,2,1,6,0.351,0,medium
INV-00776,Acme Corp,enterprise,manufacturing,85686.82,process_automation,2023-04-04,4,2,Tuesday,60,10,13,2,0.15,1,2,0,0,0.3509,0,medium
INV-01761,Lumen Analytics,mid-market,technology,27138.53,training,2023-03-28,3,1,Tuesday,60,7,18,5,0.28,0,2,0,0,0.3508,0,medium
INV-01144,Horizon LLC,small,technology,14861.13,training,2023-09-08,9,3,Friday,60,6,15,8,0.53,0,5,0,0,0.3506,0,medium
INV-00758,Keystone Retail,enterprise,retail,115806.16,process_automation,2024-06-05,6,2,Wednesday,60,6,11,5,0.45,1,4,0,0,0.3501,0,medium
INV-00179,Echo Ventures,small,retail,5780.05,analytics_consulting,2023-10-23,10,4,Monday,60,12,18,4,0.22,1,5,0,0,0.3498,0,medium
INV-01404,Echo Ventures,small,retail,7822.14,data_migration,2024-05-09,5,2,Thursday,30,6,22,7,0.32,1,4,0,0,0.3489,0,medium
INV-00660,Granite Partners,enterprise,finance,148979.3,analytics_consulting,2024-12-04,12,4,Wednesday,60,9,3,0,0.0,1,1,1,31,0.3486,0,medium
INV-00053,Delta Group,enterprise,healthcare,123694.68,reporting_setup,2023-05-10,5,2,Wednesday,15,7,15,4,0.27,1,2,0,0,0.3473,0,medium
INV-00174,Keystone Retail,enterprise,retail,71467.83,training,2023-01-28,1,1,Saturday,60,8,24,0,0.0,1,2,0,0,0.3473,0,medium
INV-00418,Falcon Industries,mid-market,manufacturing,21880.99,training,2023-08-12,8,3,Saturday,45,7,16,3,0.19,1,2,0,0,0.3472,0,medium
INV-00958,Acme Corp,enterprise,manufacturing,84043.23,training,2024-06-30,6,2,Sunday,15,1,3,3,1.0,1,4,0,0,0.3468,0,medium
INV-00094,Falcon Industries,mid-market,manufacturing,63980.72,training,2024-06-27,6,2,Thursday,45,9,16,4,0.25,0,3,0,0,0.3463,0,medium
INV-01425,Lumen Analytics,mid-market,technology,67823.11,process_automation,2024-06-01,6,2,Saturday,60,7,14,0,0.0,0,5,0,0,0.346,0,medium
INV-00597,Jade Consulting,small,professional_services,13764.03,training,2024-09-11,9,3,Wednesday,15,12,13,2,0.15,0,4,0,0,0.3456,0,medium
INV-01644,Jade Consulting,small,professional_services,9913.73,reporting_setup,2023-03-11,3,1,Saturday,15,3,3,2,0.67,1,1,0,0,0.3452,0,medium
INV-00544,Ironclad Inc,mid-market,healthcare,69651.29,data_migration,2024-11-30,11,4,Saturday,15,12,14,4,0.29,1,3,0,0,0.3451,0,medium
INV-01326,Jade Consulting,small,professional_services,9071.2,reporting_setup,2023-06-19,6,2,Monday,60,10,22,3,0.14,1,1,0,0,0.3448,0,medium
INV-01038,Jade Consulting,small,professional_services,12408.46,data_migration,2023-01-27,1,1,Friday,30,12,7,6,0.86,0,1,0,0,0.3442,0,medium
INV-01044,Birch Holdings,mid-market,finance,42826.69,reporting_setup,2023-03-25,3,1,Saturday,60,5,19,7,0.37,0,2,0,0,0.3439,0,medium
INV-00749,Jade Consulting,small,professional_services,3690.78,reporting_setup,2023-11-03,11,4,Friday,45,15,2,1,0.5,1,1,0,0,0.3438,0,medium
INV-00203,Keystone Retail,enterprise,retail,146853.97,reporting_setup,2024-11-18,11,4,Monday,45,14,5,2,0.4,1,5,0,0,0.3438,0,medium
INV-01636,Ironclad Inc,mid-market,healthcare,61445.11,training,2024-05-26,5,2,Sunday,45,14,18,8,0.44,1,4,0,0,0.3435,0,medium
INV-01947,Acme Corp,enterprise,manufacturing,161400.74,training,2023-02-02,2,1,Thursday,45,8,13,6,0.46,1,1,0,0,0.3432,0,medium
INV-00581,Jade Consulting,small,professional_services,12133.84,training,2024-07-09,7,3,Tuesday,30,3,20,5,0.25,0,1,0,0,0.3427,0,medium
INV-01649,Lumen Analytics,mid-market,technology,55512.65,training,2023-03-08,3,1,Wednesday,30,2,18,8,0.44,0,1,0,0,0.3418,0,medium
INV-00076,Acme Corp,enterprise,manufacturing,97318.32,training,2024-11-04,11,4,Monday,60,7,17,5,0.29,1,4,0,0,0.3407,0,medium
INV-01926,Jade Consulting,small,professional_services,12163.03,process_automation,2023-07-10,7,3,Monday,45,4,4,3,0.75,1,4,0,0,0.34,0,medium
INV-01817,Horizon LLC,small,technology,2003.45,analytics_consulting,2024-08-22,8,3,Thursday,30,1,2,1,0.5,1,4,0,0,0.3392,0,medium
INV-01073,Echo Ventures,small,retail,14552.97,data_migration,2024-03-15,3,1,Friday,30,9,16,4,0.25,0,5,0,0,0.3388,0,medium
INV-00539,Echo Ventures,small,retail,5215.43,analytics_consulting,2023-09-16,9,3,Saturday,45,9,1,0,0.0,0,5,0,0,0.3387,0,medium
INV-01390,Falcon Industries,mid-market,manufacturing,25976.28,process_automation,2024-08-10,8,3,Saturday,60,6,23,1,0.04,0,2,0,0,0.3386,0,medium
INV-00879,Granite Partners,enterprise,finance,61211.8,training,2024-02-15,2,1,Thursday,45,1,6,4,0.67,1,1,0,0,0.338,0,medium
INV-00646,Jade Consulting,small,professional_services,10944.84,reporting_setup,2023-02-27,2,1,Monday,45,4,11,8,0.73,0,2,0,0,0.3373,0,medium
INV-01974,Birch Holdings,mid-market,finance,27354.78,training,2023-03-01,3,1,Wednesday,30,1,5,5,1.0,0,1,0,0,0.337,0,medium
INV-00535,Birch Holdings,mid-market,finance,40220.86,training,2023-05-26,5,2,Friday,45,3,17,1,0.06,1,1,0,0,0.337,0,medium
INV-01497,Falcon Industries,mid-market,manufacturing,29099.15,training,2023-12-15,12,4,Friday,30,1,22,1,0.05,0,3,0,0,0.337,0,medium
INV-00665,Keystone Retail,enterprise,retail,51008.64,data_migration,2024-03-26,3,1,Tuesday,30,8,6,0,0.0,1,2,0,0,0.3367,0,medium
INV-01253,Acme Corp,enterprise,manufacturing,197739.96,process_automation,2023-09-04,9,3,Monday,30,8,12,6,0.5,1,2,0,0,0.3367,0,medium
INV-00036,Acme Corp,enterprise,manufacturing,85495.24,training,2023-04-22,4,2,Saturday,60,11,14,8,0.57,1,5,1,6,0.3367,0,medium
INV-00399,Horizon LLC,small,technology,9611.32,analytics_consulting,2023-06-24,6,2,Saturday,60,6,20,8,0.4,1,3,0,0,0.3366,0,medium
INV-01351,Cedar Solutions,small,technology,3966.15,data_migration,2024-01-21,1,1,Sunday,45,11,22,7,0.32,1,4,0,0,0.3364,0,medium
INV-00752,Falcon Industries,mid-market,manufacturing,22858.62,data_migration,2023-02-14,2,1,Tuesday,30,6,8,4,0.5,0,3,0,0,0.3363,0,medium
INV-00910,Jade Consulting,small,professional_services,5746.83,data_migration,2024-05-10,5,2,Friday,15,10,1,1,1.0,0,4,0,0,0.3362,0,medium
INV-00691,Acme Corp,enterprise,manufacturing,44944.63,process_automation,2023-03-07,3,1,Tuesday,60,8,4,4,1.0,1,3,0,0,0.3361,0,medium
INV-00981,Delta Group,enterprise,healthcare,61103.82,reporting_setup,2024-08-14,8,3,Wednesday,45,3,7,6,0.86,1,3,0,0,0.336,0,medium
INV-01705,Delta Group,enterprise,healthcare,37685.4,analytics_consulting,2023-04-03,4,2,Monday,60,12,1,1,1.0,1,3,0,0,0.336,0,medium
INV-00552,Horizon LLC,small,technology,10313.68,reporting_setup,2023-01-20,1,1,Friday,30,1,2,2,1.0,1,2,0,0,0.3359,0,medium
INV-00549,Echo Ventures,small,retail,3686.54,process_automation,2024-03-13,3,1,Wednesday,45,3,9,0,0.0,1,3,0,0,0.3354,0,medium
INV-01011,Echo Ventures,small,retail,4612.74,data_migration,2023-04-14,4,2,Friday,60,11,1,0,0.0,0,3,0,0,0.3354,0,medium
INV-00321,Echo Ventures,small,retail,1870.58,data_migration,2024-12-06,12,4,Friday,45,2,6,6,1.0,0,2,0,0,0.3352,0,medium
INV-00909,Jade Consulting,small,professional_services,8947.83,process_automation,2023-01-12,1,1,Thursday,30,2,8,4,0.5,1,5,0,0,0.3351,0,medium
INV-00375,Cedar Solutions,small,technology,9963.6,training,2024-07-04,7,3,Thursday,15,7,22,3,0.14,0,4,0,0,0.335,0,medium
INV-01950,Cedar Solutions,small,technology,4256.62,data_migration,2023-06-14,6,2,Wednesday,15,13,19,0,0.0,0,4,0,0,0.335,0,medium
INV-00884,Echo Ventures,small,retail,8754.75,process_automation,2023-06-30,6,2,Friday,15,4,24,6,0.25,0,3,0,0,0.3346,0,medium
INV-00816,Falcon Industries,mid-market,manufacturing,66585.2,data_migration,2023-04-13,4,2,Thursday,60,13,24,2,0.08,1,1,0,0,0.3344,0,medium
INV-01943,Cedar Solutions,small,technology,1880.18,process_automation,2023-05-28,5,2,Sunday,60,16,5,5,1.0,1,3,0,0,0.3333,0,medium
INV-00590,Acme Corp,enterprise,manufacturing,104787.14,process_automation,2023-06-01,6,2,Thursday,45,6,20,2,0.1,1,3,1,23,0.333,0,medium
INV-01895,Cedar Solutions,small,technology,1544.88,training,2024-12-19,12,4,Thursday,15,8,13,2,0.15,0,1,0,0,0.3329,0,medium
INV-00031,Falcon Industries,mid-market,manufacturing,37936.14,training,2024-08-19,8,3,Monday,30,2,10,5,0.5,0,1,0,0,0.3328,0,medium
INV-00285,Falcon Industries,mid-market,manufacturing,69632.86,data_migration,2024-12-03,12,4,Tuesday,45,3,1,0,0.0,1,4,0,0,0.3321,0,medium
INV-01651,Falcon Industries,mid-market,manufacturing,50728.36,analytics_consulting,2024-09-29,9,3,Sunday,60,9,18,6,0.33,0,5,0,0,0.3319,0,medium
INV-01689,Falcon Industries,mid-market,manufacturing,38135.3,data_migration,2023-01-21,1,1,Saturday,60,13,14,4,0.29,1,1,0,0,0.3316,0,medium
INV-00032,Delta Group,enterprise,healthcare,86893.76,analytics_consulting,2024-11-29,11,4,Friday,15,14,20,2,0.1,0,2,0,0,0.3315,0,medium
INV-01726,Falcon Industries,mid-market,manufacturing,37846.54,data_migration,2023-05-10,5,2,Wednesday,30,10,3,0,0.0,0,5,0,0,0.3314,0,medium
INV-01770,Jade Consulting,small,professional_services,14202.94,analytics_consulting,2023-07-20,7,3,Thursday,30,4,10,5,0.5,0,2,0,0,0.3314,0,medium
INV-00779,Ironclad Inc,mid-market,healthcare,59100.8,process_automation,2023-05-05,5,2,Friday,15,11,14,7,0.5,1,2,0,0,0.3312,0,medium
INV-00379,Ironclad Inc,mid-market,healthcare,49426.78,process_automation,2023-04-19,4,2,Wednesday,45,10,15,6,0.4,1,1,0,0,0.3306,0,medium
INV-01443,Echo Ventures,small,retail,13238.32,analytics_consulting,2023-12-02,12,4,Saturday,15,4,12,1,0.08,1,3,0,0,0.3305,0,medium
INV-01923,Birch Holdings,mid-market,finance,23366.7,training,2023-12-18,12,4,Monday,60,13,5,3,0.6,1,3,0,0,0.3304,0,medium
INV-00639,Echo Ventures,small,retail,13112.51,reporting_setup,2024-03-21,3,1,Thursday,45,3,21,3,0.14,0,3,0,0,0.33,0,medium
INV-01249,Echo Ventures,small,retail,4039.07,data_migration,2024-12-01,12,4,Sunday,15,3,10,8,0.8,1,3,0,0,0.3299,0,medium
INV-01863,Lumen Analytics,mid-market,technology,22570.47,training,2023-06-15,6,2,Thursday,45,13,7,1,0.14,1,1,0,0,0.3298,0,medium
INV-00317,Falcon Industries,mid-market,manufacturing,22215.82,reporting_setup,2023-10-03,10,4,Tuesday,15,7,14,7,0.5,0,3,0,0,0.3298,0,medium
INV-00865,Lumen Analytics,mid-market,technology,72249.11,analytics_consulting,2024-02-03,2,1,Saturday,15,1,5,1,0.2,1,1,0,0,0.3296,0,medium
INV-01580,Echo Ventures,small,retail,12372.69,data_migration,2023-08-03,8,3,Thursday,30,6,23,8,0.35,0,1,0,0,0.3291,0,medium
INV-00014,Birch Holdings,mid-market,finance,13765.14,process_automation,2024-01-07,1,1,Sunday,30,3,3,3,1.0,0,5,0,0,0.3285,0,medium
INV-01533,Horizon LLC,small,technology,6774.96,training,2024-03-29,3,1,Friday,45,2,23,7,0.3,0,4,0,0,0.3284,0,medium
INV-00346,Lumen Analytics,mid-market,technology,21886.51,process_automation,2023-04-06,4,2,Thursday,45,13,13,7,0.54,1,4,0,0,0.3281,0,medium
INV-00249,Horizon LLC,small,technology,2882.62,analytics_consulting,2024-07-13,7,3,Saturday,60,8,10,0,0.0,0,3,0,0,0.328,0,medium
INV-01473,Acme Corp,enterprise,manufacturing,134747.85,analytics_consulting,2023-05-01,5,2,Monday,45,10,22,6,0.27,1,1,0,0,0.327,0,medium
INV-01642,Jade Consulting,small,professional_services,8825.37,reporting_setup,2023-09-06,9,3,Wednesday,45,5,1,0,0.0,1,4,0,0,0.3269,0,medium
INV-01632,Echo Ventures,small,retail,12506.8,training,2024-11-08,11,4,Friday,15,3,18,6,0.33,0,3,0,0,0.3268,0,medium
INV-00330,Echo Ventures,small,retail,5017.55,process_automation,2024-03-06,3,1,Wednesday,45,10,15,1,0.07,0,5,0,0,0.326,0,medium
INV-01558,Falcon Industries,mid-market,manufacturing,11991.22,reporting_setup,2024-12-03,12,4,Tuesday,15,4,6,2,0.33,0,2,0,0,0.3259,0,medium
INV-01103,Delta Group,enterprise,healthcare,196373.69,analytics_consulting,2023-10-07,10,4,Saturday,30,9,23,7,0.3,1,4,1,47,0.3252,0,medium
INV-01298,Lumen Analytics,mid-market,technology,66768.51,reporting_setup,2024-01-30,1,1,Tuesday,15,11,13,2,0.15,1,1,0,0,0.3244,0,medium
INV-01312,Falcon Industries,mid-market,manufacturing,27936.71,process_automation,2023-04-21,4,2,Friday,60,15,10,2,0.2,0,3,0,0,0.3242,0,medium
INV-01214,Lumen Analytics,mid-market,technology,43984.56,process_automation,2024-05-13,5,2,Monday,30,3,24,5,0.21,1,4,0,0,0.324,0,medium
INV-01058,Keystone Retail,enterprise,retail,68034.9,data_migration,2024-10-03,10,4,Thursday,15,13,8,3,0.38,1,2,0,0,0.3238,0,medium
INV-01243,Ironclad Inc,mid-market,healthcare,17005.37,process_automation,2023-05-04,5,2,Thursday,45,6,19,8,0.42,1,1,0,0,0.3237,0,medium
INV-01083,Cedar Solutions,small,technology,14909.69,reporting_setup,2023-06-03,6,2,Saturday,15,1,10,3,0.3,1,1,0,0,0.3234,0,medium
INV-01652,Delta Group,enterprise,healthcare,146883.88,training,2024-12-16,12,4,Monday,60,15,10,8,0.8,1,3,0,0,0.3233,0,medium
INV-00177,Ironclad Inc,mid-market,healthcare,74877.99,training,2023-08-01,8,3,Tuesday,45,16,17,6,0.35,1,2,1,69,0.3232,0,medium
INV-00121,Lumen Analytics,mid-market,technology,60642.66,analytics_consulting,2023-12-14,12,4,Thursday,45,3,17,1,0.06,0,2,0,0,0.3232,0,medium
INV-01072,Echo Ventures,small,retail,5579.08,reporting_setup,2023-11-28,11,4,Tuesday,15,15,7,1,0.14,1,5,0,0,0.3231,0,medium
INV-01951,Keystone Retail,enterprise,retail,57486.63,reporting_setup,2024-02-04,2,1,Sunday,30,1,9,5,0.56,0,3,0,0,0.3229,0,medium
INV-01109,Echo Ventures,small,retail,8014.53,training,2024-01-18,1,1,Thursday,45,13,10,0,0.0,0,2,0,0,0.3229,0,medium
INV-00662,Ironclad Inc,mid-market,healthcare,26918.96,training,2023-02-12,2,1,Sunday,30,16,11,7,0.64,1,3,0,0,0.322,0,medium
INV-00100,Delta Group,enterprise,healthcare,120281.53,data_migration,2024-01-07,1,1,Sunday,45,12,2,1,0.5,1,1,0,0,0.3211,0,medium
INV-01179,Ironclad Inc,mid-market,healthcare,61908.41,training,2023-04-26,4,2,Wednesday,30,3,19,7,0.37,0,2,0,0,0.3209,0,medium
INV-01261,Falcon Industries,mid-market,manufacturing,35435.27,analytics_consulting,2024-04-18,4,2,Thursday,15,5,10,8,0.8,1,2,0,0,0.3208,0,medium
INV-00723,Keystone Retail,enterprise,retail,103046.89,process_automation,2023-05-09,5,2,Tuesday,60,7,5,2,0.4,1,2,0,0,0.3203,0,medium
INV-01271,Ironclad Inc,mid-market,healthcare,68803.94,reporting_setup,2024-10-29,10,4,Tuesday,45,14,2,0,0.0,1,5,0,0,0.3203,0,medium
INV-01933,Jade Consulting,small,professional_services,6928.78,reporting_setup,2023-02-15,2,1,Wednesday,60,1,19,2,0.11,1,5,0,0,0.3202,0,medium
INV-00492,Lumen Analytics,mid-market,technology,36881.35,analytics_consulting,2024-07-13,7,3,Saturday,60,15,1,0,0.0,0,2,0,0,0.3198,0,medium
INV-01252,Lumen Analytics,mid-market,technology,42192.89,data_migration,2023-11-24,11,4,Friday,30,1,2,1,0.5,1,1,0,0,0.3197,0,medium
INV-01469,Ironclad Inc,mid-market,healthcare,40940.81,analytics_consulting,2024-10-06,10,4,Sunday,15,9,18,2,0.11,0,1,0,0,0.3196,0,medium
INV-01915,Delta Group,enterprise,healthcare,116537.65,reporting_setup,2024-03-11,3,1,Monday,30,13,17,1,0.06,1,2,0,0,0.3196,0,medium
INV-00162,Jade Consulting,small,professional_services,9844.46,analytics_consulting,2023-09-29,9,3,Friday,60,1,16,8,0.5,1,3,0,0,0.319,0,medium
INV-01013,Jade Consulting,small,professional_services,9851.71,process_automation,2024-05-27,5,2,Monday,60,4,19,7,0.37,0,3,0,0,0.3189,0,medium
INV-00897,Birch Holdings,mid-market,finance,19403.41,reporting_setup,2024-08-14,8,3,Wednesday,45,11,5,1,0.2,0,3,0,0,0.3188,0,medium
INV-01791,Birch Holdings,mid-market,finance,35793.28,data_migration,2024-06-28,6,2,Friday,45,16,9,1,0.11,0,1,0,0,0.3187,0,medium
INV-00084,Granite Partners,enterprise,finance,107160.86,analytics_consulting,2024-11-01,11,4,Friday,15,9,11,6,0.55,1,3,0,0,0.3179,0,medium
INV-01224,Cedar Solutions,small,technology,4062.16,data_migration,2023-11-27,11,4,Monday,15,10,17,8,0.47,1,5,0,0,0.3175,0,medium
INV-01318,Acme Corp,enterprise,manufacturing,34184.54,training,2024-10-22,10,4,Tuesday,15,8,16,0,0.0,1,2,0,0,0.3172,0,medium
INV-00578,Cedar Solutions,small,technology,10243.14,process_automation,2024-01-03,1,1,Wednesday,30,3,1,1,1.0,0,2,0,0,0.3159,0,medium
INV-01430,Delta Group,enterprise,healthcare,161443.09,training,2024-06-30,6,2,Sunday,45,8,13,8,0.62,1,2,0,0,0.3154,0,medium
INV-00592,Lumen Analytics,mid-market,technology,19616.37,process_automation,2023-02-05,2,1,Sunday,45,15,18,2,0.11,0,1,0,0,0.3152,0,medium
INV-00283,Acme Corp,enterprise,manufacturing,168515.68,process_automation,2024-11-24,11,4,Sunday,45,6,1,1,1.0,0,5,0,0,0.3149,0,medium
INV-00708,Cedar Solutions,small,technology,11100.53,analytics_consulting,2024-06-01,6,2,Saturday,60,5,23,8,0.35,0,1,0,0,0.3147,0,medium
INV-00582,Keystone Retail,enterprise,retail,92017.12,data_migration,2024-01-08,1,1,Monday,15,15,20,0,0.0,1,2,0,0,0.3144,0,medium
INV-01265,Birch Holdings,mid-market,finance,28360.45,reporting_setup,2023-01-21,1,1,Saturday,60,13,15,3,0.2,0,5,1,82,0.3142,0,medium
INV-01345,Acme Corp,enterprise,manufacturing,156760.64,reporting_setup,2023-09-19,9,3,Tuesday,60,4,14,5,0.36,0,4,0,0,0.3141,0,medium
INV-01628,Falcon Industries,mid-market,manufacturing,57902.92,analytics_consulting,2024-03-23,3,1,Saturday,30,10,19,1,0.05,0,4,0,0,0.313,0,medium
INV-00071,Cedar Solutions,small,technology,12200.49,data_migration,2023-03-15,3,1,Wednesday,30,10,15,1,0.07,0,3,0,0,0.3129,0,medium
INV-00873,Keystone Retail,enterprise,retail,88099.52,analytics_consulting,2024-07-19,7,3,Friday,45,12,24,8,0.33,1,2,0,0,0.3124,0,medium
INV-01355,Delta Group,enterprise,healthcare,122539.48,training,2024-04-01,4,2,Monday,45,16,3,1,0.33,1,1,0,0,0.3123,0,medium
INV-01433,Ironclad Inc,mid-market,healthcare,14954.68,training,2024-12-09,12,4,Monday,15,5,4,0,0.0,0,1,0,0,0.3122,0,medium
INV-00949,Horizon LLC,small,technology,13951.7,training,2024-03-22,3,1,Friday,60,9,6,1,0.17,0,3,0,0,0.312,0,medium
INV-00973,Jade Consulting,small,professional_services,6803.95,reporting_setup,2024-12-17,12,4,Tuesday,60,8,24,4,0.17,0,2,0,0,0.3118,0,medium
INV-00858,Birch Holdings,mid-market,finance,29080.43,process_automation,2023-10-25,10,4,Wednesday,60,7,1,1,1.0,1,3,0,0,0.3113,0,medium
INV-01260,Ironclad Inc,mid-market,healthcare,12844.26,analytics_consulting,2023-07-13,7,3,Thursday,45,1,5,2,0.4,0,3,0,0,0.3113,0,medium
INV-00696,Falcon Industries,mid-market,manufacturing,19854.73,process_automation,2024-02-29,2,1,Thursday,30,14,8,2,0.25,0,4,0,0,0.3109,0,medium
INV-01333,Acme Corp,enterprise,manufacturing,66093.24,process_automation,2024-11-18,11,4,Monday,30,15,1,0,0.0,0,4,0,0,0.3102,0,medium
INV-00842,Ironclad Inc,mid-market,healthcare,19090.58,training,2023-10-28,10,4,Saturday,60,16,23,5,0.22,0,3,0,0,0.3098,0,medium
INV-01168,Horizon LLC,small,technology,5634.14,process_automation,2023-11-07,11,4,Tuesday,30,12,24,5,0.21,0,4,0,0,0.3095,0,medium
INV-01760,Jade Consulting,small,professional_services,11488.72,training,2024-12-04,12,4,Wednesday,15,14,5,5,1.0,1,3,0,0,0.3095,0,medium
INV-01218,Delta Group,enterprise,healthcare,167674.62,training,2024-01-05,1,1,Friday,60,2,12,7,0.58,0,5,0,0,0.3093,0,medium
INV-00857,Ironclad Inc,mid-market,healthcare,42208.01,data_migration,2023-12-28,12,4,Thursday,60,6,12,1,0.08,1,2,0,0,0.3092,0,medium
INV-00976,Keystone Retail,enterprise,retail,28644.7,reporting_setup,2024-04-30,4,2,Tuesday,45,9,3,1,0.33,1,1,0,0,0.3091,0,medium
INV-01528,Delta Group,enterprise,healthcare,134557.22,process_automation,2024-08-24,8,3,Saturday,45,2,1,0,0.0,1,2,1,86,0.3086,0,medium
INV-01550,Ironclad Inc,mid-market,healthcare,67991.48,analytics_consulting,2023-01-17,1,1,Tuesday,30,2,11,0,0.0,0,2,0,0,0.3078,0,medium
INV-00185,Acme Corp,enterprise,manufacturing,188906.53,reporting_setup,2024-02-11,2,1,Sunday,30,10,2,0,0.0,1,5,1,43,0.3078,0,medium
INV-00996,Birch Holdings,mid-market,finance,35396.4,data_migration,2024-04-30,4,2,Tuesday,60,4,10,6,0.6,0,2,0,0,0.3074,0,medium
INV-00264,Acme Corp,enterprise,manufacturing,115606.1,process_automation,2024-11-05,11,4,Tuesday,30,7,24,6,0.25,1,1,0,0,0.3073,0,medium
INV-01133,Jade Consulting,small,professional_services,8809.68,training,2024-03-06,3,1,Wednesday,45,16,18,0,0.0,1,3,0,0,0.307,0,medium
INV-00511,Delta Group,enterprise,healthcare,62824.48,reporting_setup,2024-01-16,1,1,Tuesday,45,10,6,0,0.0,1,1,0,0,0.3064,0,medium
INV-00965,Lumen Analytics,mid-market,technology,73164.74,data_migration,2023-07-30,7,3,Sunday,15,2,7,0,0.0,0,4,0,0,0.3062,0,medium
INV-01459,Delta Group,enterprise,healthcare,171906.89,analytics_consulting,2024-04-05,4,2,Friday,45,13,9,2,0.22,1,4,0,0,0.3059,0,medium
INV-01682,Delta Group,enterprise,healthcare,195762.53,data_migration,2024-08-04,8,3,Sunday,30,16,1,1,1.0,0,2,0,0,0.3058,0,medium
INV-00670,Echo Ventures,small,retail,14591.9,data_migration,2024-08-31,8,3,Saturday,45,15,11,2,0.18,1,1,0,0,0.3053,0,medium
INV-00830,Lumen Analytics,mid-market,technology,74419.11,process_automation,2024-02-06,2,1,Tuesday,30,13,11,6,0.55,0,3,0,0,0.3053,0,medium
INV-01662,Delta Group,enterprise,healthcare,53046.22,data_migration,2023-02-24,2,1,Friday,60,6,4,1,0.25,1,2,0,0,0.3051,0,medium
INV-00440,Keystone Retail,enterprise,retail,97258.18,process_automation,2023-10-06,10,4,Friday,45,3,6,1,0.17,1,4,0,0,0.305,0,medium
INV-00324,Horizon LLC,small,technology,5578.96,analytics_consulting,2023-09-16,9,3,Saturday,60,13,19,1,0.05,1,3,0,0,0.3049,0,medium
INV-00201,Acme Corp,enterprise,manufacturing,65978.27,training,2023-05-24,5,2,Wednesday,45,11,19,5,0.26,1,2,0,0,0.3045,0,medium
INV-00385,Falcon Industries,mid-market,manufacturing,46760.88,process_automation,2024-09-23,9,3,Monday,30,12,11,6,0.55,1,3,0,0,0.3043,0,medium
INV-00661,Horizon LLC,small,technology,1572.37,training,2023-12-29,12,4,Friday,15,13,10,6,0.6,0,2,0,0,0.304,0,medium
INV-00725,Echo Ventures,small,retail,14989.77,process_automation,2024-09-04,9,3,Wednesday,60,7,19,8,0.42,1,2,0,0,0.304,0,medium
INV-01553,Acme Corp,enterprise,manufacturing,87464.13,reporting_setup,2024-12-12,12,4,Thursday,15,6,8,8,1.0,1,4,0,0,0.3037,0,medium
INV-01155,Acme Corp,enterprise,manufacturing,64344.41,data_migration,2024-11-15,11,4,Friday,45,7,8,2,0.25,1,1,0,0,0.3037,0,medium
INV-01161,Ironclad Inc,mid-market,healthcare,29497.46,analytics_consulting,2024-08-26,8,3,Monday,60,1,19,6,0.32,0,1,0,0,0.3037,0,medium
INV-00787,Keystone Retail,enterprise,retail,188507.29,training,2023-07-14,7,3,Friday,30,13,14,1,0.07,1,1,0,0,0.3034,0,medium
INV-01476,Keystone Retail,enterprise,retail,180117.94,training,2024-06-27,6,2,Thursday,45,6,20,8,0.4,1,2,0,0,0.3033,0,medium
INV-00736,Keystone Retail,enterprise,retail,100695.93,data_migration,2024-11-20,11,4,Wednesday,45,14,9,1,0.11,1,4,0,0,0.3033,0,medium
INV-01545,Lumen Analytics,mid-market,technology,36180.79,reporting_setup,2023-01-24,1,1,Tuesday,60,4,15,7,0.47,0,4,0,0,0.3028,0,medium
INV-00261,Cedar Solutions,small,technology,2423.56,analytics_consulting,2024-01-27,1,1,Saturday,30,1,20,2,0.1,0,2,0,0,0.3028,0,medium
INV-00566,Birch Holdings,mid-market,finance,37221.08,process_automation,2024-10-04,10,4,Friday,45,8,7,1,0.14,0,1,0,0,0.3025,0,medium
INV-00982,Keystone Retail,enterprise,retail,71429.13,reporting_setup,2024-07-11,7,3,Thursday,30,12,11,6,0.55,1,3,0,0,0.3024,0,medium
INV-00267,Granite Partners,enterprise,finance,99125.67,process_automation,2024-06-02,6,2,Sunday,60,13,3,1,0.33,1,3,1,27,0.3023,0,medium
INV-00573,Acme Corp,enterprise,manufacturing,174038.99,analytics_consulting,2023-10-15,10,4,Sunday,15,15,14,2,0.14,1,2,0,0,0.3022,0,medium
INV-01198,Echo Ventures,small,retail,11091.22,process_automation,2023-07-09,7,3,Sunday,45,15,22,8,0.36,0,3,0,0,0.3021,0,medium
INV-01774,Echo Ventures,small,retail,3017.79,reporting_setup,2023-10-01,10,4,Sunday,15,7,21,2,0.1,0,1,0,0,0.302,0,medium
INV-00693,Birch Holdings,mid-market,finance,63534.66,training,2023-04-19,4,2,Wednesday,15,2,17,1,0.06,1,1,0,0,0.301,0,medium
INV-00565,Delta Group,enterprise,healthcare,97105.48,process_automation,2023-05-27,5,2,Saturday,60,6,20,0,0.0,1,4,0,0,0.301,0,medium
INV-01527,Keystone Retail,enterprise,retail,125013.73,analytics_consulting,2023-05-30,5,2,Tuesday,45,4,9,3,0.33,1,4,0,0,0.3008,0,medium
INV-00906,Ironclad Inc,mid-market,healthcare,36026.16,analytics_consulting,2024-01-22,1,1,Monday,30,2,8,6,0.75,1,5,0,0,0.3003,0,medium
INV-01423,Delta Group,enterprise,healthcare,192485.96,training,2024-06-09,6,2,Sunday,60,7,24,2,0.08,1,1,0,0,0.3001,0,medium
INV-00232,Ironclad Inc,mid-market,healthcare,71945.3,training,2023-07-04,7,3,Tuesday,15,15,23,3,0.13,0,3,0,0,0.2999,0,medium
INV-00340,Cedar Solutions,small,technology,7181.76,data_migration,2023-07-30,7,3,Sunday,45,4,22,8,0.36,1,5,0,0,0.2998,0,medium
INV-01996,Delta Group,enterprise,healthcare,33917.6,data_migration,2023-01-31,1,1,Tuesday,60,14,1,0,0.0,1,1,0,0,0.2997,0,medium
INV-01171,Lumen Analytics,mid-market,technology,65666.22,analytics_consulting,2023-07-24,7,3,Monday,60,4,3,1,0.33,1,4,0,0,0.2992,0,medium
INV-01994,Echo Ventures,small,retail,14906.48,reporting_setup,2024-08-23,8,3,Friday,15,13,9,0,0.0,1,1,0,0,0.2989,0,medium
INV-01877,Acme Corp,enterprise,manufacturing,78723.87,training,2024-07-20,7,3,Saturday,60,16,9,8,0.89,1,5,0,0,0.2988,0,medium
INV-01709,Echo Ventures,small,retail,9083.95,data_migration,2024-12-18,12,4,Wednesday,45,11,23,4,0.17,1,2,0,0,0.2984,0,medium
INV-00085,Ironclad Inc,mid-market,healthcare,66704.9,process_automation,2024-01-25,1,1,Thursday,60,2,20,1,0.05,1,3,0,0,0.2982,0,medium
INV-00056,Birch Holdings,mid-market,finance,65222.42,process_automation,2024-06-02,6,2,Sunday,15,16,4,3,0.75,0,4,0,0,0.2979,0,medium
INV-01937,Ironclad Inc,mid-market,healthcare,23360.52,training,2023-03-08,3,1,Wednesday,60,16,15,5,0.33,0,2,0,0,0.2979,0,medium
INV-00037,Lumen Analytics,mid-market,technology,33674.4,data_migration,2024-03-22,3,1,Friday,30,3,22,5,0.23,0,1,0,0,0.2978,0,medium
INV-01071,Birch Holdings,mid-market,finance,11310.02,training,2023-03-17,3,1,Friday,60,5,4,4,1.0,0,2,0,0,0.2978,0,medium
INV-00905,Granite Partners,enterprise,finance,185851.29,reporting_setup,2024-03-09,3,1,Saturday,45,10,23,3,0.13,1,2,1,12,0.2975,0,medium
INV-00819,Jade Consulting,small,professional_services,14177.64,process_automation,2023-03-25,3,1,Saturday,60,16,22,1,0.05,0,3,0,0,0.2972,0,medium
INV-00496,Birch Holdings,mid-market,finance,50466.42,analytics_consulting,2023-05-15,5,2,Monday,15,9,1,1,1.0,0,4,0,0,0.2969,0,medium
INV-00649,Granite Partners,enterprise,finance,77655.43,reporting_setup,2023-01-09,1,1,Monday,45,8,10,3,0.3,0,2,0,0,0.2968,0,medium
INV-00092,Delta Group,enterprise,healthcare,136408.13,process_automation,2024-09-13,9,3,Friday,30,9,22,2,0.09,1,1,1,57,0.2968,0,medium
INV-01656,Keystone Retail,enterprise,retail,82339.42,data_migration,2023-05-09,5,2,Tuesday,45,2,13,7,0.54,1,1,0,0,0.2968,0,medium
INV-00564,Cedar Solutions,small,technology,1585.72,reporting_setup,2023-01-17,1,1,Tuesday,15,6,3,2,0.67,0,4,0,0,0.2961,0,medium
INV-00351,Jade Consulting,small,professional_services,8325.16,data_migration,2023-02-25,2,1,Saturday,30,16,16,2,0.12,1,4,0,0,0.2957,0,medium
INV-00714,Keystone Retail,enterprise,retail,65743.9,reporting_setup,2024-09-30,9,3,Monday,60,13,11,8,0.73,1,4,0,0,0.2956,0,medium
INV-01077,Lumen Analytics,mid-market,technology,30893.79,analytics_consulting,2023-12-12,12,4,Tuesday,15,14,1,1,1.0,0,5,0,0,0.2956,0,medium
INV-01856,Cedar Solutions,small,technology,12227.27,data_migration,2024-11-20,11,4,Wednesday,15,6,19,8,0.42,0,4,0,0,0.2954,0,medium
INV-01672,Delta Group,enterprise,healthcare,110624.91,process_automation,2024-11-11,11,4,Monday,30,1,7,6,0.86,1,1,0,0,0.2951,0,medium
INV-00474,Acme Corp,enterprise,manufacturing,60665.24,analytics_consulting,2023-12-06,12,4,Wednesday,30,9,18,7,0.39,1,2,0,0,0.2948,0,medium
INV-00093,Acme Corp,enterprise,manufacturing,40773.34,process_automation,2024-08-16,8,3,Friday,30,10,11,6,0.55,1,2,0,0,0.2939,0,medium
INV-01480,Delta Group,enterprise,healthcare,67261.58,training,2023-02-21,2,1,Tuesday,15,3,11,8,0.73,1,3,1,71,0.2936,0,medium
INV-00181,Lumen Analytics,mid-market,technology,63816.86,analytics_consulting,2024-05-05,5,2,Sunday,30,9,18,4,0.22,1,5,0,0,0.2934,0,medium
INV-00896,Lumen Analytics,mid-market,technology,60555.96,data_migration,2023-03-20,3,1,Monday,30,5,11,2,0.18,1,4,0,0,0.2934,0,medium
INV-01207,Ironclad Inc,mid-market,healthcare,28097.39,reporting_setup,2024-09-16,9,3,Monday,30,13,10,6,0.6,0,4,0,0,0.2932,0,medium
INV-01519,Keystone Retail,enterprise,retail,40689.57,training,2024-09-11,9,3,Wednesday,60,10,5,4,0.8,1,5,0,0,0.2932,0,medium
INV-00554,Lumen Analytics,mid-market,technology,31673.58,data_migration,2024-05-08,5,2,Wednesday,45,10,13,0,0.0,0,1,0,0,0.2931,0,medium
INV-00368,Lumen Analytics,mid-market,technology,12641.23,data_migration,2024-06-10,6,2,Monday,60,9,18,4,0.22,1,5,0,0,0.2931,0,medium
INV-01070,Delta Group,enterprise,healthcare,167274.27,process_automation,2023-02-04,2,1,Saturday,15,13,21,6,0.29,1,3,0,0,0.293,0,medium
INV-00883,Cedar Solutions,small,technology,5882.57,training,2024-02-23,2,1,Friday,45,2,21,0,0.0,0,2,0,0,0.2929,0,medium
INV-00841,Acme Corp,enterprise,manufacturing,88622.94,data_migration,2023-03-28,3,1,Tuesday,45,6,14,0,0.0,1,1,0,0,0.2923,0,medium
INV-01840,Horizon LLC,small,technology,10863.41,reporting_setup,2023-02-20,2,1,Monday,45,8,20,2,0.1,1,5,0,0,0.292,0,medium
INV-01061,Horizon LLC,small,technology,12849.34,analytics_consulting,2024-06-27,6,2,Thursday,45,10,22,7,0.32,0,4,0,0,0.2919,0,medium
INV-01693,Cedar Solutions,small,technology,12096.31,training,2024-02-02,2,1,Friday,60,8,18,6,0.33,0,5,0,0,0.2918,0,medium
INV-01012,Echo Ventures,small,retail,13277.97,process_automation,2024-02-04,2,1,Sunday,15,6,10,1,0.1,0,2,0,0,0.2917,0,medium
INV-00744,Falcon Industries,mid-market,manufacturing,16674.83,analytics_consulting,2024-08-24,8,3,Saturday,15,3,19,3,0.16,0,2,0,0,0.2913,0,medium
INV-00381,Acme Corp,enterprise,manufacturing,46566.15,training,2024-07-20,7,3,Saturday,30,1,19,6,0.32,1,1,0,0,0.2911,0,medium
INV-00929,Lumen Analytics,mid-market,technology,49061.32,reporting_setup,2023-07-12,7,3,Wednesday,30,7,12,3,0.25,0,5,0,0,0.2911,0,medium
INV-00529,Acme Corp,enterprise,manufacturing,25147.58,training,2024-01-14,1,1,Sunday,15,12,4,2,0.5,0,2,0,0,0.2904,0,medium
INV-01314,Granite Partners,enterprise,finance,137633.67,process_automation,2023-07-02,7,3,Sunday,15,11,19,0,0.0,0,1,0,0,0.2902,0,medium
INV-01325,Echo Ventures,small,retail,13114.83,analytics_consulting,2023-01-13,1,1,Friday,30,7,16,6,0.38,0,4,0,0,0.2901,0,medium
INV-01240,Acme Corp,enterprise,manufacturing,54489.79,process_automation,2024-11-30,11,4,Saturday,15,1,1,1,1.0,1,1,0,0,0.2895,0,medium
INV-01916,Delta Group,enterprise,healthcare,156597.46,training,2024-06-24,6,2,Monday,45,4,3,1,0.33,1,4,0,0,0.2893,0,medium
INV-01233,Horizon LLC,small,technology,10707.09,analytics_consulting,2024-12-24,12,4,Tuesday,15,3,24,4,0.17,0,1,0,0,0.2887,0,medium
INV-00924,Keystone Retail,enterprise,retail,136245.28,process_automation,2024-03-09,3,1,Saturday,45,3,5,0,0.0,1,1,0,0,0.2887,0,medium
INV-00102,Delta Group,enterprise,healthcare,82497.92,analytics_consulting,2024-08-23,8,3,Friday,30,5,20,0,0.0,1,2,0,0,0.2886,0,medium
INV-01277,Ironclad Inc,mid-market,healthcare,46508.16,reporting_setup,2024-09-25,9,3,Wednesday,30,16,23,4,0.17,0,2,0,0,0.2883,0,medium
INV-01843,Birch Holdings,mid-market,finance,54143.27,analytics_consulting,2024-01-20,1,1,Saturday,60,9,19,6,0.32,0,2,0,0,0.2882,0,medium
INV-01763,Acme Corp,enterprise,manufacturing,38769.98,analytics_consulting,2024-12-07,12,4,Saturday,15,12,22,8,0.36,1,1,0,0,0.2882,0,medium
INV-00008,Acme Corp,enterprise,manufacturing,95203.84,data_migration,2023-08-23,8,3,Wednesday,45,3,7,5,0.71,1,4,0,0,0.287,0,medium
INV-00114,Delta Group,enterprise,healthcare,84656.8,reporting_setup,2024-01-21,1,1,Sunday,60,12,10,5,0.5,1,5,0,0,0.2868,0,medium
INV-00265,Delta Group,enterprise,healthcare,67189.31,reporting_setup,2024-05-21,5,2,Tuesday,15,3,17,0,0.0,0,3,1,73,0.2858,0,medium
INV-00275,Birch Holdings,mid-market,finance,31274.56,process_automation,2024-04-21,4,2,Sunday,45,15,1,1,1.0,1,5,0,0,0.2858,0,medium
INV-00892,Cedar Solutions,small,technology,4560.11,analytics_consulting,2023-01-02,1,1,Monday,15,13,5,2,0.4,0,2,0,0,0.2855,0,medium
INV-00567,Ironclad Inc,mid-market,healthcare,60071.53,analytics_consulting,2024-06-03,6,2,Monday,60,7,9,0,0.0,1,2,0,0,0.2853,0,medium
INV-01499,Echo Ventures,small,retail,9736.29,analytics_consulting,2023-12-06,12,4,Wednesday,60,2,22,5,0.23,1,1,0,0,0.2849,0,medium
INV-00778,Echo Ventures,small,retail,10499.87,training,2024-10-05,10,4,Saturday,45,3,23,3,0.13,0,4,0,0,0.2848,0,medium
INV-00099,Lumen Analytics,mid-market,technology,64190.05,reporting_setup,2023-06-08,6,2,Thursday,15,14,9,0,0.0,0,2,0,0,0.2846,0,medium
INV-01710,Ironclad Inc,mid-market,healthcare,66238.29,reporting_setup,2024-04-24,4,2,Wednesday,30,14,12,2,0.17,0,3,0,0,0.2839,0,medium
INV-01439,Acme Corp,enterprise,manufacturing,97718.39,process_automation,2024-11-11,11,4,Monday,45,1,11,7,0.64,1,1,0,0,0.2838,0,medium
INV-01816,Acme Corp,enterprise,manufacturing,182366.61,process_automation,2024-05-05,5,2,Sunday,45,12,7,4,0.57,1,4,0,0,0.2834,0,medium
INV-01921,Horizon LLC,small,technology,6219.08,analytics_consulting,2023-11-11,11,4,Saturday,45,8,24,6,0.25,1,1,0,0,0.2834,0,medium
INV-00860,Birch Holdings,mid-market,finance,36134.43,process_automation,2023-01-06,1,1,Friday,30,1,4,3,0.75,0,1,0,0,0.2833,0,medium
INV-00546,Keystone Retail,enterprise,retail,96968.53,data_migration,2023-01-09,1,1,Monday,15,4,22,7,0.32,1,3,0,0,0.2832,0,medium
INV-01489,Falcon Industries,mid-market,manufacturing,30158.21,data_migration,2024-11-08,11,4,Friday,45,6,19,6,0.32,0,5,0,0,0.2825,0,medium
INV-01522,Acme Corp,enterprise,manufacturing,94648.91,reporting_setup,2024-07-25,7,3,Thursday,30,4,15,6,0.4,0,1,0,0,0.282,0,medium
INV-00247,Birch Holdings,mid-market,finance,28985.84,data_migration,2024-08-01,8,3,Thursday,30,9,8,8,1.0,1,4,0,0,0.282,0,medium
INV-01451,Jade Consulting,small,professional_services,9821.2,process_automation,2023-10-22,10,4,Sunday,30,4,23,6,0.26,1,5,0,0,0.2816,0,medium
INV-01199,Cedar Solutions,small,technology,10426.22,reporting_setup,2023-12-02,12,4,Saturday,45,2,24,6,0.25,0,2,0,0,0.281,0,medium
INV-00362,Keystone Retail,enterprise,retail,113181.35,analytics_consulting,2023-12-20,12,4,Wednesday,30,11,23,1,0.04,1,5,0,0,0.2809,0,medium
INV-01846,Granite Partners,enterprise,finance,132113.55,process_automation,2024-06-03,6,2,Monday,15,11,7,7,1.0,1,5,0,0,0.2806,0,medium
INV-00019,Horizon LLC,small,technology,6935.39,data_migration,2023-02-25,2,1,Saturday,15,11,4,1,0.25,1,5,0,0,0.2803,0,medium
INV-01115,Birch Holdings,mid-market,finance,59597.88,analytics_consulting,2024-02-01,2,1,Thursday,45,5,13,5,0.38,0,4,0,0,0.2801,0,medium
INV-00323,Jade Consulting,small,professional_services,9712.64,analytics_consulting,2023-01-09,1,1,Monday,45,10,23,4,0.17,0,4,0,0,0.2798,0,medium
INV-00112,Falcon Industries,mid-market,manufacturing,62469.39,process_automation,2023-04-28,4,2,Friday,30,1,20,4,0.2,1,3,0,0,0.2796,0,medium
INV-00881,Delta Group,enterprise,healthcare,189858.05,data_migration,2023-10-26,10,4,Thursday,30,9,5,2,0.4,0,1,0,0,0.2796,0,medium
INV-01184,Delta Group,enterprise,healthcare,78012.66,analytics_consulting,2024-11-04,11,4,Monday,30,14,9,3,0.33,0,2,0,0,0.2794,0,medium
INV-00225,Cedar Solutions,small,technology,2894.45,reporting_setup,2024-03-17,3,1,Sunday,60,3,12,8,0.67,1,5,0,0,0.2787,0,medium
INV-00640,Keystone Retail,enterprise,retail,96026.54,process_automation,2023-06-14,6,2,Wednesday,30,4,5,1,0.2,1,3,0,0,0.2786,0,medium
INV-00645,Lumen Analytics,mid-market,technology,24170.55,analytics_consulting,2024-02-04,2,1,Sunday,60,4,6,1,0.17,0,4,0,0,0.2785,0,medium
INV-00241,Granite Partners,enterprise,finance,73710.35,analytics_consulting,2023-01-05,1,1,Thursday,30,3,19,1,0.05,1,5,0,0,0.2783,0,medium
INV-01437,Granite Partners,enterprise,finance,62163.0,training,2023-04-17,4,2,Monday,60,7,20,7,0.35,1,1,0,0,0.2783,0,medium
INV-00141,Birch Holdings,mid-market,finance,51077.07,training,2024-05-26,5,2,Sunday,15,8,23,2,0.09,1,1,0,0,0.2782,0,medium
INV-00867,Delta Group,enterprise,healthcare,68656.69,analytics_consulting,2024-09-24,9,3,Tuesday,30,4,9,3,0.33,1,4,1,14,0.2772,0,medium
INV-00527,Keystone Retail,enterprise,retail,104270.52,analytics_consulting,2023-01-01,1,1,Sunday,30,10,13,7,0.54,1,3,0,0,0.2772,0,medium
INV-01016,Birch Holdings,mid-market,finance,27583.05,reporting_setup,2024-07-18,7,3,Thursday,30,2,4,0,0.0,0,2,0,0,0.2768,0,medium
INV-01704,Jade Consulting,small,professional_services,2288.55,process_automation,2023-12-02,12,4,Saturday,15,16,17,8,0.47,1,3,0,0,0.2765,0,medium
INV-00223,Keystone Retail,enterprise,retail,160129.3,reporting_setup,2024-08-22,8,3,Thursday,15,10,8,1,0.12,1,2,0,0,0.2761,0,medium
INV-00541,Birch Holdings,mid-market,finance,64444.92,training,2023-05-29,5,2,Monday,30,14,13,3,0.23,0,2,1,45,0.2756,0,medium
INV-01128,Birch Holdings,mid-market,finance,31955.23,training,2024-01-27,1,1,Saturday,15,10,14,6,0.43,1,3,0,0,0.2756,0,medium
INV-01308,Delta Group,enterprise,healthcare,87329.54,data_migration,2024-10-10,10,4,Thursday,45,16,18,2,0.11,1,3,0,0,0.2756,0,medium
INV-00251,Delta Group,enterprise,healthcare,118149.14,training,2023-03-02,3,1,Thursday,45,6,11,4,0.36,1,3,0,0,0.2755,0,medium
INV-01905,Falcon Industries,mid-market,manufacturing,21800.05,data_migration,2024-12-01,12,4,Sunday,45,15,23,4,0.17,0,2,0,0,0.275,0,medium
INV-01571,Acme Corp,enterprise,manufacturing,66126.74,process_automation,2023-10-06,10,4,Friday,30,12,13,2,0.15,0,3,0,0,0.2749,0,medium
INV-00735,Lumen Analytics,mid-market,technology,74476.84,analytics_consulting,2023-10-08,10,4,Sunday,15,9,22,8,0.36,0,1,0,0,0.2749,0,medium
INV-01529,Ironclad Inc,mid-market,healthcare,68977.04,training,2024-03-20,3,1,Wednesday,60,13,3,0,0.0,1,4,0,0,0.2748,0,medium
INV-00579,Jade Consulting,small,professional_services,7760.77,data_migration,2024-08-20,8,3,Tuesday,60,5,23,6,0.26,1,3,0,0,0.2747,0,medium
INV-00536,Ironclad Inc,mid-market,healthcare,68733.04,process_automation,2024-08-16,8,3,Friday,15,1,16,7,0.44,0,4,0,0,0.2738,0,medium
INV-00851,Cedar Solutions,small,technology,2213.67,training,2024-01-23,1,1,Tuesday,45,12,23,3,0.13,0,4,0,0,0.2734,0,medium
INV-01151,Jade Consulting,small,professional_services,14254.69,process_automation,2024-01-07,1,1,Sunday,45,6,19,4,0.21,0,4,0,0,0.273,0,medium
INV-01563,Keystone Retail,enterprise,retail,175578.79,data_migration,2024-01-14,1,1,Sunday,30,4,18,6,0.33,1,1,0,0,0.2725,0,medium
INV-00506,Echo Ventures,small,retail,11854.94,training,2023-11-04,11,4,Saturday,45,4,22,5,0.23,1,5,0,0,0.2724,0,medium
INV-00144,Falcon Industries,mid-market,manufacturing,57641.17,process_automation,2023-03-11,3,1,Saturday,30,4,19,5,0.26,1,3,0,0,0.2723,0,medium
INV-01716,Ironclad Inc,mid-market,healthcare,13449.74,process_automation,2023-02-18,2,1,Saturday,45,15,9,0,0.0,1,4,0,0,0.272,0,medium
INV-00987,Echo Ventures,small,retail,14094.62,data_migration,2023-08-13,8,3,Sunday,60,8,22,6,0.27,0,1,0,0,0.2718,0,medium
INV-01055,Horizon LLC,small,technology,5481.71,analytics_consulting,2024-06-17,6,2,Monday,60,4,23,1,0.04,0,4,0,0,0.2715,0,medium
INV-01615,Ironclad Inc,mid-market,healthcare,35911.49,data_migration,2023-08-24,8,3,Thursday,60,3,16,2,0.12,0,1,0,0,0.2713,0,medium
INV-00563,Granite Partners,enterprise,finance,101765.71,process_automation,2023-06-22,6,2,Thursday,30,2,5,0,0.0,1,5,0,0,0.2713,0,medium
INV-01212,Birch Holdings,mid-market,finance,25091.78,training,2024-10-05,10,4,Saturday,60,15,10,1,0.1,0,5,0,0,0.2706,0,medium
INV-01646,Granite Partners,enterprise,finance,196677.21,process_automation,2023-01-01,1,1,Sunday,30,2,9,5,0.56,1,1,0,0,0.2705,0,medium
INV-01338,Keystone Retail,enterprise,retail,196015.6,training,2023-06-13,6,2,Tuesday,30,7,23,6,0.26,1,4,0,0,0.2703,0,medium
INV-01734,Jade Consulting,small,professional_services,6308.29,reporting_setup,2023-02-10,2,1,Friday,15,1,21,8,0.38,0,4,0,0,0.2703,0,medium
INV-00105,Falcon Industries,mid-market,manufacturing,39380.35,training,2024-06-09,6,2,Sunday,15,8,20,0,0.0,0,5,0,0,0.2699,0,medium
INV-01406,Falcon Industries,mid-market,manufacturing,62402.28,analytics_consulting,2024-06-23,6,2,Sunday,45,8,8,0,0.0,0,3,0,0,0.2698,0,medium
INV-01776,Granite Partners,enterprise,finance,25595.93,analytics_consulting,2023-07-12,7,3,Wednesday,60,9,2,2,1.0,1,3,0,0,0.2696,0,medium
INV-01917,Birch Holdings,mid-market,finance,67688.02,process_automation,2023-10-09,10,4,Monday,15,1,24,2,0.08,0,4,0,0,0.2695,0,medium
INV-01575,Acme Corp,enterprise,manufacturing,32503.11,data_migration,2023-05-20,5,2,Saturday,15,10,12,3,0.25,1,2,1,31,0.2693,0,medium
INV-00372,Ironclad Inc,mid-market,healthcare,17456.93,training,2024-05-01,5,2,Wednesday,15,12,15,3,0.2,0,5,0,0,0.2689,0,medium
INV-00687,Lumen Analytics,mid-market,technology,38477.19,reporting_setup,2023-07-16,7,3,Sunday,45,8,19,5,0.26,0,4,1,38,0.2688,0,medium
INV-01339,Ironclad Inc,mid-market,healthcare,47405.2,data_migration,2024-07-11,7,3,Thursday,15,9,18,2,0.11,0,3,0,0,0.2683,0,medium
INV-01281,Keystone Retail,enterprise,retail,149496.43,process_automation,2023-07-21,7,3,Friday,45,3,12,7,0.58,1,5,0,0,0.2683,0,medium
INV-00853,Echo Ventures,small,retail,10068.14,process_automation,2024-02-21,2,1,Wednesday,15,3,24,3,0.12,0,2,0,0,0.268,0,medium
INV-00930,Falcon Industries,mid-market,manufacturing,68282.57,data_migration,2024-01-08,1,1,Monday,45,4,23,7,0.3,0,4,0,0,0.2678,0,medium
INV-01219,Acme Corp,enterprise,manufacturing,62806.92,reporting_setup,2024-02-13,2,1,Tuesday,15,6,1,1,1.0,1,4,0,0,0.2674,0,medium
INV-00767,Lumen Analytics,mid-market,technology,30349.86,process_automation,2024-04-17,4,2,Wednesday,15,7,14,6,0.43,1,4,0,0,0.2673,0,medium
INV-01964,Acme Corp,enterprise,manufacturing,59877.83,data_migration,2023-06-22,6,2,Thursday,30,16,22,2,0.09,0,3,0,0,0.2673,0,medium
INV-00096,Birch Holdings,mid-market,finance,47996.41,process_automation,2024-04-10,4,2,Wednesday,45,12,4,1,0.25,0,5,0,0,0.2672,0,medium
INV-01706,Keystone Retail,enterprise,retail,45329.51,data_migration,2024-12-15,12,4,Sunday,15,12,1,0,0.0,1,1,0,0,0.2669,0,medium
INV-00219,Acme Corp,enterprise,manufacturing,56387.04,process_automation,2023-03-18,3,1,Saturday,15,11,1,0,0.0,1,4,0,0,0.2668,0,medium
INV-00347,Horizon LLC,small,technology,3288.91,analytics_consulting,2024-03-07,3,1,Thursday,15,2,6,0,0.0,0,5,0,0,0.2668,0,medium
INV-00586,Birch Holdings,mid-market,finance,28744.22,reporting_setup,2023-03-24,3,1,Friday,30,3,4,1,0.25,1,2,0,0,0.2667,0,medium
INV-01565,Delta Group,enterprise,healthcare,134922.36,analytics_consulting,2023-01-08,1,1,Sunday,45,4,22,8,0.36,1,1,0,0,0.2667,0,medium
INV-00869,Delta Group,enterprise,healthcare,132881.79,reporting_setup,2023-05-30,5,2,Tuesday,15,3,2,1,0.5,1,3,0,0,0.2667,0,medium
INV-00378,Acme Corp,enterprise,manufacturing,137248.98,data_migration,2024-02-03,2,1,Saturday,15,3,24,0,0.0,1,1,0,0,0.2663,0,medium
INV-00888,Horizon LLC,small,technology,11278.14,reporting_setup,2024-10-22,10,4,Tuesday,15,5,24,0,0.0,0,4,0,0,0.266,0,medium
INV-00135,Cedar Solutions,small,technology,13285.53,training,2023-07-24,7,3,Monday,30,2,21,7,0.33,0,5,0,0,0.2641,0,medium
INV-01136,Acme Corp,enterprise,manufacturing,134246.4,training,2023-06-09,6,2,Friday,30,14,14,0,0.0,1,3,0,0,0.2638,0,medium
INV-00935,Horizon LLC,small,technology,14184.83,reporting_setup,2024-02-27,2,1,Tuesday,15,8,17,4,0.24,1,3,0,0,0.2637,0,medium
INV-01786,Ironclad Inc,mid-market,healthcare,55895.65,training,2023-08-16,8,3,Wednesday,30,16,22,6,0.27,0,3,0,0,0.2633,0,medium
INV-00046,Lumen Analytics,mid-market,technology,31830.09,analytics_consulting,2023-10-20,10,4,Friday,45,3,5,1,0.2,1,2,0,0,0.2633,0,medium
INV-00877,Ironclad Inc,mid-market,healthcare,48944.99,data_migration,2024-05-30,5,2,Thursday,30,5,10,0,0.0,0,1,0,0,0.2631,0,medium
INV-00803,Jade Consulting,small,professional_services,14898.38,reporting_setup,2023-03-14,3,1,Tuesday,15,4,13,2,0.15,1,4,0,0,0.2627,0,medium
INV-00733,Keystone Retail,enterprise,retail,124592.89,data_migration,2024-02-10,2,1,Saturday,45,16,6,4,0.67,1,5,0,0,0.2623,0,medium
INV-00887,Lumen Analytics,mid-market,technology,30160.41,process_automation,2023-07-04,7,3,Tuesday,15,6,13,3,0.23,1,1,0,0,0.2621,0,medium
INV-01660,Delta Group,enterprise,healthcare,99401.51,training,2023-07-16,7,3,Sunday,15,8,12,4,0.33,1,4,0,0,0.2621,0,medium
INV-00561,Birch Holdings,mid-market,finance,48673.53,data_migration,2023-04-19,4,2,Wednesday,60,8,3,1,0.33,0,4,0,0,0.2619,0,medium
INV-00971,Delta Group,enterprise,healthcare,117673.48,analytics_consulting,2024-02-17,2,1,Saturday,45,16,17,6,0.35,1,1,0,0,0.2617,0,medium
INV-01747,Birch Holdings,mid-market,finance,55571.55,process_automation,2024-03-07,3,1,Thursday,30,5,24,0,0.0,1,2,0,0,0.2616,0,medium
INV-00632,Acme Corp,enterprise,manufacturing,71658.3,reporting_setup,2024-04-16,4,2,Tuesday,60,16,19,0,0.0,0,4,0,0,0.2609,0,medium
INV-00537,Falcon Industries,mid-market,manufacturing,28798.55,process_automation,2024-03-07,3,1,Thursday,45,2,23,4,0.17,0,5,0,0,0.2599,0,medium
INV-00875,Birch Holdings,mid-market,finance,29595.97,training,2023-03-18,3,1,Saturday,45,16,7,2,0.29,1,2,0,0,0.2597,0,medium
INV-00650,Keystone Retail,enterprise,retail,72956.39,reporting_setup,2023-11-21,11,4,Tuesday,15,3,16,7,0.44,1,3,0,0,0.2592,0,medium
INV-00940,Delta Group,enterprise,healthcare,101548.68,data_migration,2023-04-06,4,2,Thursday,15,5,1,0,0.0,1,1,0,0,0.2591,0,medium
INV-01099,Birch Holdings,mid-market,finance,27909.15,reporting_setup,2023-06-26,6,2,Monday,15,7,23,8,0.35,0,1,0,0,0.259,0,medium
INV-00785,Delta Group,enterprise,healthcare,40992.63,analytics_consulting,2024-01-19,1,1,Friday,30,14,1,0,0.0,1,2,0,0,0.2588,0,medium
INV-00231,Delta Group,enterprise,healthcare,167886.54,reporting_setup,2023-11-30,11,4,Thursday,45,13,12,1,0.08,0,2,0,0,0.2585,0,medium
INV-01403,Delta Group,enterprise,healthcare,120734.79,analytics_consulting,2024-03-03,3,1,Sunday,60,9,7,0,0.0,0,2,0,0,0.2585,0,medium
INV-00040,Falcon Industries,mid-market,manufacturing,53915.77,reporting_setup,2024-04-21,4,2,Sunday,60,16,24,2,0.08,0,3,0,0,0.2582,0,medium
INV-00705,Birch Holdings,mid-market,finance,63484.78,training,2023-12-02,12,4,Saturday,30,12,15,1,0.07,1,4,0,0,0.258,0,medium
INV-00005,Granite Partners,enterprise,finance,170145.82,training,2023-03-22,3,1,Wednesday,45,12,19,3,0.16,1,1,0,0,0.2579,0,medium
INV-00292,Delta Group,enterprise,healthcare,188661.06,reporting_setup,2024-08-12,8,3,Monday,45,6,6,1,0.17,1,3,0,0,0.2577,0,medium
INV-01186,Horizon LLC,small,technology,11908.28,analytics_consulting,2024-02-13,2,1,Tuesday,30,4,3,1,0.33,0,5,0,0,0.2577,0,medium
INV-01335,Falcon Industries,mid-market,manufacturing,30846.23,process_automation,2024-11-05,11,4,Tuesday,30,12,14,2,0.14,0,3,0,0,0.2575,0,medium
INV-01416,Delta Group,enterprise,healthcare,93843.86,process_automation,2024-12-06,12,4,Friday,15,11,22,2,0.09,1,4,0,0,0.2574,0,medium
INV-01405,Falcon Industries,mid-market,manufacturing,72118.45,process_automation,2024-09-23,9,3,Monday,60,9,19,8,0.42,0,3,0,0,0.2574,0,medium
INV-01142,Cedar Solutions,small,technology,14349.92,reporting_setup,2024-08-05,8,3,Monday,15,1,24,6,0.25,0,2,0,0,0.2571,0,medium
INV-00152,Falcon Industries,mid-market,manufacturing,49331.16,reporting_setup,2024-01-06,1,1,Saturday,15,15,12,5,0.42,0,1,0,0,0.257,0,medium
INV-00125,Birch Holdings,mid-market,finance,40076.26,data_migration,2024-10-22,10,4,Tuesday,60,2,15,3,0.2,1,4,0,0,0.2567,0,medium
INV-01504,Ironclad Inc,mid-market,healthcare,69248.21,data_migration,2024-06-21,6,2,Friday,15,7,1,0,0.0,0,3,0,0,0.2565,0,medium
INV-00991,Acme Corp,enterprise,manufacturing,132661.5,data_migration,2024-03-07,3,1,Thursday,30,10,8,8,1.0,1,5,0,0,0.2556,0,medium
INV-00835,Cedar Solutions,small,technology,1958.9,reporting_setup,2024-10-04,10,4,Friday,30,8,13,7,0.54,1,5,0,0,0.2548,0,medium
INV-01107,Keystone Retail,enterprise,retail,98746.36,data_migration,2024-01-03,1,1,Wednesday,30,11,11,1,0.09,1,3,0,0,0.2544,0,medium
INV-01329,Echo Ventures,small,retail,3414.81,data_migration,2023-02-05,2,1,Sunday,45,15,7,1,0.14,0,1,0,0,0.2543,0,medium
INV-01189,Birch Holdings,mid-market,finance,64374.75,process_automation,2023-12-30,12,4,Saturday,45,14,21,4,0.19,1,1,0,0,0.2543,0,medium
INV-01000,Acme Corp,enterprise,manufacturing,137894.07,process_automation,2024-08-17,8,3,Saturday,15,15,2,1,0.5,0,4,0,0,0.2541,0,medium
INV-01015,Keystone Retail,enterprise,retail,37759.58,analytics_consulting,2023-03-05,3,1,Sunday,60,2,12,1,0.08,0,5,0,0,0.2538,0,medium
INV-00107,Falcon Industries,mid-market,manufacturing,18202.45,analytics_consulting,2024-09-14,9,3,Saturday,15,11,13,8,0.62,1,5,0,0,0.2537,0,medium
INV-00792,Delta Group,enterprise,healthcare,49072.21,data_migration,2024-09-26,9,3,Thursday,15,16,10,3,0.3,1,2,0,0,0.2531,0,medium
INV-01610,Granite Partners,enterprise,finance,97159.7,training,2024-03-12,3,1,Tuesday,15,5,5,2,0.4,1,1,0,0,0.2531,0,medium
INV-00753,Delta Group,enterprise,healthcare,55813.55,analytics_consulting,2023-07-02,7,3,Sunday,15,9,4,0,0.0,1,2,0,0,0.253,0,medium
INV-01320,Acme Corp,enterprise,manufacturing,61546.41,training,2023-07-24,7,3,Monday,15,16,1,1,1.0,1,5,0,0,0.253,0,medium
INV-00235,Keystone Retail,enterprise,retail,138224.97,process_automation,2024-11-11,11,4,Monday,30,2,19,6,0.32,0,3,0,0,0.2527,0,medium
INV-01924,Jade Consulting,small,professional_services,4321.31,training,2024-02-15,2,1,Thursday,30,8,20,0,0.0,0,3,0,0,0.2526,0,medium
INV-01782,Keystone Retail,enterprise,retail,54570.79,analytics_consulting,2023-08-07,8,3,Monday,30,15,8,3,0.38,0,5,0,0,0.2518,0,medium
INV-00998,Delta Group,enterprise,healthcare,108327.72,training,2023-06-24,6,2,Saturday,30,10,10,1,0.1,0,4,0,0,0.2518,0,medium
INV-00132,Lumen Analytics,mid-market,technology,66965.53,data_migration,2024-06-23,6,2,Sunday,45,5,20,6,0.3,1,2,0,0,0.2517,0,medium
INV-01114,Falcon Industries,mid-market,manufacturing,55420.68,reporting_setup,2023-04-13,4,2,Thursday,60,16,22,6,0.27,0,2,0,0,0.2516,0,medium
INV-00502,Lumen Analytics,mid-market,technology,17104.65,training,2023-08-03,8,3,Thursday,15,3,16,4,0.25,0,3,0,0,0.2515,0,medium
INV-01999,Delta Group,enterprise,healthcare,128196.45,reporting_setup,2023-04-20,4,2,Thursday,15,15,21,8,0.38,1,1,0,0,0.2509,0,medium
INV-00357,Delta Group,enterprise,healthcare,62728.16,data_migration,2023-07-12,7,3,Wednesday,60,7,23,5,0.22,1,4,1,82,0.2509,0,medium
INV-00630,Falcon Industries,mid-market,manufacturing,34737.27,data_migration,2024-08-20,8,3,Tuesday,45,14,12,5,0.42,0,1,0,0,0.2509,0,medium
INV-01472,Lumen Analytics,mid-market,technology,22846.9,analytics_consulting,2023-07-03,7,3,Monday,30,10,15,0,0.0,0,2,0,0,0.2508,0,medium
INV-00843,Ironclad Inc,mid-market,healthcare,25411.52,data_migration,2023-08-03,8,3,Thursday,15,7,5,2,0.4,0,2,0,0,0.2502,0,medium
INV-01483,Acme Corp,enterprise,manufacturing,39635.91,data_migration,2024-11-11,11,4,Monday,15,6,24,1,0.04,1,2,0,0,0.2502,0,medium
INV-01241,Jade Consulting,small,professional_services,14402.11,process_automation,2024-07-30,7,3,Tuesday,15,7,21,7,0.33,1,2,0,0,0.2501,0,medium
INV-01014,Acme Corp,enterprise,manufacturing,60089.47,reporting_setup,2023-12-13,12,4,Wednesday,45,2,5,1,0.2,1,3,0,0,0.2499,0,low
INV-00300,Keystone Retail,enterprise,retail,26994.23,process_automation,2024-10-16,10,4,Wednesday,60,7,8,1,0.12,1,1,0,0,0.2499,0,low
INV-01913,Horizon LLC,small,technology,12570.02,reporting_setup,2024-08-20,8,3,Tuesday,15,10,17,8,0.47,1,5,0,0,0.2494,0,low
INV-01346,Granite Partners,enterprise,finance,108102.56,reporting_setup,2023-02-09,2,1,Thursday,15,3,3,1,0.33,1,1,0,0,0.2493,0,low
INV-01400,Ironclad Inc,mid-market,healthcare,59302.01,data_migration,2024-08-22,8,3,Thursday,60,14,17,0,0.0,0,5,0,0,0.2493,0,low
INV-00138,Falcon Industries,mid-market,manufacturing,70503.68,data_migration,2023-08-18,8,3,Friday,45,11,5,1,0.2,1,4,0,0,0.2491,0,low
INV-00208,Keystone Retail,enterprise,retail,87937.81,process_automation,2024-01-03,1,1,Wednesday,45,16,15,1,0.07,1,4,0,0,0.2483,0,low
INV-00369,Acme Corp,enterprise,manufacturing,31989.6,reporting_setup,2023-12-05,12,4,Tuesday,30,11,20,0,0.0,1,5,0,0,0.2479,0,low
INV-01560,Jade Consulting,small,professional_services,10058.31,analytics_consulting,2023-10-29,10,4,Sunday,30,5,22,8,0.36,0,3,0,0,0.2476,0,low
INV-00666,Granite Partners,enterprise,finance,102265.95,reporting_setup,2023-04-29,4,2,Saturday,15,16,15,7,0.47,1,2,1,12,0.2474,0,low
INV-01721,Delta Group,enterprise,healthcare,144452.89,process_automation,2023-11-19,11,4,Sunday,15,1,3,1,0.33,1,3,0,0,0.247,0,low
INV-01681,Granite Partners,enterprise,finance,71864.93,process_automation,2024-12-28,12,4,Saturday,30,7,18,3,0.17,1,2,0,0,0.2469,0,low
INV-01696,Falcon Industries,mid-market,manufacturing,34709.13,training,2024-04-10,4,2,Wednesday,30,10,3,0,0.0,0,5,0,0,0.2465,0,low
INV-01313,Birch Holdings,mid-market,finance,33973.43,process_automation,2023-02-23,2,1,Thursday,60,11,24,6,0.25,0,4,0,0,0.2461,0,low
INV-01087,Jade Consulting,small,professional_services,9271.35,reporting_setup,2024-10-22,10,4,Tuesday,45,9,24,7,0.29,1,1,0,0,0.2456,0,low
INV-01737,Granite Partners,enterprise,finance,33124.59,analytics_consulting,2023-11-16,11,4,Thursday,60,8,14,2,0.14,1,2,0,0,0.2449,0,low
INV-00286,Birch Holdings,mid-market,finance,71248.24,data_migration,2023-12-06,12,4,Wednesday,15,2,6,4,0.67,0,4,0,0,0.2449,0,low
INV-00380,Ironclad Inc,mid-market,healthcare,61790.08,analytics_consulting,2023-08-14,8,3,Monday,60,10,21,2,0.1,1,3,0,0,0.2448,0,low
INV-01208,Horizon LLC,small,technology,1504.77,analytics_consulting,2023-11-26,11,4,Sunday,45,9,23,8,0.35,0,2,0,0,0.2445,0,low
INV-00617,Delta Group,enterprise,healthcare,46632.7,data_migration,2024-02-22,2,1,Thursday,45,4,17,2,0.12,1,3,0,0,0.2439,0,low
INV-01886,Falcon Industries,mid-market,manufacturing,69225.43,analytics_consulting,2024-10-22,10,4,Tuesday,15,12,13,4,0.31,1,3,0,0,0.2435,0,low
INV-00049,Jade Consulting,small,professional_services,5184.63,reporting_setup,2023-08-14,8,3,Monday,30,16,1,1,1.0,1,4,0,0,0.2433,0,low
INV-00488,Horizon LLC,small,technology,11978.9,reporting_setup,2023-09-10,9,3,Sunday,60,13,24,5,0.21,1,5,0,0,0.2432,0,low
INV-01552,Lumen Analytics,mid-market,technology,52072.6,training,2024-09-16,9,3,Monday,15,10,12,7,0.58,0,5,0,0,0.2425,0,low
INV-00108,Birch Holdings,mid-market,finance,37954.55,data_migration,2024-12-19,12,4,Thursday,30,8,14,5,0.36,0,4,0,0,0.2423,0,low
INV-01102,Keystone Retail,enterprise,retail,34333.68,analytics_consulting,2023-07-15,7,3,Saturday,45,10,6,2,0.33,1,3,0,0,0.2422,0,low
INV-00684,Acme Corp,enterprise,manufacturing,135321.73,data_migration,2023-12-08,12,4,Friday,15,14,14,7,0.5,1,5,0,0,0.242,0,low
INV-01158,Lumen Analytics,mid-market,technology,54826.43,analytics_consulting,2024-10-28,10,4,Monday,30,15,6,0,0.0,0,3,0,0,0.2418,0,low
INV-01659,Falcon Industries,mid-market,manufacturing,59157.31,process_automation,2024-03-09,3,1,Saturday,60,11,18,0,0.0,0,3,0,0,0.2417,0,low
INV-01284,Falcon Industries,mid-market,manufacturing,66682.6,data_migration,2024-07-18,7,3,Thursday,30,1,24,0,0.0,1,2,0,0,0.2414,0,low
INV-01604,Cedar Solutions,small,technology,1806.58,data_migration,2023-04-13,4,2,Thursday,45,13,21,8,0.38,1,3,0,0,0.2412,0,low
INV-01132,Keystone Retail,enterprise,retail,64344.33,data_migration,2023-11-22,11,4,Wednesday,30,11,8,1,0.12,1,5,0,0,0.2412,0,low
INV-01639,Falcon Industries,mid-market,manufacturing,60636.99,process_automation,2024-01-22,1,1,Monday,15,15,19,6,0.32,1,1,0,0,0.2409,0,low
INV-01452,Birch Holdings,mid-market,finance,58541.07,training,2024-02-20,2,1,Tuesday,30,5,19,2,0.11,0,5,1,86,0.2408,0,low
INV-01159,Birch Holdings,mid-market,finance,43966.25,data_migration,2023-07-14,7,3,Friday,30,2,7,3,0.43,1,5,0,0,0.2408,0,low
INV-01735,Delta Group,enterprise,healthcare,40467.59,analytics_consulting,2023-01-15,1,1,Sunday,15,13,15,3,0.2,1,5,0,0,0.2408,0,low
INV-01414,Jade Consulting,small,professional_services,13610.26,analytics_consulting,2023-01-01,1,1,Sunday,30,16,4,2,0.5,0,5,0,0,0.2406,0,low
INV-01751,Birch Holdings,mid-market,finance,18581.25,training,2024-09-17,9,3,Tuesday,30,3,22,0,0.0,0,5,1,88,0.2406,0,low
INV-01897,Ironclad Inc,mid-market,healthcare,46119.53,training,2023-09-10,9,3,Sunday,45,11,18,5,0.28,1,5,0,0,0.2405,0,low
INV-00246,Acme Corp,enterprise,manufacturing,167662.79,analytics_consulting,2024-05-11,5,2,Saturday,30,16,14,7,0.5,1,4,0,0,0.2399,0,low
INV-00952,Acme Corp,enterprise,manufacturing,76357.87,process_automation,2024-06-07,6,2,Friday,60,12,13,0,0.0,1,3,0,0,0.2394,0,low
INV-01005,Birch Holdings,mid-market,finance,59394.1,reporting_setup,2024-05-26,5,2,Sunday,45,8,4,1,0.25,0,4,0,0,0.239,0,low
INV-00296,Granite Partners,enterprise,finance,77808.9,data_migration,2024-08-23,8,3,Friday,45,5,6,5,0.83,0,4,0,0,0.2377,0,low
INV-00694,Falcon Industries,mid-market,manufacturing,59527.7,process_automation,2023-06-10,6,2,Saturday,60,16,24,1,0.04,1,3,0,0,0.2377,0,low
INV-01958,Ironclad Inc,mid-market,healthcare,62352.51,data_migration,2024-08-18,8,3,Sunday,30,13,23,4,0.17,0,5,0,0,0.2373,0,low
INV-01645,Lumen Analytics,mid-market,technology,74907.63,process_automation,2023-09-12,9,3,Tuesday,30,7,23,6,0.26,1,2,0,0,0.237,0,low
INV-00063,Lumen Analytics,mid-market,technology,58009.3,analytics_consulting,2023-07-09,7,3,Sunday,30,9,24,8,0.33,0,1,0,0,0.2369,0,low
INV-01729,Ironclad Inc,mid-market,healthcare,56613.37,data_migration,2023-03-02,3,1,Thursday,60,16,9,0,0.0,0,2,0,0,0.2366,0,low
INV-00533,Ironclad Inc,mid-market,healthcare,24673.16,reporting_setup,2024-04-05,4,2,Friday,45,14,20,0,0.0,0,2,0,0,0.2366,0,low
INV-01286,Falcon Industries,mid-market,manufacturing,45904.87,process_automation,2023-05-16,5,2,Tuesday,45,16,10,4,0.4,1,4,0,0,0.2366,0,low
INV-01492,Ironclad Inc,mid-market,healthcare,27004.51,training,2023-05-08,5,2,Monday,15,9,21,2,0.1,0,4,0,0,0.2366,0,low
INV-00226,Granite Partners,enterprise,finance,92864.92,process_automation,2023-01-13,1,1,Friday,60,3,24,8,0.33,0,2,0,0,0.2364,0,low
INV-01035,Acme Corp,enterprise,manufacturing,130101.3,process_automation,2024-11-25,11,4,Monday,15,12,4,0,0.0,1,1,0,0,0.2361,0,low
INV-00813,Acme Corp,enterprise,manufacturing,109909.01,analytics_consulting,2024-08-22,8,3,Thursday,60,4,1,0,0.0,1,1,0,0,0.236,0,low
INV-00797,Granite Partners,enterprise,finance,151292.91,process_automation,2024-04-23,4,2,Tuesday,30,8,14,2,0.14,1,3,0,0,0.236,0,low
INV-00794,Echo Ventures,small,retail,6126.83,analytics_consulting,2023-01-25,1,1,Wednesday,45,7,18,0,0.0,0,2,0,0,0.2356,0,low
INV-00419,Delta Group,enterprise,healthcare,171358.57,analytics_consulting,2023-08-23,8,3,Wednesday,30,12,5,0,0.0,1,1,0,0,0.2355,0,low
INV-00754,Birch Holdings,mid-market,finance,39653.24,analytics_consulting,2023-12-13,12,4,Wednesday,45,12,12,2,0.17,0,5,0,0,0.2352,0,low
INV-01408,Delta Group,enterprise,healthcare,147041.8,analytics_consulting,2024-04-20,4,2,Saturday,15,12,14,6,0.43,1,3,0,0,0.2344,0,low
INV-01855,Echo Ventures,small,retail,8666.32,data_migration,2023-01-09,1,1,Monday,15,9,18,8,0.44,1,3,0,0,0.2341,0,low
INV-01767,Echo Ventures,small,retail,9231.27,data_migration,2024-01-14,1,1,Sunday,15,10,17,1,0.06,0,2,0,0,0.2334,0,low
INV-00838,Lumen Analytics,mid-market,technology,16463.68,process_automation,2024-03-20,3,1,Wednesday,30,3,23,8,0.35,1,1,0,0,0.2333,0,low
INV-01653,Birch Holdings,mid-market,finance,73628.25,process_automation,2023-12-02,12,4,Saturday,45,2,4,0,0.0,0,5,0,0,0.2327,0,low
INV-00768,Acme Corp,enterprise,manufacturing,78475.09,analytics_consulting,2024-01-19,1,1,Friday,30,1,16,5,0.31,1,4,0,0,0.2326,0,low
INV-01869,Ironclad Inc,mid-market,healthcare,39970.63,process_automation,2023-08-18,8,3,Friday,30,3,17,7,0.41,1,1,0,0,0.2325,0,low
INV-00339,Keystone Retail,enterprise,retail,145706.21,data_migration,2023-04-21,4,2,Friday,15,14,15,6,0.4,1,3,0,0,0.2325,0,low
INV-00626,Echo Ventures,small,retail,14359.84,process_automation,2024-07-09,7,3,Tuesday,15,2,14,1,0.07,1,3,0,0,0.2323,0,low
INV-00833,Lumen Analytics,mid-market,technology,57187.24,data_migration,2024-10-28,10,4,Monday,45,4,22,2,0.09,1,4,0,0,0.2315,0,low
INV-01534,Granite Partners,enterprise,finance,85296.33,analytics_consulting,2024-11-18,11,4,Monday,30,3,24,7,0.29,1,4,0,0,0.2313,0,low
INV-01256,Delta Group,enterprise,healthcare,52811.67,data_migration,2023-03-14,3,1,Tuesday,15,16,3,1,0.33,1,2,0,0,0.2312,0,low
INV-00559,Keystone Retail,enterprise,retail,186842.77,analytics_consulting,2024-07-03,7,3,Wednesday,30,2,24,2,0.08,1,1,0,0,0.2308,0,low
INV-01901,Lumen Analytics,mid-market,technology,17740.36,data_migration,2023-10-30,10,4,Monday,60,10,23,7,0.3,1,3,0,0,0.2306,0,low
INV-00826,Granite Partners,enterprise,finance,164565.67,process_automation,2024-03-09,3,1,Saturday,45,5,17,3,0.18,1,1,0,0,0.2305,0,low
INV-01190,Granite Partners,enterprise,finance,152685.09,data_migration,2024-04-27,4,2,Saturday,45,11,2,0,0.0,1,2,0,0,0.2305,0,low
INV-01993,Granite Partners,enterprise,finance,84038.56,process_automation,2023-08-28,8,3,Monday,30,10,17,8,0.47,1,1,0,0,0.2303,0,low
INV-01435,Falcon Industries,mid-market,manufacturing,35212.24,process_automation,2023-04-05,4,2,Wednesday,30,7,18,4,0.22,0,5,0,0,0.2302,0,low
INV-00927,Ironclad Inc,mid-market,healthcare,56977.04,analytics_consulting,2024-09-03,9,3,Tuesday,15,5,11,5,0.45,1,4,0,0,0.2302,0,low
INV-01949,Cedar Solutions,small,technology,1850.96,training,2023-12-08,12,4,Friday,15,15,7,7,1.0,1,1,0,0,0.2302,0,low
INV-00692,Falcon Industries,mid-market,manufacturing,68260.65,training,2023-02-17,2,1,Friday,45,4,23,0,0.0,0,4,0,0,0.2299,0,low
INV-00157,Jade Consulting,small,professional_services,9761.3,reporting_setup,2024-01-13,1,1,Saturday,30,3,3,2,0.67,1,4,0,0,0.2293,0,low
INV-00452,Ironclad Inc,mid-market,healthcare,39209.97,data_migration,2023-06-14,6,2,Wednesday,30,9,18,5,0.28,0,5,0,0,0.2289,0,low
INV-00259,Acme Corp,enterprise,manufacturing,48222.46,reporting_setup,2023-08-07,8,3,Monday,15,8,17,7,0.41,1,3,0,0,0.2287,0,low
INV-01538,Birch Holdings,mid-market,finance,63635.88,reporting_setup,2023-08-13,8,3,Sunday,30,11,5,3,0.6,0,5,0,0,0.2284,0,low
INV-01280,Birch Holdings,mid-market,finance,18771.32,data_migration,2024-01-14,1,1,Sunday,30,10,22,6,0.27,0,1,0,0,0.2283,0,low
INV-00756,Keystone Retail,enterprise,retail,174526.2,data_migration,2023-09-08,9,3,Friday,30,10,5,2,0.4,1,3,0,0,0.228,0,low
INV-01048,Granite Partners,enterprise,finance,75625.95,reporting_setup,2024-10-07,10,4,Monday,60,16,23,2,0.09,1,5,0,0,0.228,0,low
INV-00197,Granite Partners,enterprise,finance,139368.47,data_migration,2024-01-20,1,1,Saturday,30,12,4,1,0.25,0,4,0,0,0.2278,0,low
INV-01595,Ironclad Inc,mid-market,healthcare,54433.82,reporting_setup,2024-08-05,8,3,Monday,45,12,22,8,0.36,1,2,0,0,0.2276,0,low
INV-00631,Delta Group,enterprise,healthcare,184318.08,process_automation,2023-08-29,8,3,Tuesday,15,3,10,1,0.1,1,1,0,0,0.2275,0,low
INV-00847,Birch Holdings,mid-market,finance,14287.36,data_migration,2024-06-28,6,2,Friday,60,3,12,5,0.42,0,2,0,0,0.2275,0,low
INV-01945,Lumen Analytics,mid-market,technology,37249.04,analytics_consulting,2024-10-23,10,4,Wednesday,30,4,18,0,0.0,1,3,0,0,0.2274,0,low
INV-00557,Delta Group,enterprise,healthcare,163729.36,reporting_setup,2024-05-15,5,2,Wednesday,15,10,16,8,0.5,0,4,0,0,0.2272,0,low
INV-00945,Granite Partners,enterprise,finance,56466.13,reporting_setup,2023-11-18,11,4,Saturday,30,1,6,5,0.83,1,5,0,0,0.2271,0,low
INV-01698,Keystone Retail,enterprise,retail,92391.9,reporting_setup,2023-05-22,5,2,Monday,45,6,3,0,0.0,1,5,0,0,0.2271,0,low
INV-01317,Lumen Analytics,mid-market,technology,62933.67,training,2023-06-08,6,2,Thursday,15,15,6,0,0.0,0,3,0,0,0.227,0,low
INV-00126,Acme Corp,enterprise,manufacturing,196917.48,data_migration,2024-04-06,4,2,Saturday,45,3,17,2,0.12,1,4,0,0,0.2264,0,low
INV-01796,Delta Group,enterprise,healthcare,120746.31,process_automation,2024-08-28,8,3,Wednesday,60,12,6,0,0.0,1,1,0,0,0.226,0,low
INV-01216,Keystone Retail,enterprise,retail,27262.07,process_automation,2023-09-15,9,3,Friday,15,16,8,7,0.88,1,4,0,0,0.2258,0,low
INV-01814,Ironclad Inc,mid-market,healthcare,57030.49,analytics_consulting,2024-03-06,3,1,Wednesday,60,7,19,8,0.42,0,5,0,0,0.2257,0,low
INV-00128,Keystone Retail,enterprise,retail,41538.54,data_migration,2023-12-09,12,4,Saturday,45,13,10,4,0.4,1,5,0,0,0.2254,0,low
INV-00934,Granite Partners,enterprise,finance,121527.88,analytics_consulting,2023-08-05,8,3,Saturday,60,4,7,7,1.0,0,3,0,0,0.2253,0,low
INV-00802,Lumen Analytics,mid-market,technology,70169.92,reporting_setup,2024-01-19,1,1,Friday,60,13,24,5,0.21,1,3,0,0,0.2253,0,low
INV-01854,Birch Holdings,mid-market,finance,56229.87,process_automation,2024-01-17,1,1,Wednesday,15,5,14,8,0.57,0,4,0,0,0.2252,0,low
INV-01634,Acme Corp,enterprise,manufacturing,167077.3,analytics_consulting,2024-07-06,7,3,Saturday,15,9,18,0,0.0,1,3,0,0,0.2248,0,low
INV-01821,Granite Partners,enterprise,finance,37683.82,analytics_consulting,2024-02-02,2,1,Friday,15,12,2,0,0.0,1,2,0,0,0.2246,0,low
INV-00903,Birch Holdings,mid-market,finance,19731.62,training,2023-01-13,1,1,Friday,60,6,16,2,0.12,0,3,0,0,0.2246,0,low
INV-01883,Jade Consulting,small,professional_services,5953.38,analytics_consulting,2024-07-22,7,3,Monday,15,10,22,8,0.36,0,5,0,0,0.2244,0,low
INV-01657,Keystone Retail,enterprise,retail,77274.84,process_automation,2024-08-09,8,3,Friday,30,9,6,0,0.0,1,4,0,0,0.2239,0,low
INV-00501,Granite Partners,enterprise,finance,76245.72,reporting_setup,2023-03-11,3,1,Saturday,15,5,4,2,0.5,1,4,0,0,0.2238,0,low
INV-00116,Delta Group,enterprise,healthcare,100234.89,data_migration,2024-06-08,6,2,Saturday,45,10,22,7,0.32,1,3,1,51,0.2234,0,low
INV-01180,Keystone Retail,enterprise,retail,103975.5,process_automation,2024-03-17,3,1,Sunday,60,5,21,5,0.24,1,5,0,0,0.2233,0,low
INV-01367,Keystone Retail,enterprise,retail,165392.77,training,2023-07-12,7,3,Wednesday,30,10,7,5,0.71,1,5,0,0,0.2232,0,low
INV-00455,Acme Corp,enterprise,manufacturing,60363.83,analytics_consulting,2023-05-13,5,2,Saturday,15,16,7,1,0.14,1,4,0,0,0.2231,0,low
INV-00202,Ironclad Inc,mid-market,healthcare,27885.0,reporting_setup,2023-08-15,8,3,Tuesday,45,6,21,6,0.29,0,1,0,0,0.2224,0,low
INV-01453,Delta Group,enterprise,healthcare,199675.37,data_migration,2023-05-16,5,2,Tuesday,30,2,24,1,0.04,1,2,0,0,0.2221,0,low
INV-00606,Keystone Retail,enterprise,retail,76041.22,data_migration,2023-12-31,12,4,Sunday,45,3,17,3,0.18,1,2,0,0,0.2221,0,low
INV-01334,Lumen Analytics,mid-market,technology,28623.61,analytics_consulting,2024-05-15,5,2,Wednesday,15,3,20,5,0.25,0,4,0,0,0.2215,0,low
INV-00191,Delta Group,enterprise,healthcare,104621.27,reporting_setup,2023-05-17,5,2,Wednesday,30,12,14,8,0.57,0,5,0,0,0.2215,0,low
INV-01066,Ironclad Inc,mid-market,healthcare,18399.0,data_migration,2023-07-31,7,3,Monday,45,1,24,0,0.0,0,1,0,0,0.2212,0,low
INV-00810,Keystone Retail,enterprise,retail,55870.23,reporting_setup,2023-10-23,10,4,Monday,30,6,23,2,0.09,1,2,0,0,0.2211,0,low
INV-00637,Granite Partners,enterprise,finance,142523.04,training,2023-09-15,9,3,Friday,60,6,1,0,0.0,1,2,0,0,0.221,0,low
INV-00319,Acme Corp,enterprise,manufacturing,33847.87,data_migration,2023-09-13,9,3,Wednesday,60,12,23,3,0.13,1,4,0,0,0.2206,0,low
INV-00806,Cedar Solutions,small,technology,1666.55,analytics_consulting,2023-09-18,9,3,Monday,30,3,21,6,0.29,1,5,0,0,0.2203,0,low
INV-00482,Cedar Solutions,small,technology,13144.93,analytics_consulting,2023-07-31,7,3,Monday,30,10,23,8,0.35,0,4,0,0,0.22,0,low
INV-00558,Acme Corp,enterprise,manufacturing,84100.76,process_automation,2023-02-07,2,1,Tuesday,15,2,13,1,0.08,1,5,0,0,0.22,0,low
INV-00764,Falcon Industries,mid-market,manufacturing,29676.51,process_automation,2023-07-21,7,3,Friday,45,9,7,2,0.29,0,5,0,0,0.2198,0,low
INV-01039,Cedar Solutions,small,technology,14441.44,data_migration,2024-01-26,1,1,Friday,15,8,19,8,0.42,0,5,0,0,0.2197,0,low
INV-01904,Ironclad Inc,mid-market,healthcare,41194.74,process_automation,2023-03-11,3,1,Saturday,30,16,7,0,0.0,1,5,0,0,0.2194,0,low
INV-01444,Falcon Industries,mid-market,manufacturing,47844.83,analytics_consulting,2023-05-07,5,2,Sunday,30,3,8,0,0.0,1,5,0,0,0.2191,0,low
INV-01418,Acme Corp,enterprise,manufacturing,50843.99,data_migration,2023-03-23,3,1,Thursday,15,15,5,1,0.2,1,3,0,0,0.219,0,low
INV-00420,Keystone Retail,enterprise,retail,158742.74,training,2024-05-19,5,2,Sunday,15,2,16,5,0.31,1,4,0,0,0.2189,0,low
INV-01692,Delta Group,enterprise,healthcare,76485.19,reporting_setup,2024-03-16,3,1,Saturday,30,5,13,8,0.62,1,5,0,0,0.2188,0,low
INV-00593,Granite Partners,enterprise,finance,187366.98,analytics_consulting,2024-05-26,5,2,Sunday,60,5,1,1,1.0,1,3,0,0,0.2188,0,low
INV-01053,Echo Ventures,small,retail,13980.96,training,2023-09-23,9,3,Saturday,15,9,5,0,0.0,1,5,0,0,0.2187,0,low
INV-01024,Lumen Analytics,mid-market,technology,15098.99,reporting_setup,2024-09-28,9,3,Saturday,45,5,17,3,0.18,1,5,0,0,0.2186,0,low
INV-01040,Ironclad Inc,mid-market,healthcare,49461.63,training,2023-05-05,5,2,Friday,15,15,11,4,0.36,1,5,0,0,0.2183,0,low
INV-01968,Cedar Solutions,small,technology,14106.55,reporting_setup,2024-12-02,12,4,Monday,30,15,24,0,0.0,1,5,0,0,0.2182,0,low
INV-00143,Ironclad Inc,mid-market,healthcare,66766.54,data_migration,2024-07-21,7,3,Sunday,60,2,21,6,0.29,0,3,0,0,0.2179,0,low
INV-01637,Keystone Retail,enterprise,retail,32548.57,data_migration,2024-05-03,5,2,Friday,45,12,8,1,0.12,1,1,0,0,0.2179,0,low
INV-00603,Keystone Retail,enterprise,retail,98002.44,data_migration,2024-04-28,4,2,Sunday,45,16,23,3,0.13,1,3,0,0,0.2173,0,low
INV-00669,Birch Holdings,mid-market,finance,64403.52,process_automation,2024-02-08,2,1,Thursday,15,5,1,0,0.0,0,4,0,0,0.2172,0,low
INV-01894,Ironclad Inc,mid-market,healthcare,41791.43,process_automation,2023-08-19,8,3,Saturday,15,3,5,2,0.4,1,3,0,0,0.2171,0,low
INV-00194,Horizon LLC,small,technology,8428.85,reporting_setup,2023-02-26,2,1,Sunday,30,15,19,0,0.0,0,3,0,0,0.2171,0,low
INV-01223,Keystone Retail,enterprise,retail,71319.07,reporting_setup,2023-07-10,7,3,Monday,30,16,12,5,0.42,1,3,0,0,0.2168,0,low
INV-01222,Birch Holdings,mid-market,finance,30574.72,process_automation,2023-12-08,12,4,Friday,30,10,4,0,0.0,0,3,0,0,0.2168,0,low
INV-00609,Ironclad Inc,mid-market,healthcare,37127.51,analytics_consulting,2023-08-15,8,3,Tuesday,15,3,4,1,0.25,0,4,0,0,0.2164,0,low
INV-01928,Keystone Retail,enterprise,retail,85045.2,reporting_setup,2024-01-23,1,1,Tuesday,15,8,10,2,0.2,1,4,0,0,0.2162,0,low
INV-00504,Delta Group,enterprise,healthcare,25276.66,process_automation,2024-12-26,12,4,Thursday,30,1,15,1,0.07,1,2,0,0,0.2159,0,low
INV-00020,Granite Partners,enterprise,finance,68716.13,process_automation,2023-07-07,7,3,Friday,60,3,15,8,0.53,1,5,0,0,0.2156,0,low
INV-00979,Ironclad Inc,mid-market,healthcare,33678.81,reporting_setup,2023-09-21,9,3,Thursday,45,1,12,4,0.33,0,5,0,0,0.2153,0,low
INV-01965,Acme Corp,enterprise,manufacturing,35667.91,analytics_consulting,2023-08-02,8,3,Wednesday,15,1,18,8,0.44,1,3,0,0,0.2152,0,low
INV-00652,Keystone Retail,enterprise,retail,60013.18,data_migration,2023-05-20,5,2,Saturday,60,10,11,1,0.09,1,2,0,0,0.2151,0,low
INV-00907,Birch Holdings,mid-market,finance,30357.33,reporting_setup,2024-12-10,12,4,Tuesday,60,13,13,2,0.15,1,3,0,0,0.2149,0,low
INV-00677,Granite Partners,enterprise,finance,87205.09,reporting_setup,2023-04-07,4,2,Friday,45,3,17,0,0.0,1,4,0,0,0.2149,0,low
INV-00751,Acme Corp,enterprise,manufacturing,87630.17,data_migration,2024-01-07,1,1,Sunday,15,4,5,2,0.4,1,5,0,0,0.2142,0,low
INV-01041,Delta Group,enterprise,healthcare,65405.87,analytics_consulting,2023-12-03,12,4,Sunday,45,11,24,1,0.04,1,4,0,0,0.2141,0,low
INV-01722,Jade Consulting,small,professional_services,3631.77,data_migration,2024-01-01,1,1,Monday,15,14,23,0,0.0,1,1,0,0,0.2139,0,low
INV-01392,Lumen Analytics,mid-market,technology,72536.82,training,2024-02-18,2,1,Sunday,60,12,20,6,0.3,0,5,0,0,0.2137,0,low
INV-01202,Falcon Industries,mid-market,manufacturing,62454.25,process_automation,2023-07-10,7,3,Monday,45,16,18,7,0.39,0,3,0,0,0.2132,0,low
INV-00685,Echo Ventures,small,retail,8062.36,reporting_setup,2023-02-07,2,1,Tuesday,60,16,8,0,0.0,0,4,0,0,0.2129,0,low
INV-00814,Acme Corp,enterprise,manufacturing,90741.52,analytics_consulting,2023-04-10,4,2,Monday,15,9,16,7,0.44,1,5,0,0,0.2128,0,low
INV-00115,Acme Corp,enterprise,manufacturing,142944.52,analytics_consulting,2023-06-09,6,2,Friday,15,9,15,6,0.4,1,4,0,0,0.2127,0,low
INV-00475,Keystone Retail,enterprise,retail,69704.86,reporting_setup,2023-01-19,1,1,Thursday,15,2,10,3,0.3,1,5,0,0,0.2126,0,low
INV-01290,Delta Group,enterprise,healthcare,92707.67,data_migration,2023-08-04,8,3,Friday,15,7,16,3,0.19,1,4,0,0,0.2126,0,low
INV-01738,Falcon Industries,mid-market,manufacturing,26629.24,analytics_consulting,2024-06-17,6,2,Monday,15,15,1,0,0.0,1,4,0,0,0.2118,0,low
INV-01332,Acme Corp,enterprise,manufacturing,192900.05,data_migration,2024-08-13,8,3,Tuesday,15,9,23,4,0.17,1,2,0,0,0.2114,0,low
INV-00091,Echo Ventures,small,retail,1609.32,reporting_setup,2023-01-23,1,1,Monday,45,2,20,7,0.35,0,3,0,0,0.211,0,low
INV-00825,Lumen Analytics,mid-market,technology,18282.14,training,2023-04-29,4,2,Saturday,45,11,13,0,0.0,1,5,0,0,0.2109,0,low
INV-00595,Echo Ventures,small,retail,7520.63,reporting_setup,2023-01-26,1,1,Thursday,30,3,11,0,0.0,0,2,0,0,0.2107,0,low
INV-00712,Falcon Industries,mid-market,manufacturing,41276.47,data_migration,2023-03-11,3,1,Saturday,60,10,19,7,0.37,0,4,0,0,0.2106,0,low
INV-01927,Jade Consulting,small,professional_services,7865.75,analytics_consulting,2023-02-13,2,1,Monday,30,6,15,0,0.0,0,5,0,0,0.2106,0,low
INV-00748,Delta Group,enterprise,healthcare,141875.52,process_automation,2023-03-12,3,1,Sunday,30,15,20,5,0.25,0,5,0,0,0.2095,0,low
INV-00260,Granite Partners,enterprise,finance,37394.95,analytics_consulting,2024-12-11,12,4,Wednesday,60,13,3,0,0.0,1,3,0,0,0.2092,0,low
INV-01221,Keystone Retail,enterprise,retail,122733.61,analytics_consulting,2023-09-27,9,3,Wednesday,30,11,24,6,0.25,1,2,0,0,0.2091,0,low
INV-01804,Echo Ventures,small,retail,1516.07,data_migration,2024-05-06,5,2,Monday,15,14,18,7,0.39,1,3,0,0,0.2086,0,low
INV-01505,Birch Holdings,mid-market,finance,25885.08,analytics_consulting,2024-07-16,7,3,Tuesday,15,13,11,7,0.64,0,4,0,0,0.2083,0,low
INV-00408,Granite Partners,enterprise,finance,53129.15,training,2023-12-13,12,4,Wednesday,15,1,3,1,0.33,1,5,0,0,0.2082,0,low
INV-01388,Lumen Analytics,mid-market,technology,25967.03,analytics_consulting,2023-07-03,7,3,Monday,30,1,11,2,0.18,0,5,0,0,0.2081,0,low
INV-01491,Acme Corp,enterprise,manufacturing,47009.17,training,2024-10-01,10,4,Tuesday,30,2,9,0,0.0,0,4,0,0,0.2081,0,low
INV-00453,Cedar Solutions,small,technology,11976.22,training,2023-01-20,1,1,Friday,45,8,11,1,0.09,0,5,0,0,0.208,0,low
INV-00727,Delta Group,enterprise,healthcare,179688.03,training,2024-09-17,9,3,Tuesday,45,11,21,4,0.19,0,4,1,85,0.2076,0,low
INV-00294,Delta Group,enterprise,healthcare,117128.49,analytics_consulting,2024-09-08,9,3,Sunday,15,1,11,3,0.27,1,3,0,0,0.2074,0,low
INV-00343,Birch Holdings,mid-market,finance,71713.99,reporting_setup,2024-08-10,8,3,Saturday,30,3,24,1,0.04,0,2,0,0,0.2073,0,low
INV-00532,Keystone Retail,enterprise,retail,49013.55,analytics_consulting,2024-03-23,3,1,Saturday,15,14,15,6,0.4,1,4,0,0,0.207,0,low
INV-01515,Birch Holdings,mid-market,finance,61597.74,process_automation,2023-09-05,9,3,Tuesday,15,15,7,5,0.71,1,4,0,0,0.2067,0,low
INV-01046,Acme Corp,enterprise,manufacturing,48166.11,analytics_consulting,2024-12-07,12,4,Saturday,15,13,14,5,0.36,1,5,0,0,0.2066,0,low
INV-00580,Lumen Analytics,mid-market,technology,35017.15,data_migration,2024-10-10,10,4,Thursday,15,11,17,0,0.0,1,3,0,0,0.2065,0,low
INV-01845,Horizon LLC,small,technology,1658.54,training,2024-06-04,6,2,Tuesday,45,15,1,0,0.0,1,3,0,0,0.2061,0,low
INV-00647,Cedar Solutions,small,technology,12588.43,reporting_setup,2024-01-07,1,1,Sunday,45,1,21,0,0.0,0,1,0,0,0.2057,0,low
INV-01246,Keystone Retail,enterprise,retail,173360.48,training,2024-12-25,12,4,Wednesday,15,3,22,5,0.23,0,5,0,0,0.2057,0,low
INV-01375,Falcon Industries,mid-market,manufacturing,23204.18,analytics_consulting,2023-08-14,8,3,Monday,60,1,6,0,0.0,0,5,0,0,0.2049,0,low
INV-00625,Falcon Industries,mid-market,manufacturing,59411.14,process_automation,2023-06-06,6,2,Tuesday,15,16,15,3,0.2,1,4,0,0,0.2046,0,low
INV-01772,Keystone Retail,enterprise,retail,185956.7,reporting_setup,2023-05-05,5,2,Friday,45,5,4,0,0.0,1,5,0,0,0.2046,0,low
INV-01728,Falcon Industries,mid-market,manufacturing,13856.12,data_migration,2024-02-02,2,1,Friday,15,16,19,0,0.0,0,4,0,0,0.2044,0,low
INV-01089,Granite Partners,enterprise,finance,77947.71,reporting_setup,2024-11-11,11,4,Monday,45,4,8,8,1.0,1,4,0,0,0.2043,0,low
INV-00200,Birch Holdings,mid-market,finance,48856.02,data_migration,2024-08-31,8,3,Saturday,60,2,8,0,0.0,0,2,0,0,0.2043,0,low
INV-00309,Ironclad Inc,mid-market,healthcare,45984.12,training,2024-02-28,2,1,Wednesday,30,13,17,6,0.35,0,4,0,0,0.2043,0,low
INV-01426,Ironclad Inc,mid-market,healthcare,31619.35,data_migration,2024-04-12,4,2,Friday,45,14,19,1,0.05,0,4,0,0,0.204,0,low
INV-00943,Birch Holdings,mid-market,finance,16959.98,training,2024-04-15,4,2,Monday,15,10,9,2,0.22,1,4,0,0,0.204,0,low
INV-01475,Delta Group,enterprise,healthcare,43976.95,analytics_consulting,2023-03-16,3,1,Thursday,60,8,23,2,0.09,1,5,0,0,0.2038,0,low
INV-00809,Echo Ventures,small,retail,1586.67,reporting_setup,2023-08-03,8,3,Thursday,45,6,16,0,0.0,1,4,0,0,0.2036,0,low
INV-00839,Ironclad Inc,mid-market,healthcare,43728.57,reporting_setup,2024-06-26,6,2,Wednesday,15,4,7,1,0.14,1,5,0,0,0.2035,0,low
INV-00417,Ironclad Inc,mid-market,healthcare,26136.74,data_migration,2024-07-02,7,3,Tuesday,45,3,13,5,0.38,1,2,0,0,0.2033,0,low
INV-01178,Granite Partners,enterprise,finance,163274.06,training,2023-02-02,2,1,Thursday,45,16,10,5,0.5,1,1,0,0,0.2032,0,low
INV-01578,Granite Partners,enterprise,finance,50212.67,training,2024-08-23,8,3,Friday,60,8,14,7,0.5,0,4,0,0,0.2031,0,low
INV-01741,Birch Holdings,mid-market,finance,44809.49,reporting_setup,2024-05-30,5,2,Thursday,30,11,18,8,0.44,1,5,0,0,0.2025,0,low
INV-00750,Lumen Analytics,mid-market,technology,25536.24,reporting_setup,2023-08-24,8,3,Thursday,30,11,24,6,0.25,1,2,0,0,0.2023,0,low
INV-00760,Granite Partners,enterprise,finance,180524.06,process_automation,2023-08-12,8,3,Saturday,60,6,12,4,0.33,1,2,0,0,0.2019,0,low
INV-01903,Lumen Analytics,mid-market,technology,37763.06,analytics_consulting,2023-07-25,7,3,Tuesday,30,2,17,7,0.41,0,2,0,0,0.2018,0,low
INV-00707,Ironclad Inc,mid-market,healthcare,51369.97,process_automation,2024-02-09,2,1,Friday,60,15,23,7,0.3,0,4,0,0,0.2017,0,low
INV-01551,Ironclad Inc,mid-market,healthcare,42978.48,training,2024-03-19,3,1,Tuesday,45,10,21,2,0.1,1,5,0,0,0.2017,0,low
INV-00598,Falcon Industries,mid-market,manufacturing,32838.08,process_automation,2023-01-13,1,1,Friday,45,15,18,1,0.06,1,4,0,0,0.2014,0,low
INV-01490,Keystone Retail,enterprise,retail,61385.39,data_migration,2024-04-26,4,2,Friday,60,14,20,8,0.4,1,3,0,0,0.2014,0,low
INV-01050,Lumen Analytics,mid-market,technology,25097.13,process_automation,2024-08-25,8,3,Sunday,15,16,11,0,0.0,0,5,0,0,0.2008,0,low
INV-00526,Keystone Retail,enterprise,retail,111501.65,reporting_setup,2024-09-02,9,3,Monday,45,2,3,1,0.33,1,5,0,0,0.2007,0,low
INV-01365,Keystone Retail,enterprise,retail,188478.15,process_automation,2023-03-06,3,1,Monday,45,10,20,8,0.4,1,3,0,0,0.2006,0,low
INV-00383,Keystone Retail,enterprise,retail,137818.04,data_migration,2024-08-03,8,3,Saturday,60,3,10,1,0.1,1,2,0,0,0.2002,0,low
INV-00560,Jade Consulting,small,professional_services,1693.93,analytics_consulting,2023-02-16,2,1,Thursday,30,2,10,1,0.1,0,2,0,0,0.2002,0,low
INV-00466,Birch Holdings,mid-market,finance,57501.31,process_automation,2024-09-01,9,3,Sunday,15,13,3,0,0.0,0,3,0,0,0.2,0,low
INV-00999,Echo Ventures,small,retail,7763.51,reporting_setup,2024-02-05,2,1,Monday,15,14,5,0,0.0,1,1,0,0,0.1999,0,low
INV-01824,Ironclad Inc,mid-market,healthcare,56199.12,data_migration,2023-01-29,1,1,Sunday,45,5,19,4,0.21,1,5,0,0,0.1998,0,low
INV-01655,Granite Partners,enterprise,finance,170691.7,data_migration,2024-11-30,11,4,Saturday,30,13,7,6,0.86,1,4,0,0,0.1996,0,low
INV-00648,Keystone Retail,enterprise,retail,79121.99,process_automation,2023-09-03,9,3,Sunday,60,12,22,1,0.05,1,2,0,0,0.1995,0,low
INV-01559,Falcon Industries,mid-market,manufacturing,21866.14,process_automation,2024-01-19,1,1,Friday,45,13,15,6,0.4,1,3,0,0,0.1994,0,low
INV-01091,Ironclad Inc,mid-market,healthcare,54548.89,reporting_setup,2024-03-28,3,1,Thursday,45,14,21,5,0.24,1,3,0,0,0.1993,0,low
INV-00404,Granite Partners,enterprise,finance,149101.05,analytics_consulting,2023-09-21,9,3,Thursday,15,1,19,8,0.42,1,1,0,0,0.1987,0,low
INV-00354,Acme Corp,enterprise,manufacturing,180769.41,training,2023-04-04,4,2,Tuesday,45,7,21,7,0.33,0,3,0,0,0.1985,0,low
INV-00480,Acme Corp,enterprise,manufacturing,51548.93,process_automation,2024-07-22,7,3,Monday,30,13,22,2,0.09,1,4,0,0,0.1985,0,low
INV-01331,Horizon LLC,small,technology,2379.63,analytics_consulting,2023-03-06,3,1,Monday,30,13,1,0,0.0,0,4,0,0,0.1974,0,low
INV-00009,Keystone Retail,enterprise,retail,49435.31,analytics_consulting,2024-04-14,4,2,Sunday,45,9,24,6,0.25,0,4,0,0,0.1972,0,low
INV-00024,Keystone Retail,enterprise,retail,189779.32,reporting_setup,2023-08-29,8,3,Tuesday,15,8,19,0,0.0,1,4,0,0,0.1961,0,low
INV-01539,Granite Partners,enterprise,finance,103310.64,analytics_consulting,2023-05-05,5,2,Friday,30,10,10,4,0.4,1,2,0,0,0.196,0,low
INV-00572,Granite Partners,enterprise,finance,150968.71,analytics_consulting,2024-01-18,1,1,Thursday,60,12,9,3,0.33,1,1,0,0,0.1959,0,low
INV-00808,Granite Partners,enterprise,finance,156680.89,process_automation,2024-08-23,8,3,Friday,60,3,4,4,1.0,1,3,0,0,0.1958,0,low
INV-01288,Delta Group,enterprise,healthcare,151543.75,data_migration,2023-03-31,3,1,Friday,15,11,20,1,0.05,1,4,0,0,0.1958,0,low
INV-01250,Ironclad Inc,mid-market,healthcare,35018.59,data_migration,2023-01-29,1,1,Sunday,45,12,18,0,0.0,0,4,0,0,0.1957,0,low
INV-01805,Granite Partners,enterprise,finance,125169.27,reporting_setup,2024-05-23,5,2,Thursday,45,15,10,1,0.1,1,2,0,0,0.1956,0,low
INV-00718,Granite Partners,enterprise,finance,91851.92,training,2023-01-25,1,1,Wednesday,45,3,4,0,0.0,1,3,0,0,0.1956,0,low
INV-00345,Birch Holdings,mid-market,finance,65379.92,data_migration,2023-04-08,4,2,Saturday,15,6,11,5,0.45,0,5,0,0,0.1955,0,low
INV-00747,Ironclad Inc,mid-market,healthcare,25430.18,analytics_consulting,2024-08-23,8,3,Friday,15,2,14,5,0.36,1,2,0,0,0.1954,0,low
INV-00641,Ironclad Inc,mid-market,healthcare,23129.38,reporting_setup,2024-03-22,3,1,Friday,15,9,5,0,0.0,1,3,0,0,0.1953,0,low
INV-00067,Birch Holdings,mid-market,finance,60420.08,reporting_setup,2024-07-25,7,3,Thursday,30,13,15,7,0.47,1,5,0,0,0.1953,0,low
INV-00454,Delta Group,enterprise,healthcare,132281.87,reporting_setup,2024-06-20,6,2,Thursday,30,11,14,5,0.36,1,5,0,0,0.1948,0,low
INV-01929,Echo Ventures,small,retail,1971.99,reporting_setup,2023-03-12,3,1,Sunday,15,4,20,7,0.35,0,3,0,0,0.1946,0,low
INV-00017,Acme Corp,enterprise,manufacturing,36795.06,data_migration,2023-03-14,3,1,Tuesday,30,2,11,1,0.09,1,3,0,0,0.1945,0,low
INV-00509,Delta Group,enterprise,healthcare,36587.28,process_automation,2024-08-14,8,3,Wednesday,45,5,9,0,0.0,1,4,0,0,0.1945,0,low
INV-00575,Delta Group,enterprise,healthcare,73854.9,reporting_setup,2024-08-28,8,3,Wednesday,60,14,24,3,0.12,1,4,0,0,0.1942,0,low
INV-01017,Granite Partners,enterprise,finance,28752.57,process_automation,2024-05-04,5,2,Saturday,30,2,1,0,0.0,1,4,0,0,0.194,0,low
INV-01311,Acme Corp,enterprise,manufacturing,89510.54,reporting_setup,2024-10-29,10,4,Tuesday,15,5,15,6,0.4,1,5,0,0,0.1923,0,low
INV-00214,Keystone Retail,enterprise,retail,118137.18,data_migration,2024-05-14,5,2,Tuesday,15,14,1,0,0.0,1,3,0,0,0.1923,0,low
INV-01122,Ironclad Inc,mid-market,healthcare,73747.74,data_migration,2024-01-09,1,1,Tuesday,30,13,22,1,0.05,1,3,0,0,0.1921,0,low
INV-00459,Delta Group,enterprise,healthcare,155568.97,analytics_consulting,2024-08-06,8,3,Tuesday,60,12,22,7,0.32,1,4,0,0,0.1919,0,low
INV-01810,Delta Group,enterprise,healthcare,185328.9,process_automation,2023-03-22,3,1,Wednesday,45,11,20,6,0.3,1,3,0,0,0.1919,0,low
INV-00659,Delta Group,enterprise,healthcare,89686.6,reporting_setup,2024-09-24,9,3,Tuesday,30,15,3,0,0.0,1,3,0,0,0.1918,0,low
INV-00494,Lumen Analytics,mid-market,technology,34614.11,training,2024-06-07,6,2,Friday,30,13,2,0,0.0,0,5,0,0,0.191,0,low
INV-00681,Birch Holdings,mid-market,finance,22402.14,analytics_consulting,2023-05-09,5,2,Tuesday,15,1,23,3,0.13,0,2,0,0,0.1909,0,low
INV-01373,Cedar Solutions,small,technology,2039.15,reporting_setup,2023-04-09,4,2,Sunday,30,2,1,0,0.0,1,5,0,0,0.1903,0,low
INV-01922,Falcon Industries,mid-market,manufacturing,12776.57,data_migration,2024-07-01,7,3,Monday,15,11,2,0,0.0,1,4,0,0,0.1902,0,low
INV-00916,Falcon Industries,mid-market,manufacturing,14430.52,process_automation,2023-06-23,6,2,Friday,30,12,12,1,0.08,1,4,0,0,0.1901,0,low
INV-00104,Acme Corp,enterprise,manufacturing,47182.75,process_automation,2023-06-28,6,2,Wednesday,15,14,17,1,0.06,1,4,0,0,0.1901,0,low
INV-00341,Granite Partners,enterprise,finance,74473.68,training,2023-04-18,4,2,Tuesday,15,4,16,3,0.19,1,3,0,0,0.1899,0,low
INV-00933,Birch Holdings,mid-market,finance,16738.89,data_migration,2023-04-02,4,2,Sunday,60,4,21,7,0.33,0,1,0,0,0.1899,0,low
INV-01962,Delta Group,enterprise,healthcare,170881.0,training,2024-02-07,2,1,Wednesday,30,11,8,4,0.5,1,5,0,0,0.1897,0,low
INV-01680,Birch Holdings,mid-market,finance,26496.55,reporting_setup,2023-10-08,10,4,Sunday,30,8,2,0,0.0,0,5,0,0,0.1897,0,low
INV-00002,Acme Corp,enterprise,manufacturing,65715.66,data_migration,2023-01-31,1,1,Tuesday,30,1,18,3,0.17,1,5,0,0,0.1897,0,low
INV-00788,Cedar Solutions,small,technology,1661.75,reporting_setup,2023-01-16,1,1,Monday,45,7,15,3,0.2,1,3,0,0,0.1896,0,low
INV-00731,Delta Group,enterprise,healthcare,155050.28,data_migration,2024-03-31,3,1,Sunday,30,9,22,5,0.23,1,5,0,0,0.1893,0,low
INV-01468,Keystone Retail,enterprise,retail,41359.52,reporting_setup,2024-08-25,8,3,Sunday,30,8,20,1,0.05,1,3,0,0,0.1885,0,low
INV-00030,Keystone Retail,enterprise,retail,121544.07,analytics_consulting,2023-09-26,9,3,Tuesday,60,14,18,0,0.0,1,2,0,0,0.1884,0,low
INV-00069,Ironclad Inc,mid-market,healthcare,36553.64,analytics_consulting,2023-03-18,3,1,Saturday,15,16,10,0,0.0,1,3,0,0,0.1881,0,low
INV-01530,Birch Holdings,mid-market,finance,63531.44,analytics_consulting,2023-03-25,3,1,Saturday,45,1,2,0,0.0,1,1,0,0,0.1877,0,low
INV-00209,Falcon Industries,mid-market,manufacturing,36905.46,process_automation,2023-07-28,7,3,Friday,45,8,24,2,0.08,1,5,0,0,0.1876,0,low
INV-01125,Echo Ventures,small,retail,7531.4,reporting_setup,2024-01-01,1,1,Monday,15,10,21,0,0.0,0,3,0,0,0.1868,0,low
INV-00920,Jade Consulting,small,professional_services,6741.01,data_migration,2024-02-13,2,1,Tuesday,30,15,22,1,0.05,1,4,0,0,0.1866,0,low
INV-01394,Granite Partners,enterprise,finance,29178.27,process_automation,2024-01-20,1,1,Saturday,45,16,7,0,0.0,1,2,0,0,0.1865,0,low
INV-00643,Granite Partners,enterprise,finance,190053.37,data_migration,2024-01-08,1,1,Monday,60,5,8,1,0.12,1,5,0,0,0.1864,0,low
INV-00140,Ironclad Inc,mid-market,healthcare,25446.61,data_migration,2024-03-09,3,1,Saturday,45,4,2,0,0.0,0,5,0,0,0.1858,0,low
INV-00171,Granite Partners,enterprise,finance,31809.94,data_migration,2024-05-27,5,2,Monday,15,11,16,8,0.5,1,5,0,0,0.1852,0,low
INV-01823,Keystone Retail,enterprise,retail,65598.37,data_migration,2023-04-21,4,2,Friday,45,15,23,6,0.26,1,4,0,0,0.1847,0,low
INV-00962,Birch Holdings,mid-market,finance,27142.26,process_automation,2023-02-19,2,1,Sunday,15,13,9,2,0.22,0,5,0,0,0.1846,0,low
INV-01940,Acme Corp,enterprise,manufacturing,175912.38,data_migration,2023-09-26,9,3,Tuesday,30,8,3,0,0.0,1,3,0,0,0.1844,0,low
INV-00103,Ironclad Inc,mid-market,healthcare,52968.75,analytics_consulting,2023-09-14,9,3,Thursday,15,1,5,0,0.0,1,2,0,0,0.1841,0,low
INV-00624,Cedar Solutions,small,technology,12709.22,data_migration,2023-01-31,1,1,Tuesday,15,16,22,0,0.0,0,4,0,0,0.184,0,low
INV-00004,Birch Holdings,mid-market,finance,33333.66,reporting_setup,2023-04-05,4,2,Wednesday,15,12,20,4,0.2,0,4,0,0,0.184,0,low
INV-01873,Acme Corp,enterprise,manufacturing,89511.9,reporting_setup,2023-06-04,6,2,Sunday,60,13,18,6,0.33,1,5,0,0,0.1838,0,low
INV-00027,Delta Group,enterprise,healthcare,101682.3,process_automation,2024-01-14,1,1,Sunday,30,10,20,8,0.4,1,5,1,85,0.1831,0,low
INV-01018,Lumen Analytics,mid-market,technology,13389.13,training,2023-01-19,1,1,Thursday,60,13,23,2,0.09,0,4,0,0,0.1828,0,low
INV-01247,Ironclad Inc,mid-market,healthcare,28366.5,reporting_setup,2024-06-18,6,2,Tuesday,30,5,15,3,0.2,1,4,0,0,0.1823,0,low
INV-01119,Keystone Retail,enterprise,retail,166090.06,data_migration,2024-06-13,6,2,Thursday,60,12,22,1,0.05,1,4,0,0,0.1821,0,low
INV-01881,Acme Corp,enterprise,manufacturing,193206.41,reporting_setup,2023-06-17,6,2,Saturday,30,2,13,6,0.46,1,5,0,0,0.1815,0,low
INV-01757,Delta Group,enterprise,healthcare,150523.95,process_automation,2024-12-02,12,4,Monday,30,14,12,0,0.0,1,5,0,0,0.1813,0,low
INV-01019,Birch Holdings,mid-market,finance,32866.29,data_migration,2024-03-24,3,1,Sunday,45,11,14,0,0.0,1,1,0,0,0.1811,0,low
INV-00187,Keystone Retail,enterprise,retail,153908.13,analytics_consulting,2023-09-21,9,3,Thursday,15,10,19,3,0.16,1,4,0,0,0.1811,0,low
INV-01852,Keystone Retail,enterprise,retail,41991.81,training,2024-11-15,11,4,Friday,45,7,24,1,0.04,1,5,0,0,0.181,0,low
INV-01691,Granite Partners,enterprise,finance,160174.54,training,2024-09-20,9,3,Friday,45,16,2,2,1.0,1,3,0,0,0.1808,0,low
INV-01799,Ironclad Inc,mid-market,healthcare,20723.29,analytics_consulting,2024-04-30,4,2,Tuesday,15,16,16,3,0.19,1,5,0,0,0.1807,0,low
INV-01608,Granite Partners,enterprise,finance,173109.87,analytics_consulting,2023-11-11,11,4,Saturday,30,9,3,1,0.33,1,4,0,0,0.1805,0,low
INV-01811,Granite Partners,enterprise,finance,156900.87,process_automation,2023-09-11,9,3,Monday,45,10,24,3,0.12,1,3,0,0,0.1804,0,low
INV-01008,Granite Partners,enterprise,finance,126868.89,analytics_consulting,2024-06-25,6,2,Tuesday,15,4,7,0,0.0,1,1,0,0,0.1803,0,low
INV-01896,Birch Holdings,mid-market,finance,51164.98,analytics_consulting,2024-04-28,4,2,Sunday,30,15,16,2,0.12,0,3,0,0,0.1801,0,low
INV-01952,Birch Holdings,mid-market,finance,45565.25,data_migration,2024-05-22,5,2,Wednesday,30,3,16,0,0.0,0,3,0,0,0.18,0,low
INV-01485,Birch Holdings,mid-market,finance,26952.26,process_automation,2024-05-31,5,2,Friday,45,3,18,2,0.11,0,5,0,0,0.1799,0,low
INV-00058,Delta Group,enterprise,healthcare,67676.1,process_automation,2023-03-30,3,1,Thursday,60,15,19,6,0.32,1,4,0,0,0.1798,0,low
INV-02000,Granite Partners,enterprise,finance,151307.74,process_automation,2023-06-09,6,2,Friday,15,9,4,4,1.0,1,4,0,0,0.1794,0,low
INV-00870,Delta Group,enterprise,healthcare,108859.17,process_automation,2023-08-16,8,3,Wednesday,60,14,21,0,0.0,1,3,0,0,0.1793,0,low
INV-01979,Falcon Industries,mid-market,manufacturing,28646.21,training,2023-12-21,12,4,Thursday,15,13,4,0,0.0,1,5,0,0,0.1792,0,low
INV-01372,Falcon Industries,mid-market,manufacturing,17989.58,analytics_consulting,2023-05-03,5,2,Wednesday,30,2,2,0,0.0,1,5,0,0,0.1792,0,low
INV-01302,Horizon LLC,small,technology,1675.06,reporting_setup,2023-08-10,8,3,Thursday,60,10,21,2,0.1,1,3,0,0,0.1791,0,low
INV-01857,Ironclad Inc,mid-market,healthcare,43850.76,analytics_consulting,2024-05-06,5,2,Monday,45,13,21,6,0.29,1,4,0,0,0.179,0,low
INV-01511,Granite Partners,enterprise,finance,45389.71,data_migration,2024-03-21,3,1,Thursday,15,5,14,0,0.0,0,2,0,0,0.1786,0,low
INV-01321,Ironclad Inc,mid-market,healthcare,19896.63,reporting_setup,2023-06-18,6,2,Sunday,30,1,21,4,0.19,1,3,0,0,0.1783,0,low
INV-01932,Birch Holdings,mid-market,finance,39463.7,process_automation,2023-09-27,9,3,Wednesday,45,8,19,5,0.26,0,1,0,0,0.1782,0,low
INV-00011,Granite Partners,enterprise,finance,117595.01,training,2024-01-26,1,1,Friday,60,1,22,1,0.05,1,5,0,0,0.1781,0,low
INV-01789,Keystone Retail,enterprise,retail,153494.18,analytics_consulting,2024-10-08,10,4,Tuesday,30,12,13,0,0.0,1,5,0,0,0.178,0,low
INV-00913,Birch Holdings,mid-market,finance,59973.67,analytics_consulting,2023-08-26,8,3,Saturday,30,6,17,8,0.47,0,5,0,0,0.1775,0,low
INV-01145,Cedar Solutions,small,technology,1592.92,reporting_setup,2023-09-08,9,3,Friday,15,2,22,6,0.27,0,4,0,0,0.1768,0,low
INV-01391,Acme Corp,enterprise,manufacturing,25100.34,reporting_setup,2023-03-10,3,1,Friday,30,15,17,7,0.41,1,4,0,0,0.1765,0,low
INV-01068,Granite Partners,enterprise,finance,184364.41,process_automation,2023-08-23,8,3,Wednesday,30,11,14,3,0.21,1,2,0,0,0.1763,0,low
INV-00239,Acme Corp,enterprise,manufacturing,187736.43,data_migration,2023-12-18,12,4,Monday,30,8,17,2,0.12,1,3,0,0,0.176,0,low
INV-00457,Birch Holdings,mid-market,finance,46271.29,data_migration,2024-04-24,4,2,Wednesday,45,14,12,0,0.0,0,3,0,0,0.176,0,low
INV-00773,Granite Partners,enterprise,finance,118879.28,data_migration,2023-06-10,6,2,Saturday,30,16,24,1,0.04,1,2,1,27,0.1758,0,low
INV-00823,Falcon Industries,mid-market,manufacturing,51859.13,training,2023-08-18,8,3,Friday,15,13,23,6,0.26,0,5,0,0,0.1754,0,low
INV-00277,Falcon Industries,mid-market,manufacturing,10095.03,data_migration,2024-10-13,10,4,Sunday,45,13,24,4,0.17,1,5,0,0,0.1753,0,low
INV-00153,Ironclad Inc,mid-market,healthcare,52221.45,reporting_setup,2024-01-11,1,1,Thursday,45,8,4,0,0.0,0,4,0,0,0.175,0,low
INV-01300,Granite Partners,enterprise,finance,64854.38,process_automation,2023-06-12,6,2,Monday,45,16,20,7,0.35,1,2,0,0,0.1749,0,low
INV-00212,Keystone Retail,enterprise,retail,171836.99,training,2023-03-02,3,1,Thursday,15,3,22,0,0.0,1,4,0,0,0.1745,0,low
INV-00390,Acme Corp,enterprise,manufacturing,157511.06,analytics_consulting,2024-11-09,11,4,Saturday,30,5,15,2,0.13,1,5,0,0,0.1745,0,low
INV-00327,Keystone Retail,enterprise,retail,183709.52,process_automation,2024-05-24,5,2,Friday,45,13,13,0,0.0,1,5,0,0,0.1744,0,low
INV-01866,Delta Group,enterprise,healthcare,179352.47,analytics_consulting,2023-08-21,8,3,Monday,30,13,22,3,0.14,1,4,0,0,0.1744,0,low
INV-00571,Delta Group,enterprise,healthcare,107423.3,analytics_consulting,2024-01-20,1,1,Saturday,15,16,2,1,0.5,1,5,0,0,0.1741,0,low
INV-00898,Granite Partners,enterprise,finance,49188.72,reporting_setup,2024-05-07,5,2,Tuesday,45,8,13,6,0.46,1,5,0,0,0.1741,0,low
INV-00970,Granite Partners,enterprise,finance,102234.6,process_automation,2024-06-04,6,2,Tuesday,15,12,4,0,0.0,1,4,0,0,0.173,0,low
INV-00829,Acme Corp,enterprise,manufacturing,173412.24,analytics_consulting,2023-12-08,12,4,Friday,30,8,23,0,0.0,0,2,0,0,0.1726,0,low
INV-01478,Granite Partners,enterprise,finance,178076.83,reporting_setup,2024-07-02,7,3,Tuesday,15,4,23,2,0.09,0,2,0,0,0.1722,0,low
INV-01967,Birch Holdings,mid-market,finance,61890.88,data_migration,2023-09-16,9,3,Saturday,60,1,19,1,0.05,1,2,0,0,0.1722,0,low
INV-01690,Granite Partners,enterprise,finance,149067.78,process_automation,2024-01-15,1,1,Monday,15,8,10,0,0.0,1,5,0,0,0.1721,0,low
INV-01859,Granite Partners,enterprise,finance,58828.89,analytics_consulting,2023-05-29,5,2,Monday,15,1,10,1,0.1,1,2,0,0,0.1718,0,low
INV-01009,Granite Partners,enterprise,finance,84624.48,training,2024-08-04,8,3,Sunday,15,16,7,3,0.43,1,4,0,0,0.1716,0,low
INV-01364,Keystone Retail,enterprise,retail,107132.42,training,2024-09-11,9,3,Wednesday,30,3,23,7,0.3,0,5,0,0,0.1714,0,low
INV-00871,Falcon Industries,mid-market,manufacturing,30789.66,reporting_setup,2024-12-29,12,4,Sunday,30,2,6,0,0.0,1,3,0,0,0.1712,0,low
INV-01006,Granite Partners,enterprise,finance,45032.91,data_migration,2023-03-07,3,1,Tuesday,45,3,15,5,0.33,1,1,0,0,0.171,0,low
INV-01436,Birch Holdings,mid-market,finance,32236.58,analytics_consulting,2023-03-06,3,1,Monday,30,7,16,5,0.31,1,4,0,0,0.1709,0,low
INV-01822,Granite Partners,enterprise,finance,175145.67,analytics_consulting,2023-06-11,6,2,Sunday,15,7,10,7,0.7,1,3,0,0,0.1708,0,low
INV-00960,Birch Holdings,mid-market,finance,11903.73,training,2024-01-18,1,1,Thursday,15,2,1,0,0.0,1,3,0,0,0.1705,0,low
INV-01755,Granite Partners,enterprise,finance,92053.82,reporting_setup,2024-02-07,2,1,Wednesday,15,13,5,0,0.0,1,4,0,0,0.1705,0,low
INV-00322,Keystone Retail,enterprise,retail,139027.78,analytics_consulting,2023-08-19,8,3,Saturday,45,1,22,0,0.0,1,2,0,0,0.1697,0,low
INV-01566,Birch Holdings,mid-market,finance,20712.97,training,2024-05-07,5,2,Tuesday,60,7,17,5,0.29,0,3,0,0,0.1697,0,low
INV-01462,Keystone Retail,enterprise,retail,134815.88,training,2024-07-23,7,3,Tuesday,30,1,5,0,0.0,1,5,0,0,0.1694,0,low
INV-00577,Granite Partners,enterprise,finance,111674.88,data_migration,2024-05-05,5,2,Sunday,60,3,18,0,0.0,1,4,0,0,0.1694,0,low
INV-01457,Granite Partners,enterprise,finance,161743.79,analytics_consulting,2024-04-19,4,2,Friday,15,2,24,7,0.29,1,2,0,0,0.1694,0,low
INV-00021,Birch Holdings,mid-market,finance,41566.67,analytics_consulting,2023-08-31,8,3,Thursday,60,7,13,0,0.0,1,1,0,0,0.1688,0,low
INV-00704,Delta Group,enterprise,healthcare,86309.0,training,2024-08-18,8,3,Sunday,30,10,22,2,0.09,1,5,0,0,0.1687,0,low
INV-00805,Delta Group,enterprise,healthcare,135416.72,data_migration,2024-05-04,5,2,Saturday,45,1,23,2,0.09,1,4,0,0,0.1681,0,low
INV-01054,Acme Corp,enterprise,manufacturing,26166.39,data_migration,2024-09-04,9,3,Wednesday,30,1,12,3,0.25,1,5,0,0,0.1677,0,low
INV-00198,Lumen Analytics,mid-market,technology,73601.89,data_migration,2023-08-17,8,3,Thursday,15,15,22,8,0.36,0,4,0,0,0.1676,0,low
INV-01583,Granite Partners,enterprise,finance,55964.7,data_migration,2024-06-15,6,2,Saturday,60,6,12,7,0.58,1,3,0,0,0.1675,0,low
INV-01669,Keystone Retail,enterprise,retail,178763.74,analytics_consulting,2024-07-24,7,3,Wednesday,45,12,9,0,0.0,1,4,0,0,0.1674,0,low
INV-00769,Granite Partners,enterprise,finance,82063.92,training,2024-12-08,12,4,Sunday,45,1,19,0,0.0,0,2,0,0,0.1671,0,low
INV-00467,Granite Partners,enterprise,finance,155843.77,data_migration,2024-03-02,3,1,Saturday,30,1,21,6,0.29,1,5,1,70,0.167,0,low
INV-01746,Acme Corp,enterprise,manufacturing,73780.31,data_migration,2023-09-16,9,3,Saturday,45,9,21,3,0.14,1,5,0,0,0.1668,0,low
INV-00656,Granite Partners,enterprise,finance,40585.72,process_automation,2024-09-06,9,3,Friday,30,12,6,4,0.67,1,5,0,0,0.1666,0,low
INV-00738,Birch Holdings,mid-market,finance,73576.21,data_migration,2024-08-08,8,3,Thursday,30,14,3,1,0.33,1,3,0,0,0.1654,0,low
INV-00358,Keystone Retail,enterprise,retail,105042.88,data_migration,2024-08-25,8,3,Sunday,60,5,16,0,0.0,1,1,0,0,0.1647,0,low
INV-00409,Birch Holdings,mid-market,finance,15202.58,analytics_consulting,2023-09-27,9,3,Wednesday,45,2,24,6,0.25,0,4,0,0,0.1645,0,low
INV-01421,Granite Partners,enterprise,finance,140207.65,reporting_setup,2023-07-11,7,3,Tuesday,60,13,23,5,0.22,1,3,0,0,0.1641,0,low
INV-01743,Falcon Industries,mid-market,manufacturing,14365.97,reporting_setup,2023-08-31,8,3,Thursday,30,13,20,2,0.1,0,5,0,0,0.1641,0,low
INV-01187,Birch Holdings,mid-market,finance,71145.22,analytics_consulting,2023-06-16,6,2,Friday,15,12,24,5,0.21,0,2,0,0,0.164,0,low
INV-01236,Ironclad Inc,mid-market,healthcare,26171.97,analytics_consulting,2024-02-28,2,1,Wednesday,30,6,6,0,0.0,0,4,0,0,0.1635,0,low
INV-00890,Birch Holdings,mid-market,finance,23150.91,process_automation,2024-07-09,7,3,Tuesday,15,16,19,7,0.37,0,3,0,0,0.1633,0,low
INV-00505,Granite Partners,enterprise,finance,86188.76,data_migration,2024-02-28,2,1,Wednesday,45,7,1,0,0.0,1,3,0,0,0.1633,0,low
INV-01205,Delta Group,enterprise,healthcare,116975.57,analytics_consulting,2023-01-18,1,1,Wednesday,45,5,19,8,0.42,1,5,0,0,0.1632,0,low
INV-00743,Keystone Retail,enterprise,retail,92186.0,data_migration,2024-09-30,9,3,Monday,60,14,20,1,0.05,1,1,0,0,0.1631,0,low
INV-01387,Birch Holdings,mid-market,finance,63123.83,data_migration,2023-03-10,3,1,Friday,45,6,18,1,0.06,0,5,0,0,0.1631,0,low
INV-01043,Delta Group,enterprise,healthcare,160878.45,analytics_consulting,2024-08-06,8,3,Tuesday,30,14,22,2,0.09,1,3,0,0,0.1627,0,low
INV-01384,Birch Holdings,mid-market,finance,26275.42,training,2024-09-22,9,3,Sunday,15,9,15,2,0.13,1,4,0,0,0.1624,0,low
INV-00672,Granite Partners,enterprise,finance,53514.62,data_migration,2023-04-02,4,2,Sunday,30,13,10,2,0.2,1,4,0,0,0.161,0,low
INV-00938,Acme Corp,enterprise,manufacturing,189393.55,reporting_setup,2024-08-14,8,3,Wednesday,30,13,24,2,0.08,1,3,0,0,0.1609,0,low
INV-00757,Ironclad Inc,mid-market,healthcare,57274.41,reporting_setup,2024-08-21,8,3,Wednesday,30,16,22,1,0.05,1,4,0,0,0.1609,0,low
INV-01635,Birch Holdings,mid-market,finance,46622.89,analytics_consulting,2023-07-04,7,3,Tuesday,60,10,20,6,0.3,1,1,0,0,0.1608,0,low
INV-00169,Falcon Industries,mid-market,manufacturing,35112.67,process_automation,2024-07-20,7,3,Saturday,15,15,18,4,0.22,0,5,0,0,0.1607,0,low
INV-00663,Granite Partners,enterprise,finance,79822.18,process_automation,2023-05-26,5,2,Friday,15,5,16,4,0.25,1,4,0,0,0.1604,0,low
INV-00765,Acme Corp,enterprise,manufacturing,162047.44,process_automation,2023-11-03,11,4,Friday,45,13,13,0,0.0,1,5,0,0,0.1603,0,low
INV-00026,Birch Holdings,mid-market,finance,14761.95,reporting_setup,2023-01-10,1,1,Tuesday,15,7,17,4,0.24,1,3,0,0,0.1603,0,low
INV-00052,Acme Corp,enterprise,manufacturing,161715.78,analytics_consulting,2023-12-25,12,4,Monday,15,2,1,0,0.0,1,1,0,0,0.1591,0,low
INV-00278,Granite Partners,enterprise,finance,149539.18,data_migration,2024-05-18,5,2,Saturday,30,3,2,0,0.0,0,5,0,0,0.1584,0,low
INV-01568,Lumen Analytics,mid-market,technology,63140.02,process_automation,2023-06-27,6,2,Tuesday,30,16,24,8,0.33,1,4,0,0,0.1581,0,low
INV-01596,Granite Partners,enterprise,finance,28033.98,data_migration,2023-03-04,3,1,Saturday,30,10,8,6,0.75,1,5,0,0,0.158,0,low
INV-01463,Falcon Industries,mid-market,manufacturing,22179.17,reporting_setup,2023-01-02,1,1,Monday,30,10,24,6,0.25,1,3,0,0,0.1574,0,low
INV-00615,Ironclad Inc,mid-market,healthcare,21165.28,analytics_consulting,2023-08-11,8,3,Friday,45,1,24,1,0.04,0,5,0,0,0.1572,0,low
INV-00651,Birch Holdings,mid-market,finance,32870.66,process_automation,2023-06-14,6,2,Wednesday,15,11,15,0,0.0,0,2,0,0,0.1567,0,low
INV-01121,Acme Corp,enterprise,manufacturing,154861.38,reporting_setup,2023-11-07,11,4,Tuesday,45,4,20,7,0.35,1,4,0,0,0.1563,0,low
INV-00519,Keystone Retail,enterprise,retail,124363.13,data_migration,2024-06-30,6,2,Sunday,60,3,23,7,0.3,1,3,0,0,0.155,0,low
INV-01739,Falcon Industries,mid-market,manufacturing,21760.62,analytics_consulting,2023-06-15,6,2,Thursday,15,14,23,2,0.09,1,5,0,0,0.1546,0,low
INV-01293,Granite Partners,enterprise,finance,99641.58,process_automation,2024-06-02,6,2,Sunday,30,12,24,3,0.12,1,3,0,0,0.1545,0,low
INV-01327,Acme Corp,enterprise,manufacturing,190687.74,data_migration,2024-09-26,9,3,Thursday,15,1,10,7,0.7,1,5,0,0,0.1544,0,low
INV-01027,Delta Group,enterprise,healthcare,140487.0,reporting_setup,2023-07-30,7,3,Sunday,30,2,22,4,0.18,1,3,0,0,0.1544,0,low
INV-01503,Acme Corp,enterprise,manufacturing,192336.85,data_migration,2024-02-21,2,1,Wednesday,15,16,11,6,0.55,1,5,0,0,0.1533,0,low
INV-01966,Granite Partners,enterprise,finance,132132.63,analytics_consulting,2024-04-09,4,2,Tuesday,15,1,17,8,0.47,1,5,0,0,0.1524,0,low
INV-01978,Birch Holdings,mid-market,finance,16966.89,analytics_consulting,2024-07-27,7,3,Saturday,45,4,22,6,0.27,0,2,0,0,0.1521,0,low
INV-01141,Granite Partners,enterprise,finance,49250.11,data_migration,2023-07-13,7,3,Thursday,30,3,20,6,0.3,0,3,0,0,0.1517,0,low
INV-01267,Granite Partners,enterprise,finance,154500.98,analytics_consulting,2023-09-21,9,3,Thursday,45,14,10,2,0.2,1,4,0,0,0.1516,0,low
INV-01606,Falcon Industries,mid-market,manufacturing,62348.54,data_migration,2024-01-25,1,1,Thursday,15,7,23,5,0.22,1,5,0,0,0.1515,0,low
INV-00477,Granite Partners,enterprise,finance,183177.61,reporting_setup,2023-08-25,8,3,Friday,15,16,20,8,0.4,1,2,0,0,0.1514,0,low
INV-00972,Birch Holdings,mid-market,finance,68178.8,data_migration,2023-08-13,8,3,Sunday,15,9,8,1,0.12,0,3,0,0,0.1512,0,low
INV-01829,Delta Group,enterprise,healthcare,102170.31,reporting_setup,2023-09-17,9,3,Sunday,60,4,22,6,0.27,1,3,0,0,0.1512,0,low
INV-00824,Granite Partners,enterprise,finance,45245.74,analytics_consulting,2023-08-27,8,3,Sunday,45,3,4,0,0.0,1,5,0,0,0.1506,0,low
INV-00365,Acme Corp,enterprise,manufacturing,132819.05,reporting_setup,2024-01-03,1,1,Wednesday,15,8,24,8,0.33,1,5,0,0,0.1504,0,low
INV-01775,Granite Partners,enterprise,finance,183364.03,analytics_consulting,2023-12-16,12,4,Saturday,30,15,15,2,0.13,1,4,0,0,0.1502,0,low
INV-01230,Birch Holdings,mid-market,finance,65896.41,analytics_consulting,2024-12-10,12,4,Tuesday,45,8,18,2,0.11,1,5,0,0,0.1483,0,low
INV-00465,Birch Holdings,mid-market,finance,57727.29,reporting_setup,2024-08-07,8,3,Wednesday,30,11,16,2,0.12,0,5,0,0,0.1479,0,low
INV-00242,Falcon Industries,mid-market,manufacturing,27052.97,reporting_setup,2023-07-21,7,3,Friday,15,16,17,5,0.29,0,5,0,0,0.145,0,low
INV-00523,Granite Partners,enterprise,finance,133653.1,reporting_setup,2024-08-27,8,3,Tuesday,30,6,16,6,0.38,1,2,0,0,0.1448,0,low
INV-00588,Acme Corp,enterprise,manufacturing,97046.05,training,2023-08-26,8,3,Saturday,45,11,21,5,0.24,1,5,0,0,0.1444,0,low
INV-01675,Acme Corp,enterprise,manufacturing,150152.19,data_migration,2023-02-06,2,1,Monday,15,13,15,7,0.47,1,5,0,0,0.1443,0,low
INV-01164,Birch Holdings,mid-market,finance,30748.49,reporting_setup,2023-07-06,7,3,Thursday,15,16,16,2,0.12,1,4,0,0,0.1439,0,low
INV-00142,Delta Group,enterprise,healthcare,141264.98,reporting_setup,2024-08-07,8,3,Wednesday,30,3,17,5,0.29,1,5,0,0,0.1433,0,low
INV-01936,Granite Partners,enterprise,finance,163046.33,training,2024-07-20,7,3,Saturday,15,13,9,0,0.0,1,2,0,0,0.1422,0,low
INV-01371,Ironclad Inc,mid-market,healthcare,27270.58,reporting_setup,2024-08-04,8,3,Sunday,30,14,21,7,0.33,0,4,0,0,0.1421,0,low
INV-00955,Delta Group,enterprise,healthcare,150346.48,training,2023-04-16,4,2,Sunday,45,3,19,6,0.32,1,4,0,0,0.142,0,low
INV-00855,Keystone Retail,enterprise,retail,95957.5,training,2024-11-24,11,4,Sunday,15,7,24,0,0.0,1,5,0,0,0.1419,0,low
INV-01215,Granite Partners,enterprise,finance,176404.27,data_migration,2024-03-07,3,1,Thursday,15,9,24,4,0.17,0,5,0,0,0.1417,0,low
INV-00882,Delta Group,enterprise,healthcare,25244.99,training,2023-08-04,8,3,Friday,15,12,21,5,0.24,1,5,0,0,0.1404,0,low
INV-00044,Keystone Retail,enterprise,retail,191256.93,training,2024-06-27,6,2,Thursday,45,15,20,8,0.4,1,5,0,0,0.1403,0,low
INV-00918,Keystone Retail,enterprise,retail,114683.87,reporting_setup,2023-05-13,5,2,Saturday,45,11,12,1,0.08,1,5,0,0,0.1401,0,low
INV-00303,Granite Partners,enterprise,finance,84141.35,data_migration,2023-06-14,6,2,Wednesday,15,16,23,0,0.0,1,2,0,0,0.1399,0,low
INV-01188,Ironclad Inc,mid-market,healthcare,43067.79,reporting_setup,2024-01-04,1,1,Thursday,45,15,1,0,0.0,1,4,0,0,0.1398,0,low
INV-01998,Ironclad Inc,mid-market,healthcare,15211.82,training,2024-08-29,8,3,Thursday,15,9,2,0,0.0,1,4,0,0,0.1397,0,low
INV-01432,Keystone Retail,enterprise,retail,183542.05,reporting_setup,2023-09-21,9,3,Thursday,30,7,24,2,0.08,1,3,0,0,0.1396,0,low
INV-00818,Falcon Industries,mid-market,manufacturing,73023.84,process_automation,2023-01-18,1,1,Wednesday,15,11,22,7,0.32,1,4,0,0,0.1392,0,low
INV-00222,Granite Partners,enterprise,finance,162120.92,data_migration,2023-12-01,12,4,Friday,45,15,16,3,0.19,1,4,0,0,0.139,0,low
INV-00491,Acme Corp,enterprise,manufacturing,106126.32,training,2024-12-07,12,4,Saturday,30,15,3,0,0.0,1,5,0,0,0.1388,0,low
INV-00388,Birch Holdings,mid-market,finance,62821.76,data_migration,2023-03-19,3,1,Sunday,15,13,19,3,0.16,0,5,0,0,0.1386,0,low
INV-00282,Birch Holdings,mid-market,finance,23976.35,process_automation,2023-06-11,6,2,Sunday,15,11,5,0,0.0,0,3,0,0,0.1376,0,low
INV-01285,Granite Partners,enterprise,finance,146949.82,data_migration,2024-02-02,2,1,Friday,45,11,12,8,0.67,0,4,0,0,0.1372,0,low
INV-01756,Acme Corp,enterprise,manufacturing,161290.51,training,2023-11-07,11,4,Tuesday,45,9,10,0,0.0,1,4,0,0,0.1366,0,low
INV-00055,Keystone Retail,enterprise,retail,173801.32,data_migration,2023-09-06,9,3,Wednesday,45,4,19,0,0.0,1,4,0,0,0.1366,0,low
INV-00213,Keystone Retail,enterprise,retail,26599.76,data_migration,2023-08-25,8,3,Friday,30,15,12,0,0.0,1,5,0,0,0.1364,0,low
INV-00518,Birch Holdings,mid-market,finance,55804.04,reporting_setup,2024-03-12,3,1,Tuesday,30,15,20,5,0.25,1,2,0,0,0.1353,0,low
INV-00359,Granite Partners,enterprise,finance,146068.1,reporting_setup,2024-08-22,8,3,Thursday,30,6,24,2,0.08,1,5,0,0,0.1344,0,low
INV-01081,Birch Holdings,mid-market,finance,43961.21,process_automation,2024-03-21,3,1,Thursday,45,12,19,2,0.11,1,5,0,0,0.1342,0,low
INV-00180,Granite Partners,enterprise,finance,75829.21,process_automation,2024-02-09,2,1,Friday,30,10,23,1,0.04,1,4,0,0,0.1331,0,low
INV-00170,Birch Holdings,mid-market,finance,34257.89,data_migration,2023-05-12,5,2,Friday,60,11,18,5,0.28,0,2,0,0,0.1327,0,low
INV-00349,Birch Holdings,mid-market,finance,14116.84,reporting_setup,2024-02-26,2,1,Monday,15,11,1,0,0.0,0,3,0,0,0.1322,0,low
INV-01441,Granite Partners,enterprise,finance,34609.78,data_migration,2023-10-28,10,4,Saturday,15,10,22,2,0.09,1,4,0,0,0.1321,0,low
INV-00192,Delta Group,enterprise,healthcare,116963.66,training,2023-09-11,9,3,Monday,15,12,3,0,0.0,1,5,0,0,0.1321,0,low
INV-01225,Granite Partners,enterprise,finance,41338.64,data_migration,2024-09-25,9,3,Wednesday,30,13,9,2,0.22,1,5,0,0,0.1318,0,low
INV-01328,Birch Holdings,mid-market,finance,51975.19,process_automation,2023-02-24,2,1,Friday,30,14,24,5,0.21,1,4,0,0,0.1314,0,low
INV-00060,Birch Holdings,mid-market,finance,46086.45,reporting_setup,2023-09-05,9,3,Tuesday,60,8,23,7,0.3,0,4,0,0,0.131,0,low
INV-00218,Birch Holdings,mid-market,finance,46780.68,reporting_setup,2024-05-26,5,2,Sunday,45,4,17,0,0.0,1,5,0,0,0.1308,0,low
INV-00047,Birch Holdings,mid-market,finance,45269.72,reporting_setup,2024-02-29,2,1,Thursday,45,14,2,0,0.0,0,4,0,0,0.1306,0,low
INV-00250,Birch Holdings,mid-market,finance,23642.08,data_migration,2024-03-25,3,1,Monday,30,12,23,6,0.26,1,2,0,0,0.1304,0,low
INV-00793,Delta Group,enterprise,healthcare,48496.73,reporting_setup,2024-09-04,9,3,Wednesday,45,11,21,0,0.0,1,4,0,0,0.1304,0,low
INV-01678,Birch Holdings,mid-market,finance,72422.42,training,2023-05-31,5,2,Wednesday,60,9,18,6,0.33,0,5,0,0,0.1303,0,low
INV-00155,Birch Holdings,mid-market,finance,74822.06,analytics_consulting,2024-04-07,4,2,Sunday,60,11,22,5,0.23,0,5,0,0,0.1291,0,low
INV-01549,Granite Partners,enterprise,finance,122567.12,training,2024-04-12,4,2,Friday,15,9,8,6,0.75,1,5,0,0,0.1287,0,low
INV-01049,Ironclad Inc,mid-market,healthcare,48580.96,analytics_consulting,2023-03-27,3,1,Monday,15,12,22,7,0.32,1,4,0,0,0.1279,0,low
INV-01211,Birch Holdings,mid-market,finance,38819.79,analytics_consulting,2024-08-22,8,3,Thursday,30,9,11,0,0.0,0,5,0,0,0.1277,0,low
INV-00942,Granite Partners,enterprise,finance,39518.59,data_migration,2023-09-24,9,3,Sunday,45,5,21,0,0.0,1,5,0,0,0.1277,0,low
INV-00497,Acme Corp,enterprise,manufacturing,62952.92,reporting_setup,2024-09-14,9,3,Saturday,30,16,15,6,0.4,1,5,0,0,0.1265,0,low
INV-00077,Acme Corp,enterprise,manufacturing,187342.73,process_automation,2023-07-28,7,3,Friday,30,15,23,7,0.3,1,5,0,0,0.1262,0,low
INV-00939,Granite Partners,enterprise,finance,113244.98,data_migration,2023-08-25,8,3,Friday,30,13,21,4,0.19,1,2,0,0,0.126,0,low
INV-01042,Granite Partners,enterprise,finance,123080.0,data_migration,2024-01-06,1,1,Saturday,45,3,12,7,0.58,1,4,0,0,0.1257,0,low
INV-01842,Granite Partners,enterprise,finance,122572.35,analytics_consulting,2023-09-18,9,3,Monday,30,6,6,0,0.0,1,3,0,0,0.1256,0,low
INV-01026,Granite Partners,enterprise,finance,73841.18,data_migration,2023-11-04,11,4,Saturday,15,13,16,0,0.0,0,4,0,0,0.1254,0,low
INV-00236,Granite Partners,enterprise,finance,70279.21,data_migration,2023-04-19,4,2,Wednesday,15,8,15,5,0.33,1,5,0,0,0.1223,0,low
INV-00936,Granite Partners,enterprise,finance,182532.77,analytics_consulting,2024-11-20,11,4,Wednesday,15,14,2,0,0.0,1,3,0,0,0.1217,0,low
INV-00699,Granite Partners,enterprise,finance,151271.43,training,2024-02-16,2,1,Friday,45,11,12,0,0.0,1,5,0,0,0.1207,0,low
INV-01120,Acme Corp,enterprise,manufacturing,125569.39,process_automation,2023-06-14,6,2,Wednesday,30,13,22,7,0.32,1,4,0,0,0.1203,0,low
INV-01795,Birch Holdings,mid-market,finance,31446.64,training,2023-03-21,3,1,Tuesday,45,9,1,0,0.0,0,4,0,0,0.1192,0,low
INV-00737,Ironclad Inc,mid-market,healthcare,28065.65,analytics_consulting,2023-02-14,2,1,Tuesday,15,14,18,7,0.39,1,4,0,0,0.119,0,low
INV-01362,Granite Partners,enterprise,finance,148283.02,training,2023-03-09,3,1,Thursday,15,5,21,0,0.0,1,4,0,0,0.1188,0,low
INV-00950,Birch Holdings,mid-market,finance,20767.45,training,2024-08-20,8,3,Tuesday,45,7,24,7,0.29,0,4,0,0,0.1185,0,low
INV-01303,Granite Partners,enterprise,finance,117686.43,data_migration,2024-09-18,9,3,Wednesday,30,11,24,5,0.21,1,2,0,0,0.1174,0,low
INV-00304,Granite Partners,enterprise,finance,82941.55,data_migration,2023-06-10,6,2,Saturday,15,7,14,8,0.57,1,5,0,0,0.1166,0,low
INV-01750,Granite Partners,enterprise,finance,85276.01,data_migration,2023-07-21,7,3,Friday,15,8,15,7,0.47,1,4,0,0,0.1152,0,low
INV-00863,Birch Holdings,mid-market,finance,18689.22,process_automation,2023-07-14,7,3,Friday,15,14,24,5,0.21,0,2,0,0,0.1146,0,low
INV-01612,Granite Partners,enterprise,finance,89499.07,training,2024-05-23,5,2,Thursday,60,10,20,1,0.05,1,5,0,0,0.1136,0,low
INV-00244,Birch Holdings,mid-market,finance,43203.62,process_automation,2023-07-07,7,3,Friday,30,14,20,2,0.1,0,4,0,0,0.1122,0,low
INV-01991,Granite Partners,enterprise,finance,53634.72,training,2023-09-16,9,3,Saturday,45,9,19,2,0.11,1,4,0,0,0.111,0,low
INV-00196,Birch Holdings,mid-market,finance,36576.35,data_migration,2024-04-28,4,2,Sunday,45,5,21,6,0.29,1,4,0,0,0.1089,0,low
INV-00622,Birch Holdings,mid-market,finance,28103.69,reporting_setup,2023-08-27,8,3,Sunday,60,9,21,6,0.29,1,5,0,0,0.1087,0,low
INV-00168,Birch Holdings,mid-market,finance,57288.02,analytics_consulting,2024-03-17,3,1,Sunday,45,13,12,0,0.0,0,5,0,0,0.108,0,low
INV-01572,Granite Partners,enterprise,finance,176206.02,data_migration,2024-03-02,3,1,Saturday,45,14,15,8,0.53,1,3,0,0,0.1027,0,low
INV-01140,Granite Partners,enterprise,finance,158513.61,data_migration,2023-10-23,10,4,Monday,45,6,22,1,0.05,1,4,0,0,0.1025,0,low
INV-00057,Granite Partners,enterprise,finance,132784.66,training,2023-06-30,6,2,Friday,45,16,15,6,0.4,1,5,0,0,0.0988,0,low
INV-00599,Granite Partners,enterprise,finance,165992.74,process_automation,2024-03-29,3,1,Friday,30,14,24,6,0.25,1,5,0,0,0.0981,0,low
INV-00551,Granite Partners,enterprise,finance,184706.61,training,2023-08-12,8,3,Saturday,15,9,4,0,0.0,1,5,0,0,0.0961,0,low
INV-00195,Granite Partners,enterprise,finance,126204.47,data_migration,2023-09-18,9,3,Monday,30,2,14,5,0.36,1,5,0,0,0.0948,0,low
INV-01248,Granite Partners,enterprise,finance,110966.9,reporting_setup,2023-03-26,3,1,Sunday,15,11,18,7,0.39,1,3,0,0,0.0937,0,low
INV-00315,Granite Partners,enterprise,finance,31786.94,training,2023-05-28,5,2,Sunday,60,11,23,3,0.13,1,4,0,0,0.0933,0,low
INV-00254,Granite Partners,enterprise,finance,95498.89,data_migration,2024-04-07,4,2,Sunday,15,9,23,5,0.22,1,4,0,0,0.0889,0,low
INV-00635,Granite Partners,enterprise,finance,150598.7,training,2023-08-20,8,3,Sunday,15,4,19,5,0.26,1,5,0,0,0.0824,0,low
INV-00553,Granite Partners,enterprise,finance,108674.4,data_migration,2024-08-11,8,3,Sunday,60,13,24,1,0.04,1,1,0,0,0.0821,0,low
