ticket_id,subject,body,priority,department
TKT-10357,Data export failing,"When I try to export reports as CSV, the download starts but fails at about 60%. File size should be around 250MB. Using Chrome on Ubuntu 22.04.",Medium,Technical
TKT-10201,Payment not reflected,I made a payment of $99.95 on February 28 via credit card but it still shows as outstanding on my account AC-100039. Can you confirm receipt?,Urgent,Billing
TKT-10689,Order not received,My order #700144 was supposed to arrive by March 1 but I still haven't received it. Tracking number 1Z9999949 shows it's been in transit for 5 days.,Low,Shipping
TKT-11932,Unhappy customer,"I've been having nothing but problems. The advanced analytics doesn't work, I was overcharged $349.00, and my last order #700123 never arrived. Please fix all of this.",Low,Product
TKT-11545,Suggestion for UI improvement,The current layout of the custom dashboards page requires too many clicks to accomplish basic tasks. Suggest adding a quick-action toolbar or keyboard shortcuts for power users.,Medium,Product
TKT-11598,Cancel my subscription,I need to cancel my Enterprise subscription effective last Friday. Please confirm the cancellation and any remaining balance. Account holder: Alex Kim.,Medium,Account
TKT-11622,Slow dashboard loading,"The analytics dashboard takes over 90 seconds to load. This happens in both Edge and Edge. Other pages load normally. Our dataset has about 50,000 rows.",Urgent,Technical
TKT-11339,Wrong item shipped,I ordered monitor stand but received phone charger instead. Order #700126. I need the correct item sent and a return label for the wrong one.,Low,Shipping
TKT-11795,Wrong amount on subscription renewal,My Business plan renewed at $59.99 instead of $349.00. I didn't authorize any changes. Account AC-100042. Also the dashboard shows the old plan features.,High,Billing
TKT-10874,Change shipping address,"I need to update the shipping address for order #700102 from Chicago to Portland. The order hasn't shipped yet. New address: 123 Main St, Suite 400.",Medium,Shipping
TKT-10543,Upgrade plan request,I'd like to upgrade from the Starter to the Business plan. We currently have 15 users and need the additional features. What's the process?,Medium,Account
TKT-10378,Permission issue for team member,User ops@startup.dev should have admin-level access but can only view dashboards. I've checked the role settings and they show 'Admin'. Please investigate.,Urgent,Account
TKT-10236,Incorrect charge on my account,I noticed a charge of $99.95 on my last statement that I don't recognize. My account number is AC-100000. Please investigate and issue a refund if this is an error.,Medium,Billing
TKT-10352,Report generation timeout,"Generating the monthly summary report times out after 45 seconds. The report covers 50,000 records. This worked fine last month with similar data volume.",Low,Technical
TKT-10918,Reset my password,I've been locked out of my account (jdoe@acmecorp.com) after too many failed login attempts. The password reset email isn't arriving. Can you manually reset it?,Urgent,Account
TKT-11754,Need to cancel and get refund,I want to cancel my Business subscription and get a prorated refund for the remaining 7 days. Account admin@techfirm.io. Please process ASAP.,Medium,Account
TKT-11354,Damaged package,My order #700129 arrived with significant damage to the packaging and the USB-C hub inside is broken. I've attached photos. Please send a replacement.,High,Shipping
TKT-11088,Add team members,I need to add 50 new users to our Growth plan. Their email addresses are attached. Please confirm if this affects our pricing.,Medium,Account
TKT-10755,Beta feature feedback,"I've been testing the new advanced analytics beta. Overall it's great, but I found 3 issues: the filter doesn't apply to grouped views, and export drops the last column.",Medium,Product
TKT-11330,Comparison with competitor,"I'm evaluating your product against Salesforce. Can you provide a comparison of features, especially around custom dashboards and role-based access? We're a 150-person company.",Low,Product
TKT-10129,Order not received,My order #700122 was supposed to arrive by March 1 but I still haven't received it. Tracking number 1Z9999942 shows it's been in transit for 10 days.,Low,Shipping
TKT-10557,Slow dashboard loading,"The analytics dashboard takes over 60 seconds to load. This happens in both Firefox and Edge. Other pages load normally. Our dataset has about 500,000 rows.",Medium,Technical
TKT-11135,Beta feature feedback,"I've been testing the new team collaboration beta. Overall it's great, but I found 3 issues: the filter doesn't apply to grouped views, and export drops the last column.",Medium,Product
TKT-10183,Account merger request,We have two separate accounts (ops@startup.dev and team@retailco.com) that need to be merged. The team@retailco.com account was created by mistake. Please consolidate under ops@startup.dev.,High,Account
TKT-11175,Suggestion for UI improvement,The current layout of the advanced analytics page requires too many clicks to accomplish basic tasks. Suggest adding a quick-action toolbar or keyboard shortcuts for power users.,Medium,Product
TKT-10198,Upgrade plan request,I'd like to upgrade from the Starter to the Growth plan. We currently have 10 users and need the additional features. What's the process?,High,Account
TKT-11653,Cancel my subscription,I need to cancel my Professional subscription effective March 1. Please confirm the cancellation and any remaining balance. Account holder: Sarah Chen.,Low,Account
TKT-10325,Integration with third-party tool,Do you support integration with Jira? We use it heavily for compliance reporting and having a native connector would save us hours of manual data transfer each weekly.,High,Product
TKT-10586,Promo code not applied,I entered promo code SPRING25 during checkout but the discount wasn't applied. I was charged the full $75.00. Please adjust my bill.,High,Billing
TKT-11753,Charged for item I returned,I returned order #700103 on February 28 but I was charged $199.50 again. The docking station was sent back via ACH. Need a refund.,Medium,Billing
TKT-10716,Request for invoice copy,Could you please send me a copy of my invoice for February? I need it for my expense report. Account AC-100042.,Medium,Billing
TKT-10617,Cannot connect to API,Our integration is returning AUTH_401 errors when calling the /v2/data endpoint. This started around 4:45 PM GMT today. API key is still valid. Please check server-side logs.,High,Technical
TKT-10243,Permission issue for team member,User jdoe@acmecorp.com should have admin-level access but can only view dashboards. I've checked the role settings and they show 'Admin'. Please investigate.,Urgent,Account
TKT-10781,Billing cycle change request,Can I switch my billing cycle from monthly to annual? I'd like to take advantage of the yearly discount for the Enterprise plan.,Medium,Billing
TKT-10127,Mobile app sync issues,Changes made in the mobile app on Android 13 aren't syncing to the web version. I've checked my internet connection and it's stable. App version 4.0.0.,Low,Technical
TKT-10695,Feature request: bulk import,"We'd love the ability to bulk import records via CSV upload. Currently we have to add entries one by one, which is impractical for our 50,000-record dataset.",Medium,Product
TKT-10541,Unexpected price increase,My monthly bill went from $349.00 to $129.95 without any prior notice. I'm on the Enterprise plan. Please explain this increase or revert it.,Medium,Billing
TKT-11505,Integration with third-party tool,Do you support integration with Zapier? We use it heavily for customer onboarding and having a native connector would save us hours of manual data transfer each weekly.,High,Product
TKT-11885,Need to cancel and get refund,I want to cancel my Enterprise subscription and get a prorated refund for the remaining 14 days. Account jdoe@acmecorp.com. Please process ASAP.,Urgent,Account
TKT-10526,Need to update payment method,I'd like to update the credit card on file for account AC-100018. My current card ending in 9012 has expired.,Urgent,Billing
TKT-10555,Onboarding guidance needed,We just signed up for the Growth plan with 10 users. Could you recommend the best way to onboard our team? We primarily need advanced analytics and role-based access.,High,Product
TKT-10643,Account merger request,We have two separate accounts (maria.g@retailco.com and backup@acmecorp.com) that need to be merged. The backup@acmecorp.com account was created by mistake. Please consolidate under admin@techfirm.io.,Urgent,Account
TKT-10930,Beta feature feedback,"I've been testing the new custom dashboards beta. Overall it's great, but I found 2 issues: the filter doesn't apply to grouped views, and export drops the last column.",Low,Product
TKT-10800,Beta feature feedback,"I've been testing the new advanced analytics beta. Overall it's great, but I found 2 issues: the filter doesn't apply to grouped views, and export drops the last column.",Low,Product
TKT-11901,Question about my account,"Hi, I have some questions about my Professional plan. Can you explain the features and also why my bill is $49.00? Account maria.g@retailco.com.",Low,Account
TKT-10959,International shipping inquiry,I'm trying to place an order for delivery to Brazil. Your website says shipping is unavailable for my region. Do you have plans to expand international shipping?,High,Shipping
TKT-10933,Add team members,I need to add 5 new users to our Professional plan. Their email addresses are attached. Please confirm if this affects our pricing.,Medium,Account
TKT-10534,Wrong item shipped,I ordered laptop sleeve but received headset instead. Order #700130. I need the correct item sent and a return label for the wrong one.,Medium,Shipping
TKT-11535,Documentation unclear,The docs for the advanced analytics API endpoint are missing examples for project management. I've spent 5 hours trying to figure out the correct request format. Can you provide a working example?,Medium,Product
TKT-11578,Permission issue for team member,User jdoe@acmecorp.com should have admin-level access but can only view dashboards. I've checked the role settings and they show 'Admin'. Please investigate.,Low,Account
TKT-10954,International shipping inquiry,I'm trying to place an order for delivery to Australia. Your website says shipping is unavailable for my region. Do you have plans to expand international shipping?,High,Shipping
TKT-11174,International shipping inquiry,I'm trying to place an order for delivery to Brazil. Your website says shipping is unavailable for my region. Do you have plans to expand international shipping?,Low,Shipping
TKT-11588,Permission issue for team member,User ops@startup.dev should have admin-level access but can only view dashboards. I've checked the role settings and they show 'Admin'. Please investigate.,Medium,Account
TKT-10910,Onboarding guidance needed,We just signed up for the Professional plan with 15 users. Could you recommend the best way to onboard our team? We primarily need team collaboration and API rate limits.,Urgent,Product
TKT-11825,Charged for item I returned,I returned order #700143 on last Monday but I was charged $349.00 again. The wireless keyboard was sent back via wire transfer. Need a refund.,High,Technical
TKT-10992,Webhook delivery failures,We're not receiving webhooks at our endpoint since yesterday. The webhook URL is correctly configured. Our server returns 200 OK but your dashboard shows delivery failures.,Low,Technical
TKT-10246,Billing cycle change request,Can I switch my billing cycle from monthly to annual? I'd like to take advantage of the yearly discount for the Starter plan.,High,Billing
TKT-11076,Request for invoice copy,Could you please send me a copy of my invoice for February? I need it for my expense report. Account AC-100046.,Medium,Billing
TKT-11872,Can't access account after plan change,I upgraded to Professional yesterday and now I get RATE_LIMIT_429 when I try to log in. My email is maria.g@retailco.com. Was the upgrade processed correctly?,High,Account
TKT-11527,Cannot connect to API,Our integration is returning NULL_REF_500 errors when calling the /v2/data endpoint. This started around 2:15 PM UTC today. API key is still valid. Please check server-side logs.,Medium,Technical
TKT-11802,Wrong amount on subscription renewal,My Starter plan renewed at $249.50 instead of $349.00. I didn't authorize any changes. Account AC-100001. Also the dashboard shows the old plan features.,Low,Billing
TKT-11405,Suggestion for UI improvement,The current layout of the workflow automation page requires too many clicks to accomplish basic tasks. Suggest adding a quick-action toolbar or keyboard shortcuts for power users.,High,Product
TKT-11632,Data export failing,"When I try to export reports as CSV, the download starts but fails at about 60%. File size should be around 120MB. Using Edge on macOS Sonoma.",Urgent,Technical
TKT-10391,Need to update payment method,I'd like to update the credit card on file for account AC-100010. My current card ending in 9012 has expired.,Urgent,Billing
TKT-11062,Webhook delivery failures,We're not receiving webhooks at our endpoint since last Friday. The webhook URL is correctly configured. Our server returns 200 OK but your dashboard shows delivery failures.,Low,Technical
TKT-10442,Data export failing,"When I try to export reports as CSV, the download starts but fails at about 60%. File size should be around 15MB. Using Chrome on Windows 10.",Medium,Technical
TKT-11367,SSO login not working,Our team cannot log in via SSO since last Monday. We use Okta as our identity provider. Regular email/password login still works. Error message: 'Identity provider returned invalid response'.,Medium,Technical
TKT-11376,Need to update payment method,I'd like to update the credit card on file for account AC-100003. My current card ending in 4242 has expired.,Medium,Billing
TKT-11021,Promo code not applied,I entered promo code ANNUAL30 during checkout but the discount wasn't applied. I was charged the full $199.50. Please adjust my bill.,Medium,Billing
TKT-11561,Billing cycle change request,Can I switch my billing cycle from monthly to annual? I'd like to take advantage of the yearly discount for the Professional plan.,Low,Billing
TKT-11988,Unhappy customer,"I've been having nothing but problems. The team collaboration doesn't work, I was overcharged $12.99, and my last order #700110 never arrived. Please fix all of this.",Medium,Product
TKT-10912,Mobile app sync issues,Changes made in the mobile app on iOS 16 aren't syncing to the web version. I've checked my internet connection and it's stable. App version 4.1.2.,Low,Technical
TKT-10919,International shipping inquiry,I'm trying to place an order for delivery to Brazil. Your website says shipping is unavailable for my region. Do you have plans to expand international shipping?,High,Shipping
TKT-11331,Billing cycle change request,Can I switch my billing cycle from monthly to annual? I'd like to take advantage of the yearly discount for the Professional plan.,High,Billing
TKT-10280,Integration with third-party tool,Do you support integration with Jira? We use it heavily for lead tracking and having a native connector would save us hours of manual data transfer each daily.,High,Product
TKT-11318,Add team members,I need to add 25 new users to our Growth plan. Their email addresses are attached. Please confirm if this affects our pricing.,Urgent,Account
TKT-10413,Account merger request,We have two separate accounts (ops@startup.dev and cto@startup.dev) that need to be merged. The cto@startup.dev account was created by mistake. Please consolidate under admin@techfirm.io.,High,Account
TKT-10546,Request for invoice copy,Could you please send me a copy of my invoice for January? I need it for my expense report. Account AC-100021.,High,Billing
TKT-11338,Reset my password,I've been locked out of my account (admin@techfirm.io) after too many failed login attempts. The password reset email isn't arriving. Can you manually reset it?,High,Account
TKT-10507,Mobile app sync issues,Changes made in the mobile app on Android 13 aren't syncing to the web version. I've checked my internet connection and it's stable. App version 4.0.0.,High,Technical
TKT-10430,Suggestion for UI improvement,The current layout of the advanced analytics page requires too many clicks to accomplish basic tasks. Suggest adding a quick-action toolbar or keyboard shortcuts for power users.,High,Product
TKT-11784,Need to cancel and get refund,I want to cancel my Enterprise subscription and get a prorated refund for the remaining 10 days. Account maria.g@retailco.com. Please process ASAP.,Medium,Account
TKT-11621,Billing cycle change request,Can I switch my billing cycle from monthly to annual? I'd like to take advantage of the yearly discount for the Starter plan.,Low,Billing
TKT-10836,Incorrect charge on my account,I noticed a charge of $99.95 on my last statement that I don't recognize. My account number is AC-100031. Please investigate and issue a refund if this is an error.,Low,Billing
TKT-11593,Data deletion request,"Per our company policy, I'm requesting complete deletion of all data associated with account jdoe@acmecorp.com. Please confirm when this is done and provide a confirmation reference.",Medium,Account
TKT-10257,SSO login not working,Our team cannot log in via SSO since last Monday. We use OneLogin as our identity provider. Regular email/password login still works. Error message: 'Identity provider returned invalid response'.,High,Technical
TKT-11476,Billing cycle change request,Can I switch my billing cycle from monthly to annual? I'd like to take advantage of the yearly discount for the Enterprise plan.,Medium,Billing
TKT-10143,Change account owner,We need to transfer account ownership from ops@startup.dev to team@retailco.com. Maria Garcia has left the company and Miguel Torres will be the new admin.,Medium,Account
TKT-10554,Return shipping label needed,I'd like to return order #700137 (wireless keyboard). It doesn't fit our requirements. Could you please email a prepaid return label to maria.g@retailco.com?,Medium,Billing
TKT-11739,Charged for item I returned,I returned order #700147 on last Monday but I was charged $12.99 again. The wireless keyboard was sent back via bank transfer. Need a refund.,Low,Billing
TKT-10629,Order not received,My order #700115 was supposed to arrive by March 10 but I still haven't received it. Tracking number 1Z9999930 shows it's been in transit for 10 days.,Medium,Shipping
TKT-11860,Shipping delay affecting our project,Order #700109 with USB-C hub was supposed to arrive March 10. Our team can't proceed without it. Can we get an updated ETA? Also considering canceling if delayed further.,Low,Shipping
TKT-10122,Data export failing,"When I try to export reports as CSV, the download starts but fails at about 60%. File size should be around 50MB. Using Chrome on macOS Ventura.",Low,Technical
TKT-10737,Cannot connect to API,Our integration is returning TIMEOUT_408 errors when calling the /v2/data endpoint. This started around 2:15 PM UTC today. API key is still valid. Please check server-side logs.,Medium,Technical
TKT-10289,Order not received,My order #700128 was supposed to arrive by last Monday but I still haven't received it. Tracking number 1Z9999920 shows it's been in transit for 14 days.,Medium,Shipping
TKT-11438,Add team members,I need to add 15 new users to our Business plan. Their email addresses are attached. Please confirm if this affects our pricing.,Low,Account
TKT-11132,Mobile app sync issues,Changes made in the mobile app on Android 14 aren't syncing to the web version. I've checked my internet connection and it's stable. App version 4.1.2.,Urgent,Technical
TKT-11657,Slow dashboard loading,"The analytics dashboard takes over 90 seconds to load. This happens in both Chrome and Edge. Other pages load normally. Our dataset has about 50,000 rows.",High,Technical
TKT-11106,Need to update payment method,I'd like to update the credit card on file for account AC-100012. My current card ending in 5678 has expired.,Medium,Billing
TKT-10318,Upgrade plan request,I'd like to upgrade from the Business to the Business plan. We currently have 10 users and need the additional features. What's the process?,Low,Account
TKT-10040,Documentation unclear,The docs for the advanced analytics API endpoint are missing examples for compliance reporting. I've spent 3 hours trying to figure out the correct request format. Can you provide a working example?,Medium,Product
TKT-10729,Wrong item shipped,I ordered wireless keyboard but received headset instead. Order #700149. I need the correct item sent and a return label for the wrong one.,Low,Shipping
TKT-11124,International shipping inquiry,I'm trying to place an order for delivery to Germany. Your website says shipping is unavailable for my region. Do you have plans to expand international shipping?,Medium,Shipping
TKT-10153,Upgrade plan request,I'd like to upgrade from the Growth to the Professional plan. We currently have 10 users and need the additional features. What's the process?,Low,Account
TKT-11973,Following up,I contacted you March 10 about a problem but haven't heard back. My ticket was about monitor stand and charges on my account. Reference AC-100045.,High,Billing
TKT-10464,Damaged package,My order #700129 arrived with significant damage to the packaging and the wireless keyboard inside is broken. I've attached photos. Please send a replacement.,Medium,Shipping
TKT-11383,Upgrade plan request,I'd like to upgrade from the Enterprise to the Premium plan. We currently have 50 users and need the additional features. What's the process?,Urgent,Account
TKT-11689,Return shipping label needed,I'd like to return order #700130 (docking station). It doesn't fit our requirements. Could you please email a prepaid return label to admin@techfirm.io?,High,Shipping
TKT-10704,Return shipping label needed,I'd like to return order #700110 (wireless keyboard). It doesn't fit our requirements. Could you please email a prepaid return label to jdoe@acmecorp.com?,Medium,Shipping
TKT-10553,Permission issue for team member,User maria.g@retailco.com should have admin-level access but can only view dashboards. I've checked the role settings and they show 'Admin'. Please investigate.,Medium,Account
TKT-11500,Integration with third-party tool,Do you support integration with Slack? We use it heavily for compliance reporting and having a native connector would save us hours of manual data transfer each monthly.,Medium,Product
TKT-11043,Account merger request,We have two separate accounts (admin@techfirm.io and team@retailco.com) that need to be merged. The cto@startup.dev account was created by mistake. Please consolidate under jdoe@acmecorp.com.,Low,Account
TKT-11758,"Shipped to wrong address, need rebill",Order #700144 went to Austin instead of Miami. I need it reshipped and the extra charge on my PayPal reversed. Account AC-100037.,Medium,Shipping
TKT-10054,Change shipping address,"I need to update the shipping address for order #700103 from Seattle to Miami. The order hasn't shipped yet. New address: 123 Main St, Suite 400.",High,Shipping
TKT-11674,Order not received,My order #700127 was supposed to arrive by February 28 but I still haven't received it. Tracking number 1Z9999930 shows it's been in transit for 7 days.,Medium,Shipping
TKT-10986,Duplicate charge,I was charged twice for the same transaction on March 1. The duplicate charge is $149.00. Please refund the extra charge to my wire transfer.,Low,Billing
TKT-11573,Reset my password,I've been locked out of my account (admin@techfirm.io) after too many failed login attempts. The password reset email isn't arriving. Can you manually reset it?,Medium,Account
TKT-11735,"Shipped to wrong address, need rebill",Order #700100 went to Austin instead of Los Angeles. I need it reshipped and the extra charge on my PayPal reversed. Account AC-100027.,High,Shipping
TKT-11690,Onboarding guidance needed,We just signed up for the Enterprise plan with 25 users. Could you recommend the best way to onboard our team? We primarily need workflow automation and white-label options.,Low,Product
TKT-11640,Feature request: bulk import,"We'd love the ability to bulk import records via CSV upload. Currently we have to add entries one by one, which is impractical for our 50,000-record dataset.",Medium,Product
TKT-10961,Duplicate charge,I was charged twice for the same transaction on March 10. The duplicate charge is $99.95. Please refund the extra charge to my ACH.,Medium,Billing
TKT-10178,Change account owner,We need to transfer account ownership from ops@startup.dev to cto@startup.dev. John Doe has left the company and James Park will be the new admin.,Medium,Account
TKT-11954,Unhappy customer,"I've been having nothing but problems. The custom dashboards doesn't work, I was overcharged $199.50, and my last order #700116 never arrived. Please fix all of this.",Medium,Product
TKT-10705,Documentation unclear,The docs for the team collaboration API endpoint are missing examples for customer onboarding. I've spent 8 hours trying to figure out the correct request format. Can you provide a working example?,Medium,Product
TKT-10976,Duplicate charge,I was charged twice for the same transaction on last Monday. The duplicate charge is $199.50. Please refund the extra charge to my credit card.,Medium,Billing
TKT-11933,Need help,I have an issue with my account AC-100005. Something isn't working right. Can someone look into it?,Low,Account
TKT-10738,Permission issue for team member,User maria.g@retailco.com should have admin-level access but can only view dashboards. I've checked the role settings and they show 'Admin'. Please investigate.,Medium,Account
TKT-11521,Duplicate charge,I was charged twice for the same transaction on last Friday. The duplicate charge is $349.00. Please refund the extra charge to my wire transfer.,Urgent,Billing
TKT-10401,Promo code not applied,I entered promo code ANNUAL30 during checkout but the discount wasn't applied. I was charged the full $12.99. Please adjust my bill.,Medium,Billing
TKT-11756,Wrong amount on subscription renewal,My Starter plan renewed at $79.00 instead of $29.99. I didn't authorize any changes. Account AC-100027. Also the dashboard shows the old plan features.,Medium,Billing
TKT-11592,Application crashes on startup,"After the latest update, the desktop app crashes immediately on launch. I'm running Ubuntu 22.04 version 2.8.5. Error code: ERR_502. I've tried reinstalling but the issue persists.",High,Technical
TKT-11902,Following up,I contacted you March 1 about a problem but haven't heard back. My ticket was about docking station and charges on my account. Reference AC-100047.,Low,Billing
TKT-10926,Promo code not applied,I entered promo code WELCOME15 during checkout but the discount wasn't applied. I was charged the full $149.00. Please adjust my bill.,Low,Billing
TKT-11200,How to set up automated reports,I'm trying to configure scheduled reports to be emailed to my team every bi-weekly. I can't find this option in the Business plan. Is it available or do I need to upgrade?,High,Product
TKT-10988,Change account owner,We need to transfer account ownership from ops@startup.dev to jsmith@techfirm.io. Alex Kim has left the company and Lisa Wang will be the new admin.,High,Account
TKT-10962,Data export failing,"When I try to export reports as CSV, the download starts but fails at about 60%. File size should be around 120MB. Using Firefox on Windows 11.",High,Technical
TKT-11042,Slow dashboard loading,"The analytics dashboard takes over 30 seconds to load. This happens in both Safari and Edge. Other pages load normally. Our dataset has about 50,000 rows.",Medium,Technical
TKT-11519,Damaged package,My order #700116 arrived with significant damage to the packaging and the docking station inside is broken. I've attached photos. Please send a replacement.,Medium,Shipping
TKT-10656,Need to update payment method,I'd like to update the credit card on file for account AC-100009. My current card ending in 4242 has expired.,High,Billing
TKT-11792,Shipping delay affecting our project,Order #700130 with USB-C hub was supposed to arrive last Friday. Our team can't proceed without it. Can we get an updated ETA? Also considering canceling if delayed further.,High,Shipping
TKT-10135,How to set up automated reports,I'm trying to configure scheduled reports to be emailed to my team every bi-weekly. I can't find this option in the Enterprise plan. Is it available or do I need to upgrade?,Medium,Product
TKT-11751,Shipping delay affecting our project,Order #700136 with USB-C hub was supposed to arrive two days ago. Our team can't proceed without it. Can we get an updated ETA? Also considering canceling if delayed further.,Medium,Shipping
TKT-11092,Cannot connect to API,Our integration is returning AUTH_401 errors when calling the /v2/data endpoint. This started around 4:45 PM GMT today. API key is still valid. Please check server-side logs.,Low,Technical
TKT-10725,How to set up automated reports,I'm trying to configure scheduled reports to be emailed to my team every Monday morning. I can't find this option in the Enterprise plan. Is it available or do I need to upgrade?,Medium,Product
TKT-11779,Product feedback and bug report,"The new custom dashboards is great but it crashes when exporting to CSV on macOS Sonoma. Error: TIMEOUT_408. Also, it would be useful to add API rate limits support.",Medium,Technical
TKT-11328,Data deletion request,"Per our company policy, I'm requesting complete deletion of all data associated with account maria.g@retailco.com. Please confirm when this is done and provide a confirmation reference.",Low,Account
TKT-10268,Data deletion request,"Per our company policy, I'm requesting complete deletion of all data associated with account jdoe@acmecorp.com. Please confirm when this is done and provide a confirmation reference.",Low,Account
TKT-11286,Billing cycle change request,Can I switch my billing cycle from monthly to annual? I'd like to take advantage of the yearly discount for the Enterprise plan.,High,Billing
TKT-11989,Need help,I have an issue with my account AC-100021. Something isn't working right. Can someone look into it?,Urgent,Account
TKT-10361,Need to update payment method,I'd like to update the credit card on file for account AC-100008. My current card ending in 3456 has expired.,High,Billing
TKT-10130,Integration with third-party tool,Do you support integration with Slack? We use it heavily for compliance reporting and having a native connector would save us hours of manual data transfer each monthly.,Low,Product
TKT-11526,Request for invoice copy,Could you please send me a copy of my invoice for July? I need it for my expense report. Account AC-100023.,High,Billing
TKT-11868,Wrong amount on subscription renewal,My Business plan renewed at $79.00 instead of $99.95. I didn't authorize any changes. Account AC-100000. Also the dashboard shows the old plan features.,Low,Billing
TKT-10412,Report generation timeout,"Generating the monthly summary report times out after 30 seconds. The report covers 100,000 records. This worked fine last month with similar data volume.",Low,Product
TKT-11371,Incorrect charge on my account,I noticed a charge of $49.00 on my last statement that I don't recognize. My account number is AC-100024. Please investigate and issue a refund if this is an error.,Urgent,Billing
TKT-10440,Feature request: bulk import,"We'd love the ability to bulk import records via CSV upload. Currently we have to add entries one by one, which is impractical for our 1,000,000-record dataset.",Medium,Product
TKT-11813,Product feedback and bug report,"The new team collaboration is great but it crashes when exporting to CSV on Windows 10. Error: TIMEOUT_408. Also, it would be useful to add role-based access support.",Medium,Technical
TKT-10632,Cannot connect to API,Our integration is returning RATE_LIMIT_429 errors when calling the /v2/data endpoint. This started around 11:00 AM PST today. API key is still valid. Please check server-side logs.,Low,Technical
TKT-10437,Report generation timeout,"Generating the monthly summary report times out after 30 seconds. The report covers 100,000 records. This worked fine last month with similar data volume.",High,Technical
TKT-11176,Billing cycle change request,Can I switch my billing cycle from monthly to annual? I'd like to take advantage of the yearly discount for the Starter plan.,High,Billing
TKT-11995,Following up,I contacted you yesterday about a problem but haven't heard back. My ticket was about wireless keyboard and charges on my account. Reference AC-100000.,Medium,Billing
TKT-10852,Mobile app sync issues,Changes made in the mobile app on iOS 17 aren't syncing to the web version. I've checked my internet connection and it's stable. App version 4.1.2.,Low,Technical
TKT-11111,Payment not reflected,I made a payment of $199.50 on March 10 via PayPal but it still shows as outstanding on my account AC-100044. Can you confirm receipt?,High,Billing
TKT-11389,Damaged package,My order #700130 arrived with significant damage to the packaging and the monitor stand inside is broken. I've attached photos. Please send a replacement.,Medium,Shipping
TKT-11882,Technical issue with billing portal,The billing page returns ERR_502 on Chrome. I can't view or download invoices for account AC-100006. This has been happening since last Monday.,Medium,Technical
TKT-11750,Can't access account after plan change,I upgraded to Professional yesterday and now I get ERR_502 when I try to log in. My email is jdoe@acmecorp.com. Was the upgrade processed correctly?,Medium,Account
TKT-11977,Following up,I contacted you March 1 about a problem but haven't heard back. My ticket was about monitor stand and charges on my account. Reference AC-100005.,High,Billing
TKT-10679,Change shipping address,"I need to update the shipping address for order #700131 from Seattle to Boston. The order hasn't shipped yet. New address: 123 Main St, Suite 400.",Medium,Shipping
TKT-10305,Comparison with competitor,"I'm evaluating your product against Freshdesk. Can you provide a comparison of features, especially around workflow automation and API rate limits? We're a 500-person company.",Low,Product
TKT-11899,Product feedback and bug report,"The new team collaboration is great but it crashes when exporting to CSV on macOS Ventura. Error: NULL_REF_500. Also, it would be useful to add API rate limits support.",Medium,Technical
TKT-11745,Can't access account after plan change,I upgraded to Business yesterday and now I get ERR_502 when I try to log in. My email is ops@startup.dev. Was the upgrade processed correctly?,Low,Account
TKT-10941,Incorrect charge on my account,I noticed a charge of $12.99 on my last statement that I don't recognize. My account number is AC-100033. Please investigate and issue a refund if this is an error.,Medium,Billing
TKT-11696,Request for invoice copy,Could you please send me a copy of my invoice for April? I need it for my expense report. Account AC-100039.,Medium,Billing
TKT-10956,Payment not reflected,I made a payment of $49.00 on last Monday via wire transfer but it still shows as outstanding on my account AC-100025. Can you confirm receipt?,High,Billing
TKT-10431,Unexpected price increase,My monthly bill went from $99.95 to $199.00 without any prior notice. I'm on the Professional plan. Please explain this increase or revert it.,Medium,Billing
TKT-10668,Account merger request,We have two separate accounts (jdoe@acmecorp.com and jsmith@techfirm.io) that need to be merged. The team@retailco.com account was created by mistake. Please consolidate under ops@startup.dev.,Medium,Account
TKT-11856,Product feedback and bug report,"The new team collaboration is great but it crashes when exporting to CSV on macOS Sonoma. Error: NULL_REF_500. Also, it would be useful to add role-based access support.",High,Technical
TKT-10397,Mobile app sync issues,Changes made in the mobile app on Android 14 aren't syncing to the web version. I've checked my internet connection and it's stable. App version 4.0.0.,Low,Technical
TKT-11420,Beta feature feedback,"I've been testing the new custom dashboards beta. Overall it's great, but I found 2 issues: the filter doesn't apply to grouped views, and export drops the last column.",Medium,Product
TKT-10344,Return shipping label needed,I'd like to return order #700123 (docking station). It doesn't fit our requirements. Could you please email a prepaid return label to admin@techfirm.io?,Urgent,Shipping
TKT-10125,How to set up automated reports,I'm trying to configure scheduled reports to be emailed to my team every weekly. I can't find this option in the Business plan. Is it available or do I need to upgrade?,Low,Product
TKT-10088,Change account owner,We need to transfer account ownership from maria.g@retailco.com to backup@acmecorp.com. Maria Garcia has left the company and Rachel Adams will be the new admin.,High,Account
TKT-10479,International shipping inquiry,I'm trying to place an order for delivery to Japan. Your website says shipping is unavailable for my region. Do you have plans to expand international shipping?,Medium,Shipping
TKT-10589,Order not received,My order #700102 was supposed to arrive by March 15 but I still haven't received it. Tracking number 1Z9999940 shows it's been in transit for 14 days.,Low,Shipping
TKT-11375,Feature request: bulk import,"We'd love the ability to bulk import records via CSV upload. Currently we have to add entries one by one, which is impractical for our 1,000,000-record dataset.",Urgent,Product
TKT-10570,How to set up automated reports,I'm trying to configure scheduled reports to be emailed to my team every weekly. I can't find this option in the Business plan. Is it available or do I need to upgrade?,Urgent,Product
TKT-11513,Change account owner,We need to transfer account ownership from admin@techfirm.io to cto@startup.dev. Alex Kim has left the company and Rachel Adams will be the new admin.,High,Account
TKT-11672,Data export failing,"When I try to export reports as CSV, the download starts but fails at about 60%. File size should be around 120MB. Using Edge on Windows 11.",Low,Technical
TKT-10343,Change account owner,We need to transfer account ownership from ops@startup.dev to team@retailco.com. John Doe has left the company and Lisa Wang will be the new admin.,High,Account
TKT-10031,Request for invoice copy,Could you please send me a copy of my invoice for February? I need it for my expense report. Account AC-100046.,Medium,Billing
TKT-11205,How to set up automated reports,I'm trying to configure scheduled reports to be emailed to my team every monthly. I can't find this option in the Growth plan. Is it available or do I need to upgrade?,Low,Product
TKT-10140,Documentation unclear,The docs for the team collaboration API endpoint are missing examples for compliance reporting. I've spent 5 hours trying to figure out the correct request format. Can you provide a working example?,High,Product
TKT-10672,Webhook delivery failures,We're not receiving webhooks at our endpoint since yesterday. The webhook URL is correctly configured. Our server returns 200 OK but your dashboard shows delivery failures.,Medium,Technical
TKT-10279,Wrong item shipped,I ordered laptop sleeve but received phone charger instead. Order #700147. I need the correct item sent and a return label for the wrong one.,Medium,Shipping
TKT-10117,Report generation timeout,"Generating the monthly summary report times out after 45 seconds. The report covers 50,000 records. This worked fine last month with similar data volume.",Medium,Technical
TKT-10055,Feature request: bulk import,"We'd love the ability to bulk import records via CSV upload. Currently we have to add entries one by one, which is impractical for our 50,000-record dataset.",Medium,Product
TKT-10680,How to set up automated reports,I'm trying to configure scheduled reports to be emailed to my team every Monday morning. I can't find this option in the Professional plan. Is it available or do I need to upgrade?,High,Product
TKT-10418,Add team members,I need to add 5 new users to our Starter plan. Their email addresses are attached. Please confirm if this affects our pricing.,Medium,Account
TKT-11010,Beta feature feedback,"I've been testing the new advanced analytics beta. Overall it's great, but I found 3 issues: the filter doesn't apply to grouped views, and export drops the last column.",High,Product
TKT-10640,Integration with third-party tool,Do you support integration with Slack? We use it heavily for customer onboarding and having a native connector would save us hours of manual data transfer each Monday morning.,High,Product
TKT-10898,Upgrade plan request,I'd like to upgrade from the Business to the Professional plan. We currently have 10 users and need the additional features. What's the process?,High,Account
TKT-10467,Cannot connect to API,Our integration is returning RATE_LIMIT_429 errors when calling the /v2/data endpoint. This started around 2:15 PM UTC today. API key is still valid. Please check server-side logs.,Low,Technical
TKT-11765,Need to cancel and get refund,I want to cancel my Starter subscription and get a prorated refund for the remaining 5 days. Account admin@techfirm.io. Please process ASAP.,Low,Account
TKT-11345,Integration with third-party tool,Do you support integration with Google Sheets? We use it heavily for compliance reporting and having a native connector would save us hours of manual data transfer each Monday morning.,Low,Product
TKT-11325,Suggestion for UI improvement,The current layout of the custom dashboards page requires too many clicks to accomplish basic tasks. Suggest adding a quick-action toolbar or keyboard shortcuts for power users.,Medium,Product
TKT-10003,Data deletion request,"Per our company policy, I'm requesting complete deletion of all data associated with account jdoe@acmecorp.com. Please confirm when this is done and provide a confirmation reference.",Low,Account
TKT-11399,Damaged package,My order #700128 arrived with significant damage to the packaging and the monitor stand inside is broken. I've attached photos. Please send a replacement.,Medium,Shipping
TKT-11020,Comparison with competitor,"I'm evaluating your product against Zendesk. Can you provide a comparison of features, especially around custom dashboards and white-label options? We're a 150-person company.",Urgent,Product
TKT-11040,Integration with third-party tool,Do you support integration with Zapier? We use it heavily for customer onboarding and having a native connector would save us hours of manual data transfer each monthly.,Urgent,Product
TKT-10879,Wrong item shipped,I ordered USB-C hub but received HDMI cable instead. Order #700143. I need the correct item sent and a return label for the wrong one.,Medium,Shipping
TKT-11364,Order not received,My order #700130 was supposed to arrive by March 10 but I still haven't received it. Tracking number 1Z9999927 shows it's been in transit for 14 days.,Medium,Shipping
TKT-11962,Need help,I have an issue with my account AC-100023. Something isn't working right. Can someone look into it?,Urgent,Account
TKT-10922,Cannot connect to API,Our integration is returning RATE_LIMIT_429 errors when calling the /v2/data endpoint. This started around 11:00 AM PST today. API key is still valid. Please check server-side logs.,Medium,Technical
TKT-11964,Unhappy customer,"I've been having nothing but problems. The workflow automation doesn't work, I was overcharged $12.99, and my last order #700106 never arrived. Please fix all of this.",High,Product
TKT-10722,Data export failing,"When I try to export reports as CSV, the download starts but fails at about 60%. File size should be around 50MB. Using Chrome on Windows 10.",Low,Technical
TKT-10878,Upgrade plan request,I'd like to upgrade from the Professional to the Premium plan. We currently have 50 users and need the additional features. What's the process?,Low,Account
TKT-11970,Question about my account,"Hi, I have some questions about my Growth plan. Can you explain the features and also why my bill is $12.99? Account ops@startup.dev.",Medium,Account
TKT-10995,Suggestion for UI improvement,The current layout of the team collaboration page requires too many clicks to accomplish basic tasks. Suggest adding a quick-action toolbar or keyboard shortcuts for power users.,Low,Product
TKT-11159,Wrong item shipped,I ordered docking station but received webcam instead. Order #700146. I need the correct item sent and a return label for the wrong one.,High,Account
TKT-10422,SSO login not working,Our team cannot log in via SSO since February 28. We use Okta as our identity provider. Regular email/password login still works. Error message: 'Certificate mismatch'.,High,Technical
TKT-10099,Order not received,My order #700148 was supposed to arrive by March 15 but I still haven't received it. Tracking number 1Z9999949 shows it's been in transit for 14 days.,Medium,Shipping
TKT-10360,Integration with third-party tool,Do you support integration with Slack? We use it heavily for compliance reporting and having a native connector would save us hours of manual data transfer each monthly.,High,Product
TKT-11549,Damaged package,My order #700115 arrived with significant damage to the packaging and the docking station inside is broken. I've attached photos. Please send a replacement.,High,Shipping
TKT-11738,Need to cancel and get refund,I want to cancel my Starter subscription and get a prorated refund for the remaining 14 days. Account admin@techfirm.io. Please process ASAP.,Medium,Billing
TKT-11769,Can't access account after plan change,I upgraded to Enterprise yesterday and now I get TIMEOUT_408 when I try to log in. My email is maria.g@retailco.com. Was the upgrade processed correctly?,Medium,Account
TKT-11644,Wrong item shipped,I ordered wireless keyboard but received webcam instead. Order #700129. I need the correct item sent and a return label for the wrong one.,Urgent,Shipping
TKT-11806,Wrong amount on subscription renewal,My Growth plan renewed at $199.00 instead of $349.00. I didn't authorize any changes. Account AC-100047. Also the dashboard shows the old plan features.,Low,Billing
TKT-10485,Beta feature feedback,"I've been testing the new workflow automation beta. Overall it's great, but I found 4 issues: the filter doesn't apply to grouped views, and export drops the last column.",Medium,Product
TKT-11496,Billing cycle change request,Can I switch my billing cycle from monthly to annual? I'd like to take advantage of the yearly discount for the Business plan.,Urgent,Billing
TKT-10096,Incorrect charge on my account,I noticed a charge of $149.00 on my last statement that I don't recognize. My account number is AC-100030. Please investigate and issue a refund if this is an error.,High,Billing
TKT-10109,Partial order received,Order #700126 was supposed to contain 3 items but only 2 arrived. Missing: laptop sleeve. The packing slip shows all items were included.,Medium,Shipping
TKT-10503,Account merger request,We have two separate accounts (jdoe@acmecorp.com and team@retailco.com) that need to be merged. The backup@acmecorp.com account was created by mistake. Please consolidate under jdoe@acmecorp.com.,Medium,Account
TKT-11041,Promo code not applied,I entered promo code SAVE20 during checkout but the discount wasn't applied. I was charged the full $75.00. Please adjust my bill.,Low,Billing
TKT-11969,Unhappy customer,"I've been having nothing but problems. The workflow automation doesn't work, I was overcharged $75.00, and my last order #700147 never arrived. Please fix all of this.",High,Billing
TKT-10362,Slow dashboard loading,"The analytics dashboard takes over 45 seconds to load. This happens in both Edge and Firefox. Other pages load normally. Our dataset has about 50,000 rows.",Medium,Technical
TKT-11734,Technical issue with billing portal,The billing page returns TIMEOUT_408 on Chrome. I can't view or download invoices for account AC-100044. This has been happening since two days ago.,High,Technical
TKT-10881,Billing cycle change request,Can I switch my billing cycle from monthly to annual? I'd like to take advantage of the yearly discount for the Starter plan.,High,Billing
TKT-10148,Reset my password,I've been locked out of my account (admin@techfirm.io) after too many failed login attempts. The password reset email isn't arriving. Can you manually reset it?,Medium,Account
TKT-10775,Comparison with competitor,"I'm evaluating your product against Freshdesk. Can you provide a comparison of features, especially around workflow automation and white-label options? We're a 500-person company.",Urgent,Billing
TKT-11776,Can't access account after plan change,I upgraded to Business yesterday and now I get RATE_LIMIT_429 when I try to log in. My email is ops@startup.dev. Was the upgrade processed correctly?,High,Account
TKT-11544,Return shipping label needed,I'd like to return order #700121 (laptop sleeve). It doesn't fit our requirements. Could you please email a prepaid return label to jdoe@acmecorp.com?,High,Shipping
TKT-11564,Damaged package,My order #700120 arrived with significant damage to the packaging and the laptop sleeve inside is broken. I've attached photos. Please send a replacement.,High,Shipping
TKT-10119,Return shipping label needed,I'd like to return order #700117 (laptop sleeve). It doesn't fit our requirements. Could you please email a prepaid return label to maria.g@retailco.com?,High,Shipping
TKT-10358,Change account owner,We need to transfer account ownership from ops@startup.dev to jsmith@techfirm.io. John Doe has left the company and Lisa Wang will be the new admin.,Medium,Account
TKT-10085,How to set up automated reports,I'm trying to configure scheduled reports to be emailed to my team every monthly. I can't find this option in the Growth plan. Is it available or do I need to upgrade?,Low,Product
TKT-10324,Change shipping address,"I need to update the shipping address for order #700145 from San Francisco to Boston. The order hasn't shipped yet. New address: 456 Oak Ave, Floor 2.",Low,Shipping
TKT-10169,Damaged package,My order #700130 arrived with significant damage to the packaging and the docking station inside is broken. I've attached photos. Please send a replacement.,High,Shipping
TKT-10713,Data deletion request,"Per our company policy, I'm requesting complete deletion of all data associated with account maria.g@retailco.com. Please confirm when this is done and provide a confirmation reference.",Low,Account
TKT-11380,Documentation unclear,The docs for the advanced analytics API endpoint are missing examples for customer onboarding. I've spent 5 hours trying to figure out the correct request format. Can you provide a working example?,Medium,Product
TKT-11413,Change account owner,We need to transfer account ownership from ops@startup.dev to jsmith@techfirm.io. Alex Kim has left the company and Rachel Adams will be the new admin.,Medium,Account
TKT-11999,Urgent issue,Please call me back regarding my recent order and billing. Account ops@startup.dev. This needs immediate attention.,Low,Billing
TKT-10390,Onboarding guidance needed,We just signed up for the Professional plan with 50 users. Could you recommend the best way to onboard our team? We primarily need workflow automation and white-label options.,Urgent,Product
TKT-10882,Slow dashboard loading,"The analytics dashboard takes over 30 seconds to load. This happens in both Edge and Chrome. Other pages load normally. Our dataset has about 50,000 rows.",Low,Technical
TKT-10435,How to set up automated reports,I'm trying to configure scheduled reports to be emailed to my team every daily. I can't find this option in the Starter plan. Is it available or do I need to upgrade?,Low,Product
TKT-10994,International shipping inquiry,I'm trying to place an order for delivery to Germany. Your website says shipping is unavailable for my region. Do you have plans to expand international shipping?,Urgent,Shipping
TKT-10145,Integration with third-party tool,Do you support integration with Slack? We use it heavily for project management and having a native connector would save us hours of manual data transfer each weekly.,Medium,Product
TKT-11140,Onboarding guidance needed,We just signed up for the Professional plan with 50 users. Could you recommend the best way to onboard our team? We primarily need team collaboration and white-label options.,Low,Product
TKT-11222,Mobile app sync issues,Changes made in the mobile app on Android 13 aren't syncing to the web version. I've checked my internet connection and it's stable. App version 4.0.0.,High,Technical
TKT-10043,Data deletion request,"Per our company policy, I'm requesting complete deletion of all data associated with account ops@startup.dev. Please confirm when this is done and provide a confirmation reference.",Urgent,Account
TKT-10991,Duplicate charge,I was charged twice for the same transaction on February 28. The duplicate charge is $199.50. Please refund the extra charge to my bank transfer.,Medium,Billing
TKT-10298,Data deletion request,"Per our company policy, I'm requesting complete deletion of all data associated with account admin@techfirm.io. Please confirm when this is done and provide a confirmation reference.",Medium,Account
TKT-11002,Cannot connect to API,Our integration is returning NULL_REF_500 errors when calling the /v2/data endpoint. This started around 11:00 AM PST today. API key is still valid. Please check server-side logs.,Medium,Technical
TKT-10113,Data deletion request,"Per our company policy, I'm requesting complete deletion of all data associated with account ops@startup.dev. Please confirm when this is done and provide a confirmation reference.",Low,Account
TKT-11584,Damaged package,My order #700126 arrived with significant damage to the packaging and the wireless keyboard inside is broken. I've attached photos. Please send a replacement.,Medium,Shipping
TKT-11141,Billing cycle change request,Can I switch my billing cycle from monthly to annual? I'd like to take advantage of the yearly discount for the Enterprise plan.,Medium,Billing
TKT-11084,Change shipping address,"I need to update the shipping address for order #700124 from Seattle to Boston. The order hasn't shipped yet. New address: 456 Oak Ave, Floor 2.",Urgent,Shipping
TKT-11296,Incorrect charge on my account,I noticed a charge of $12.99 on my last statement that I don't recognize. My account number is AC-100024. Please investigate and issue a refund if this is an error.,Medium,Billing
TKT-10528,Data deletion request,"Per our company policy, I'm requesting complete deletion of all data associated with account maria.g@retailco.com. Please confirm when this is done and provide a confirmation reference.",Low,Account
TKT-11462,Webhook delivery failures,We're not receiving webhooks at our endpoint since March 15. The webhook URL is correctly configured. Our server returns 200 OK but your dashboard shows delivery failures.,Medium,Technical
TKT-10842,Mobile app sync issues,Changes made in the mobile app on Android 13 aren't syncing to the web version. I've checked my internet connection and it's stable. App version 4.1.2.,High,Technical
TKT-10558,Data deletion request,"Per our company policy, I'm requesting complete deletion of all data associated with account ops@startup.dev. Please confirm when this is done and provide a confirmation reference.",Low,Account
TKT-11603,Permission issue for team member,User maria.g@retailco.com should have admin-level access but can only view dashboards. I've checked the role settings and they show 'Admin'. Please investigate.,Low,Account
TKT-11490,Onboarding guidance needed,We just signed up for the Enterprise plan with 50 users. Could you recommend the best way to onboard our team? We primarily need workflow automation and role-based access.,Medium,Product
TKT-10688,Account merger request,We have two separate accounts (ops@startup.dev and team@retailco.com) that need to be merged. The team@retailco.com account was created by mistake. Please consolidate under admin@techfirm.io.,Low,Account
TKT-11918,Unhappy customer,"I've been having nothing but problems. The custom dashboards doesn't work, I was overcharged $199.50, and my last order #700118 never arrived. Please fix all of this.",High,Product
TKT-11442,Slow dashboard loading,"The analytics dashboard takes over 30 seconds to load. This happens in both Firefox and Safari. Other pages load normally. Our dataset has about 1,000,000 rows.",Medium,Technical
TKT-10928,Upgrade plan request,I'd like to upgrade from the Professional to the Growth plan. We currently have 15 users and need the additional features. What's the process?,High,Account
TKT-11382,Webhook delivery failures,We're not receiving webhooks at our endpoint since yesterday. The webhook URL is correctly configured. Our server returns 200 OK but your dashboard shows delivery failures.,Medium,Technical
TKT-10275,Beta feature feedback,"I've been testing the new advanced analytics beta. Overall it's great, but I found 2 issues: the filter doesn't apply to grouped views, and export drops the last column.",Medium,Product
TKT-11698,Reset my password,I've been locked out of my account (jdoe@acmecorp.com) after too many failed login attempts. The password reset email isn't arriving. Can you manually reset it?,High,Account
TKT-10979,Request expedited shipping,Is it possible to upgrade order #700111 to expedited shipping? I need it by last Monday. Happy to pay the difference.,Medium,Shipping
TKT-10244,International shipping inquiry,I'm trying to place an order for delivery to India. Your website says shipping is unavailable for my region. Do you have plans to expand international shipping?,Low,Shipping
TKT-11819,Product feedback and bug report,"The new workflow automation is great but it crashes when exporting to CSV on Windows 10. Error: ERR_502. Also, it would be useful to add role-based access support.",Medium,Technical
TKT-11934,Question about my account,"Hi, I have some questions about my Professional plan. Can you explain the features and also why my bill is $29.99? Account ops@startup.dev.",Medium,Account
TKT-11796,Need to cancel and get refund,I want to cancel my Professional subscription and get a prorated refund for the remaining 14 days. Account ops@startup.dev. Please process ASAP.,High,Account
TKT-11845,Need to cancel and get refund,I want to cancel my Professional subscription and get a prorated refund for the remaining 10 days. Account maria.g@retailco.com. Please process ASAP.,High,Account
TKT-10702,Cannot connect to API,Our integration is returning AUTH_401 errors when calling the /v2/data endpoint. This started around 4:45 PM GMT today. API key is still valid. Please check server-side logs.,High,Technical
TKT-10466,Unexpected price increase,My monthly bill went from $75.00 to $59.99 without any prior notice. I'm on the Enterprise plan. Please explain this increase or revert it.,High,Billing
TKT-10983,Permission issue for team member,User jdoe@acmecorp.com should have admin-level access but can only view dashboards. I've checked the role settings and they show 'Admin'. Please investigate.,High,Account
TKT-11204,Wrong item shipped,I ordered monitor stand but received mouse pad instead. Order #700149. I need the correct item sent and a return label for the wrong one.,Medium,Shipping
TKT-10549,Damaged package,My order #700111 arrived with significant damage to the packaging and the laptop sleeve inside is broken. I've attached photos. Please send a replacement.,Medium,Shipping
TKT-10087,Data export failing,"When I try to export reports as CSV, the download starts but fails at about 60%. File size should be around 120MB. Using Edge on Windows 11.",Urgent,Technical
TKT-11840,Shipping delay affecting our project,Order #700132 with docking station was supposed to arrive March 10. Our team can't proceed without it. Can we get an updated ETA? Also considering canceling if delayed further.,Medium,Shipping
TKT-11652,Slow dashboard loading,"The analytics dashboard takes over 30 seconds to load. This happens in both Safari and Chrome. Other pages load normally. Our dataset has about 500,000 rows.",Medium,Technical
TKT-11474,Return shipping label needed,I'd like to return order #700146 (laptop sleeve). It doesn't fit our requirements. Could you please email a prepaid return label to maria.g@retailco.com?,High,Shipping
TKT-10523,Data deletion request,"Per our company policy, I'm requesting complete deletion of all data associated with account maria.g@retailco.com. Please confirm when this is done and provide a confirmation reference.",Medium,Account
TKT-10209,Order not received,My order #700138 was supposed to arrive by last Friday but I still haven't received it. Tracking number 1Z9999918 shows it's been in transit for 7 days.,High,Shipping
TKT-10074,Change shipping address,"I need to update the shipping address for order #700143 from San Francisco to Los Angeles. The order hasn't shipped yet. New address: 456 Oak Ave, Floor 2.",High,Shipping
TKT-10018,Change account owner,We need to transfer account ownership from jdoe@acmecorp.com to jsmith@techfirm.io. John Doe has left the company and Rachel Adams will be the new admin.,Medium,Account
TKT-11017,Mobile app sync issues,Changes made in the mobile app on iOS 17 aren't syncing to the web version. I've checked my internet connection and it's stable. App version 3.2.1.,Medium,Technical
TKT-10304,Order not received,My order #700142 was supposed to arrive by yesterday but I still haven't received it. Tracking number 1Z9999949 shows it's been in transit for 7 days.,Medium,Shipping
TKT-11960,Urgent issue,Please call me back regarding my recent order and billing. Account jdoe@acmecorp.com. This needs immediate attention.,Medium,Billing
TKT-10404,Request expedited shipping,Is it possible to upgrade order #700149 to expedited shipping? I need it by two days ago. Happy to pay the difference.,High,Shipping
TKT-11410,Documentation unclear,The docs for the advanced analytics API endpoint are missing examples for project management. I've spent 3 hours trying to figure out the correct request format. Can you provide a working example?,Low,Product
TKT-11607,Mobile app sync issues,Changes made in the mobile app on Android 13 aren't syncing to the web version. I've checked my internet connection and it's stable. App version 3.2.1.,Medium,Technical
TKT-10750,Beta feature feedback,"I've been testing the new custom dashboards beta. Overall it's great, but I found 2 issues: the filter doesn't apply to grouped views, and export drops the last column.",Urgent,Product
TKT-10192,Report generation timeout,"Generating the monthly summary report times out after 30 seconds. The report covers 100,000 records. This worked fine last month with similar data volume.",Medium,Technical
TKT-10207,Report generation timeout,"Generating the monthly summary report times out after 30 seconds. The report covers 100,000 records. This worked fine last month with similar data volume.",Medium,Technical
TKT-11188,Cancel my subscription,I need to cancel my Starter subscription effective last Monday. Please confirm the cancellation and any remaining balance. Account holder: Maria Garcia.,Medium,Account
TKT-10105,Onboarding guidance needed,We just signed up for the Professional plan with 15 users. Could you recommend the best way to onboard our team? We primarily need team collaboration and role-based access.,High,Product
TKT-11272,Cannot connect to API,Our integration is returning AUTH_401 errors when calling the /v2/data endpoint. This started around 11:00 AM PST today. API key is still valid. Please check server-side logs.,Low,Technical
TKT-10016,Duplicate charge,I was charged twice for the same transaction on March 15. The duplicate charge is $99.95. Please refund the extra charge to my wire transfer.,High,Billing
TKT-11418,Upgrade plan request,I'd like to upgrade from the Professional to the Business plan. We currently have 15 users and need the additional features. What's the process?,Medium,Account
TKT-11400,Documentation unclear,The docs for the custom dashboards API endpoint are missing examples for customer onboarding. I've spent 5 hours trying to figure out the correct request format. Can you provide a working example?,Low,Product
TKT-11477,Slow dashboard loading,"The analytics dashboard takes over 90 seconds to load. This happens in both Chrome and Firefox. Other pages load normally. Our dataset has about 250,000 rows.",Medium,Technical
TKT-10509,Request expedited shipping,Is it possible to upgrade order #700115 to expedited shipping? I need it by March 15. Happy to pay the difference.,Low,Shipping
TKT-11972,Urgent issue,Please call me back regarding my recent order and billing. Account admin@techfirm.io. This needs immediate attention.,Medium,Billing
TKT-11114,Damaged package,My order #700144 arrived with significant damage to the packaging and the wireless keyboard inside is broken. I've attached photos. Please send a replacement.,Medium,Shipping
TKT-10827,Report generation timeout,"Generating the monthly summary report times out after 90 seconds. The report covers 250,000 records. This worked fine last month with similar data volume.",Low,Technical
TKT-10089,International shipping inquiry,I'm trying to place an order for delivery to Australia. Your website says shipping is unavailable for my region. Do you have plans to expand international shipping?,High,Shipping
TKT-11435,Integration with third-party tool,Do you support integration with Slack? We use it heavily for customer onboarding and having a native connector would save us hours of manual data transfer each bi-weekly.,Medium,Product
TKT-10081,Duplicate charge,I was charged twice for the same transaction on yesterday. The duplicate charge is $12.99. Please refund the extra charge to my wire transfer.,Medium,Billing
TKT-10375,Onboarding guidance needed,We just signed up for the Professional plan with 10 users. Could you recommend the best way to onboard our team? We primarily need custom dashboards and role-based access.,Medium,Product
TKT-11153,Reset my password,I've been locked out of my account (admin@techfirm.io) after too many failed login attempts. The password reset email isn't arriving. Can you manually reset it?,Medium,Account
TKT-11299,Damaged package,My order #700141 arrived with significant damage to the packaging and the laptop sleeve inside is broken. I've attached photos. Please send a replacement.,Low,Shipping
TKT-10469,Change shipping address,"I need to update the shipping address for order #700148 from Seattle to Miami. The order hasn't shipped yet. New address: 123 Main St, Suite 400.",Medium,Shipping
TKT-10791,Incorrect charge on my account,I noticed a charge of $12.99 on my last statement that I don't recognize. My account number is AC-100040. Please investigate and issue a refund if this is an error.,Medium,Billing
TKT-10306,Need to update payment method,I'd like to update the credit card on file for account AC-100043. My current card ending in 1234 has expired.,Urgent,Billing
TKT-11012,Report generation timeout,"Generating the monthly summary report times out after 90 seconds. The report covers 100,000 records. This worked fine last month with similar data volume.",Low,Product
TKT-11627,Application crashes on startup,"After the latest update, the desktop app crashes immediately on launch. I'm running macOS Ventura version 3.2.1. Error code: NULL_REF_500. I've tried reinstalling but the issue persists.",Medium,Technical
TKT-11711,Charged for item I returned,I returned order #700117 on March 15 but I was charged $149.00 again. The docking station was sent back via bank transfer. Need a refund.,Medium,Billing
TKT-10984,Order not received,My order #700130 was supposed to arrive by yesterday but I still haven't received it. Tracking number 1Z9999939 shows it's been in transit for 10 days.,Medium,Shipping
TKT-11875,Product feedback and bug report,"The new team collaboration is great but it crashes when exporting to CSV on Ubuntu 22.04. Error: NULL_REF_500. Also, it would be useful to add API rate limits support.",Low,Technical
TKT-10795,Onboarding guidance needed,We just signed up for the Professional plan with 10 users. Could you recommend the best way to onboard our team? We primarily need custom dashboards and white-label options.,Medium,Product
TKT-10635,Suggestion for UI improvement,The current layout of the advanced analytics page requires too many clicks to accomplish basic tasks. Suggest adding a quick-action toolbar or keyboard shortcuts for power users.,Low,Product
TKT-11501,Billing cycle change request,Can I switch my billing cycle from monthly to annual? I'd like to take advantage of the yearly discount for the Business plan.,Low,Billing
TKT-11407,Application crashes on startup,"After the latest update, the desktop app crashes immediately on launch. I'm running macOS Sonoma version 4.1.2. Error code: ERR_502. I've tried reinstalling but the issue persists.",Medium,Technical
TKT-11773,Product feedback and bug report,"The new workflow automation is great but it crashes when exporting to CSV on Windows 11. Error: RATE_LIMIT_429. Also, it would be useful to add API rate limits support.",Urgent,Technical
TKT-11914,Need help,I have an issue with my account AC-100049. Something isn't working right. Can someone look into it?,Low,Account
TKT-11703,Can't access account after plan change,I upgraded to Professional yesterday and now I get RATE_LIMIT_429 when I try to log in. My email is admin@techfirm.io. Was the upgrade processed correctly?,Medium,Account
TKT-11987,Following up,I contacted you February 28 about a problem but haven't heard back. My ticket was about docking station and charges on my account. Reference AC-100022.,Urgent,Account
TKT-10993,Data deletion request,"Per our company policy, I'm requesting complete deletion of all data associated with account admin@techfirm.io. Please confirm when this is done and provide a confirmation reference.",Medium,Account
TKT-11904,Unhappy customer,"I've been having nothing but problems. The team collaboration doesn't work, I was overcharged $75.00, and my last order #700149 never arrived. Please fix all of this.",Medium,Product
TKT-10141,Request for invoice copy,Could you please send me a copy of my invoice for May? I need it for my expense report. Account AC-100014.,Medium,Billing
TKT-11056,Need to update payment method,I'd like to update the credit card on file for account AC-100028. My current card ending in 1234 has expired.,Low,Billing
TKT-11546,Need to update payment method,I'd like to update the credit card on file for account AC-100029. My current card ending in 4242 has expired.,High,Billing
TKT-10465,Beta feature feedback,"I've been testing the new workflow automation beta. Overall it's great, but I found 3 issues: the filter doesn't apply to grouped views, and export drops the last column.",Medium,Product
TKT-11051,Unexpected price increase,My monthly bill went from $29.99 to $59.99 without any prior notice. I'm on the Growth plan. Please explain this increase or revert it.,High,Billing
TKT-10835,Suggestion for UI improvement,The current layout of the advanced analytics page requires too many clicks to accomplish basic tasks. Suggest adding a quick-action toolbar or keyboard shortcuts for power users.,High,Product
TKT-10044,Order not received,My order #700143 was supposed to arrive by March 15 but I still haven't received it. Tracking number 1Z9999903 shows it's been in transit for 14 days.,High,Shipping
TKT-10445,Beta feature feedback,"I've been testing the new advanced analytics beta. Overall it's great, but I found 3 issues: the filter doesn't apply to grouped views, and export drops the last column.",Medium,Product
TKT-10810,Suggestion for UI improvement,The current layout of the custom dashboards page requires too many clicks to accomplish basic tasks. Suggest adding a quick-action toolbar or keyboard shortcuts for power users.,Medium,Billing
TKT-11249,International shipping inquiry,I'm trying to place an order for delivery to Brazil. Your website says shipping is unavailable for my region. Do you have plans to expand international shipping?,Urgent,Shipping
TKT-10223,Permission issue for team member,User maria.g@retailco.com should have admin-level access but can only view dashboards. I've checked the role settings and they show 'Admin'. Please investigate.,High,Account
TKT-10789,Return shipping label needed,I'd like to return order #700101 (USB-C hub). It doesn't fit our requirements. Could you please email a prepaid return label to admin@techfirm.io?,High,Shipping
TKT-10648,Change account owner,We need to transfer account ownership from ops@startup.dev to team@retailco.com. Maria Garcia has left the company and Miguel Torres will be the new admin.,Medium,Account
TKT-10887,Cannot connect to API,Our integration is returning RATE_LIMIT_429 errors when calling the /v2/data endpoint. This started around 9:30 AM EST today. API key is still valid. Please check server-side logs.,High,Technical
TKT-11900,Can't access account after plan change,I upgraded to Enterprise yesterday and now I get ERR_502 when I try to log in. My email is jdoe@acmecorp.com. Was the upgrade processed correctly?,Low,Account
TKT-11080,Beta feature feedback,"I've been testing the new custom dashboards beta. Overall it's great, but I found 2 issues: the filter doesn't apply to grouped views, and export drops the last column.",High,Product
TKT-11520,Documentation unclear,The docs for the custom dashboards API endpoint are missing examples for project management. I've spent 3 hours trying to figure out the correct request format. Can you provide a working example?,Low,Product
TKT-11927,Following up,I contacted you March 1 about a problem but haven't heard back. My ticket was about USB-C hub and charges on my account. Reference AC-100040.,High,Billing
TKT-11684,Partial order received,Order #700101 was supposed to contain 4 items but only 2 arrived. Missing: docking station. The packing slip shows all items were included.,Medium,Shipping
TKT-10611,Request for invoice copy,Could you please send me a copy of my invoice for January? I need it for my expense report. Account AC-100037.,Low,Billing
TKT-10009,International shipping inquiry,I'm trying to place an order for delivery to India. Your website says shipping is unavailable for my region. Do you have plans to expand international shipping?,Medium,Shipping
TKT-11669,Wrong item shipped,I ordered laptop sleeve but received phone charger instead. Order #700136. I need the correct item sent and a return label for the wrong one.,High,Shipping
TKT-10576,Need to update payment method,I'd like to update the credit card on file for account AC-100045. My current card ending in 5678 has expired.,Medium,Billing
TKT-11893,Charged for item I returned,I returned order #700108 on last Friday but I was charged $49.00 again. The monitor stand was sent back via wire transfer. Need a refund.,Urgent,Billing
TKT-11133,Change account owner,We need to transfer account ownership from jdoe@acmecorp.com to backup@acmecorp.com. Sarah Chen has left the company and Rachel Adams will be the new admin.,High,Account
TKT-11602,Slow dashboard loading,"The analytics dashboard takes over 90 seconds to load. This happens in both Chrome and Chrome. Other pages load normally. Our dataset has about 500,000 rows.",Medium,Technical
TKT-11355,Suggestion for UI improvement,The current layout of the workflow automation page requires too many clicks to accomplish basic tasks. Suggest adding a quick-action toolbar or keyboard shortcuts for power users.,Medium,Product
TKT-11044,Change shipping address,"I need to update the shipping address for order #700124 from Austin to Denver. The order hasn't shipped yet. New address: 789 Pine Rd, Unit B.",Urgent,Shipping
TKT-11732,Shipping delay affecting our project,Order #700142 with docking station was supposed to arrive February 28. Our team can't proceed without it. Can we get an updated ETA? Also considering canceling if delayed further.,Low,Shipping
TKT-11658,Account merger request,We have two separate accounts (jdoe@acmecorp.com and team@retailco.com) that need to be merged. The cto@startup.dev account was created by mistake. Please consolidate under ops@startup.dev.,Urgent,Account
TKT-11985,Question about my account,"Hi, I have some questions about my Business plan. Can you explain the features and also why my bill is $149.00? Account jdoe@acmecorp.com.",High,Account
TKT-10746,Billing cycle change request,Can I switch my billing cycle from monthly to annual? I'd like to take advantage of the yearly discount for the Starter plan.,High,Billing
TKT-11035,How to set up automated reports,I'm trying to configure scheduled reports to be emailed to my team every monthly. I can't find this option in the Growth plan. Is it available or do I need to upgrade?,Medium,Product
TKT-10920,Suggestion for UI improvement,The current layout of the advanced analytics page requires too many clicks to accomplish basic tasks. Suggest adding a quick-action toolbar or keyboard shortcuts for power users.,Medium,Product
TKT-10310,Comparison with competitor,"I'm evaluating your product against Freshdesk. Can you provide a comparison of features, especially around workflow automation and white-label options? We're a 25-person company.",High,Product
TKT-10963,Cancel my subscription,I need to cancel my Growth subscription effective February 28. Please confirm the cancellation and any remaining balance. Account holder: John Doe.,Medium,Account
TKT-11693,Permission issue for team member,User maria.g@retailco.com should have admin-level access but can only view dashboards. I've checked the role settings and they show 'Admin'. Please investigate.,High,Account
TKT-10108,Account merger request,We have two separate accounts (admin@techfirm.io and backup@acmecorp.com) that need to be merged. The cto@startup.dev account was created by mistake. Please consolidate under ops@startup.dev.,Medium,Account
TKT-11555,Comparison with competitor,"I'm evaluating your product against Zendesk. Can you provide a comparison of features, especially around team collaboration and audit logging? We're a 150-person company.",Low,Product
TKT-11708,Shipping delay affecting our project,Order #700148 with docking station was supposed to arrive last Monday. Our team can't proceed without it. Can we get an updated ETA? Also considering canceling if delayed further.,Medium,Shipping
TKT-11300,Beta feature feedback,"I've been testing the new workflow automation beta. Overall it's great, but I found 4 issues: the filter doesn't apply to grouped views, and export drops the last column.",High,Product
TKT-10540,How to set up automated reports,I'm trying to configure scheduled reports to be emailed to my team every bi-weekly. I can't find this option in the Professional plan. Is it available or do I need to upgrade?,Medium,Product
TKT-11478,Cancel my subscription,I need to cancel my Professional subscription effective March 10. Please confirm the cancellation and any remaining balance. Account holder: John Doe.,High,Account
TKT-11757,Shipping delay affecting our project,Order #700140 with USB-C hub was supposed to arrive March 15. Our team can't proceed without it. Can we get an updated ETA? Also considering canceling if delayed further.,Medium,Shipping
TKT-11636,Unexpected price increase,My monthly bill went from $99.95 to $249.50 without any prior notice. I'm on the Enterprise plan. Please explain this increase or revert it.,Low,Billing
TKT-11113,Cancel my subscription,I need to cancel my Professional subscription effective two days ago. Please confirm the cancellation and any remaining balance. Account holder: Alex Kim.,High,Account
TKT-10840,How to set up automated reports,I'm trying to configure scheduled reports to be emailed to my team every monthly. I can't find this option in the Enterprise plan. Is it available or do I need to upgrade?,High,Product
TKT-10899,Partial order received,Order #700121 was supposed to contain 5 items but only 2 arrived. Missing: USB-C hub. The packing slip shows all items were included.,Low,Shipping
TKT-10399,Damaged package,My order #700126 arrived with significant damage to the packaging and the USB-C hub inside is broken. I've attached photos. Please send a replacement.,Medium,Shipping
TKT-10675,Documentation unclear,The docs for the workflow automation API endpoint are missing examples for lead tracking. I've spent 3 hours trying to figure out the correct request format. Can you provide a working example?,High,Product
TKT-11721,Need to cancel and get refund,I want to cancel my Business subscription and get a prorated refund for the remaining 7 days. Account ops@startup.dev. Please process ASAP.,Urgent,Account
TKT-11643,Reset my password,I've been locked out of my account (maria.g@retailco.com) after too many failed login attempts. The password reset email isn't arriving. Can you manually reset it?,Urgent,Account
TKT-10225,Onboarding guidance needed,We just signed up for the Starter plan with 5 users. Could you recommend the best way to onboard our team? We primarily need workflow automation and API rate limits.,Medium,Product
TKT-11210,How to set up automated reports,I'm trying to configure scheduled reports to be emailed to my team every bi-weekly. I can't find this option in the Enterprise plan. Is it available or do I need to upgrade?,Urgent,Product
TKT-11125,Suggestion for UI improvement,The current layout of the custom dashboards page requires too many clicks to accomplish basic tasks. Suggest adding a quick-action toolbar or keyboard shortcuts for power users.,High,Product
TKT-11783,Charged for item I returned,I returned order #700129 on yesterday but I was charged $12.99 again. The laptop sleeve was sent back via ACH. Need a refund.,Medium,Billing
TKT-11771,Can't access account after plan change,I upgraded to Professional yesterday and now I get TIMEOUT_408 when I try to log in. My email is admin@techfirm.io. Was the upgrade processed correctly?,High,Account
TKT-10924,International shipping inquiry,I'm trying to place an order for delivery to Australia. Your website says shipping is unavailable for my region. Do you have plans to expand international shipping?,High,Shipping
TKT-11157,Cannot connect to API,Our integration is returning AUTH_401 errors when calling the /v2/data endpoint. This started around 11:00 AM PST today. API key is still valid. Please check server-side logs.,High,Technical
TKT-10228,Add team members,I need to add 5 new users to our Business plan. Their email addresses are attached. Please confirm if this affects our pricing.,Medium,Account
TKT-10801,Promo code not applied,I entered promo code WELCOME15 during checkout but the discount wasn't applied. I was charged the full $349.00. Please adjust my bill.,Medium,Billing
TKT-11649,Wrong item shipped,I ordered USB-C hub but received phone charger instead. Order #700121. I need the correct item sent and a return label for the wrong one.,High,Shipping
TKT-10064,Partial order received,Order #700134 was supposed to contain 5 items but only 1 arrived. Missing: docking station. The packing slip shows all items were included.,Medium,Shipping
TKT-10226,Need to update payment method,I'd like to update the credit card on file for account AC-100042. My current card ending in 3456 has expired.,Medium,Billing
TKT-10071,Request for invoice copy,Could you please send me a copy of my invoice for February? I need it for my expense report. Account AC-100044.,Urgent,Billing
TKT-11116,Duplicate charge,I was charged twice for the same transaction on last Monday. The duplicate charge is $199.50. Please refund the extra charge to my credit card.,Medium,Billing
TKT-10671,Need to update payment method,I'd like to update the credit card on file for account AC-100030. My current card ending in 3456 has expired.,High,Billing
TKT-10531,Unexpected price increase,My monthly bill went from $349.00 to $129.95 without any prior notice. I'm on the Starter plan. Please explain this increase or revert it.,High,Billing
TKT-11634,International shipping inquiry,I'm trying to place an order for delivery to Australia. Your website says shipping is unavailable for my region. Do you have plans to expand international shipping?,High,Shipping
TKT-11238,Upgrade plan request,I'd like to upgrade from the Enterprise to the Business plan. We currently have 15 users and need the additional features. What's the process?,Urgent,Account
TKT-10139,Change shipping address,"I need to update the shipping address for order #700105 from San Francisco to Portland. The order hasn't shipped yet. New address: 456 Oak Ave, Floor 2.",Medium,Shipping
TKT-11282,Mobile app sync issues,Changes made in the mobile app on iOS 17 aren't syncing to the web version. I've checked my internet connection and it's stable. App version 2.8.5.,Urgent,Technical
TKT-11189,Wrong item shipped,I ordered monitor stand but received phone charger instead. Order #700132. I need the correct item sent and a return label for the wrong one.,Medium,Shipping
TKT-11680,How to set up automated reports,I'm trying to configure scheduled reports to be emailed to my team every weekly. I can't find this option in the Enterprise plan. Is it available or do I need to upgrade?,Medium,Product
TKT-11714,Product feedback and bug report,"The new team collaboration is great but it crashes when exporting to CSV on Windows 11. Error: ERR_502. Also, it would be useful to add audit logging support.",Urgent,Technical
TKT-10934,Partial order received,Order #700130 was supposed to contain 4 items but only 2 arrived. Missing: laptop sleeve. The packing slip shows all items were included.,High,Shipping
TKT-10980,Documentation unclear,The docs for the workflow automation API endpoint are missing examples for project management. I've spent 5 hours trying to figure out the correct request format. Can you provide a working example?,Medium,Product
TKT-11630,Feature request: bulk import,"We'd love the ability to bulk import records via CSV upload. Currently we have to add entries one by one, which is impractical for our 100,000-record dataset.",Medium,Product
TKT-11270,Onboarding guidance needed,We just signed up for the Growth plan with 10 users. Could you recommend the best way to onboard our team? We primarily need custom dashboards and white-label options.,High,Product
TKT-10452,Application crashes on startup,"After the latest update, the desktop app crashes immediately on launch. I'm running macOS Sonoma version 4.0.0. Error code: ERR_502. I've tried reinstalling but the issue persists.",Low,Technical
TKT-11402,Cannot connect to API,Our integration is returning ERR_502 errors when calling the /v2/data endpoint. This started around 4:45 PM GMT today. API key is still valid. Please check server-side logs.,Urgent,Technical
TKT-10179,Damaged package,My order #700118 arrived with significant damage to the packaging and the laptop sleeve inside is broken. I've attached photos. Please send a replacement.,Urgent,Shipping
TKT-10277,Webhook delivery failures,We're not receiving webhooks at our endpoint since March 15. The webhook URL is correctly configured. Our server returns 200 OK but your dashboard shows delivery failures.,Medium,Technical
TKT-11229,Wrong item shipped,I ordered monitor stand but received webcam instead. Order #700129. I need the correct item sent and a return label for the wrong one.,High,Shipping
TKT-10478,Data deletion request,"Per our company policy, I'm requesting complete deletion of all data associated with account maria.g@retailco.com. Please confirm when this is done and provide a confirmation reference.",Low,Account
TKT-11818,Charged for item I returned,I returned order #700129 on March 10 but I was charged $49.00 again. The laptop sleeve was sent back via ACH. Need a refund.,Medium,Billing
TKT-11294,Partial order received,Order #700142 was supposed to contain 3 items but only 4 arrived. Missing: monitor stand. The packing slip shows all items were included.,High,Product
TKT-11333,Data deletion request,"Per our company policy, I'm requesting complete deletion of all data associated with account admin@techfirm.io. Please confirm when this is done and provide a confirmation reference.",Low,Account
TKT-10014,Wrong item shipped,I ordered USB-C hub but received mouse pad instead. Order #700124. I need the correct item sent and a return label for the wrong one.,Medium,Shipping
TKT-11675,Integration with third-party tool,Do you support integration with Google Sheets? We use it heavily for compliance reporting and having a native connector would save us hours of manual data transfer each daily.,Medium,Product
TKT-10093,Cancel my subscription,I need to cancel my Growth subscription effective last Friday. Please confirm the cancellation and any remaining balance. Account holder: Sarah Chen.,High,Account
TKT-10158,Add team members,I need to add 5 new users to our Professional plan. Their email addresses are attached. Please confirm if this affects our pricing.,Medium,Account
TKT-10854,Order not received,My order #700112 was supposed to arrive by two days ago but I still haven't received it. Tracking number 1Z9999948 shows it's been in transit for 7 days.,Urgent,Shipping
TKT-11713,Wrong amount on subscription renewal,My Business plan renewed at $249.50 instead of $99.95. I didn't authorize any changes. Account AC-100015. Also the dashboard shows the old plan features.,Medium,Billing
TKT-11441,Billing cycle change request,Can I switch my billing cycle from monthly to annual? I'd like to take advantage of the yearly discount for the Business plan.,Urgent,Billing
TKT-11187,Mobile app sync issues,Changes made in the mobile app on Android 13 aren't syncing to the web version. I've checked my internet connection and it's stable. App version 3.2.1.,Medium,Technical
TKT-11185,Documentation unclear,The docs for the custom dashboards API endpoint are missing examples for lead tracking. I've spent 3 hours trying to figure out the correct request format. Can you provide a working example?,Medium,Product
TKT-11780,Shipping delay affecting our project,Order #700125 with USB-C hub was supposed to arrive two days ago. Our team can't proceed without it. Can we get an updated ETA? Also considering canceling if delayed further.,Medium,Shipping
TKT-11219,Request expedited shipping,Is it possible to upgrade order #700139 to expedited shipping? I need it by yesterday. Happy to pay the difference.,Medium,Shipping
TKT-10779,Change shipping address,"I need to update the shipping address for order #700148 from San Francisco to Miami. The order hasn't shipped yet. New address: 123 Main St, Suite 400.",Medium,Shipping
TKT-10907,Cannot connect to API,Our integration is returning ERR_502 errors when calling the /v2/data endpoint. This started around 9:30 AM EST today. API key is still valid. Please check server-side logs.,High,Technical
TKT-11865,Need to cancel and get refund,I want to cancel my Growth subscription and get a prorated refund for the remaining 14 days. Account maria.g@retailco.com. Please process ASAP.,High,Account
TKT-10973,Change account owner,We need to transfer account ownership from ops@startup.dev to cto@startup.dev. John Doe has left the company and Miguel Torres will be the new admin.,Low,Account
TKT-10726,Need to update payment method,I'd like to update the credit card on file for account AC-100017. My current card ending in 3456 has expired.,Medium,Billing
TKT-11034,Return shipping label needed,I'd like to return order #700112 (wireless keyboard). It doesn't fit our requirements. Could you please email a prepaid return label to admin@techfirm.io?,Low,Shipping
TKT-11123,Reset my password,I've been locked out of my account (maria.g@retailco.com) after too many failed login attempts. The password reset email isn't arriving. Can you manually reset it?,High,Account
TKT-10633,Reset my password,I've been locked out of my account (admin@techfirm.io) after too many failed login attempts. The password reset email isn't arriving. Can you manually reset it?,Medium,Account
TKT-11103,Cancel my subscription,I need to cancel my Enterprise subscription effective March 1. Please confirm the cancellation and any remaining balance. Account holder: Sarah Chen.,Medium,Account
TKT-11129,Damaged package,My order #700127 arrived with significant damage to the packaging and the monitor stand inside is broken. I've attached photos. Please send a replacement.,Urgent,Shipping
TKT-10856,Duplicate charge,I was charged twice for the same transaction on last Monday. The duplicate charge is $29.99. Please refund the extra charge to my PayPal.,High,Billing
TKT-10346,Need to update payment method,I'd like to update the credit card on file for account AC-100023. My current card ending in 9012 has expired.,Urgent,Billing
TKT-11046,Unexpected price increase,My monthly bill went from $349.00 to $199.00 without any prior notice. I'm on the Business plan. Please explain this increase or revert it.,Urgent,Billing
TKT-11587,Cannot connect to API,Our integration is returning AUTH_401 errors when calling the /v2/data endpoint. This started around 2:15 PM UTC today. API key is still valid. Please check server-side logs.,Low,Technical
TKT-10937,Cannot connect to API,Our integration is returning ERR_502 errors when calling the /v2/data endpoint. This started around 2:15 PM UTC today. API key is still valid. Please check server-side logs.,Medium,Technical
TKT-10133,Add team members,I need to add 50 new users to our Growth plan. Their email addresses are attached. Please confirm if this affects our pricing.,High,Account
TKT-11489,Return shipping label needed,I'd like to return order #700131 (wireless keyboard). It doesn't fit our requirements. Could you please email a prepaid return label to ops@startup.dev?,High,Shipping
TKT-11688,Add team members,I need to add 50 new users to our Enterprise plan. Their email addresses are attached. Please confirm if this affects our pricing.,Urgent,Account
TKT-10166,Incorrect charge on my account,I noticed a charge of $12.99 on my last statement that I don't recognize. My account number is AC-100047. Please investigate and issue a refund if this is an error.,Medium,Billing
TKT-11867,Need to cancel and get refund,I want to cancel my Starter subscription and get a prorated refund for the remaining 7 days. Account maria.g@retailco.com. Please process ASAP.,High,Account
TKT-10005,Beta feature feedback,"I've been testing the new workflow automation beta. Overall it's great, but I found 3 issues: the filter doesn't apply to grouped views, and export drops the last column.",Medium,Product
TKT-11794,Product feedback and bug report,"The new workflow automation is great but it crashes when exporting to CSV on Windows 10. Error: NULL_REF_500. Also, it would be useful to add role-based access support.",Medium,Technical
TKT-10861,Incorrect charge on my account,I noticed a charge of $29.99 on my last statement that I don't recognize. My account number is AC-100047. Please investigate and issue a refund if this is an error.,Medium,Billing
TKT-11665,Suggestion for UI improvement,The current layout of the advanced analytics page requires too many clicks to accomplish basic tasks. Suggest adding a quick-action toolbar or keyboard shortcuts for power users.,High,Product
TKT-11322,Data export failing,"When I try to export reports as CSV, the download starts but fails at about 60%. File size should be around 15MB. Using Chrome on macOS Sonoma.",Medium,Technical
TKT-11312,Webhook delivery failures,We're not receiving webhooks at our endpoint since March 15. The webhook URL is correctly configured. Our server returns 200 OK but your dashboard shows delivery failures.,High,Technical
TKT-10859,Request expedited shipping,Is it possible to upgrade order #700144 to expedited shipping? I need it by March 10. Happy to pay the difference.,Urgent,Shipping
TKT-11706,Charged for item I returned,I returned order #700119 on March 1 but I was charged $49.00 again. The monitor stand was sent back via bank transfer. Need a refund.,Medium,Billing
TKT-11635,Comparison with competitor,"I'm evaluating your product against Freshdesk. Can you provide a comparison of features, especially around advanced analytics and role-based access? We're a 500-person company.",Low,Product
TKT-11548,Add team members,I need to add 15 new users to our Growth plan. Their email addresses are attached. Please confirm if this affects our pricing.,Low,Account
TKT-11305,Beta feature feedback,"I've been testing the new custom dashboards beta. Overall it's great, but I found 4 issues: the filter doesn't apply to grouped views, and export drops the last column.",High,Product
TKT-11974,Question about my account,"Hi, I have some questions about my Enterprise plan. Can you explain the features and also why my bill is $349.00? Account admin@techfirm.io.",Medium,Technical
TKT-10420,Onboarding guidance needed,We just signed up for the Professional plan with 50 users. Could you recommend the best way to onboard our team? We primarily need team collaboration and white-label options.,Low,Product
TKT-10741,Incorrect charge on my account,I noticed a charge of $99.95 on my last statement that I don't recognize. My account number is AC-100004. Please investigate and issue a refund if this is an error.,Medium,Billing
TKT-11554,Order not received,My order #700135 was supposed to arrive by last Monday but I still haven't received it. Tracking number 1Z9999905 shows it's been in transit for 14 days.,Low,Shipping
TKT-11912,Unhappy customer,"I've been having nothing but problems. The custom dashboards doesn't work, I was overcharged $75.00, and my last order #700109 never arrived. Please fix all of this.",High,Product
TKT-11749,Need to cancel and get refund,I want to cancel my Starter subscription and get a prorated refund for the remaining 14 days. Account maria.g@retailco.com. Please process ASAP.,Medium,Account
TKT-11876,Wrong amount on subscription renewal,My Professional plan renewed at $79.00 instead of $349.00. I didn't authorize any changes. Account AC-100011. Also the dashboard shows the old plan features.,Medium,Billing
TKT-10824,Partial order received,Order #700120 was supposed to contain 4 items but only 3 arrived. Missing: monitor stand. The packing slip shows all items were included.,Low,Shipping
TKT-11958,Question about my account,"Hi, I have some questions about my Growth plan. Can you explain the features and also why my bill is $99.95? Account ops@startup.dev.",High,Account
TKT-11207,Report generation timeout,"Generating the monthly summary report times out after 120 seconds. The report covers 250,000 records. This worked fine last month with similar data volume.",High,Technical
TKT-10754,Request expedited shipping,Is it possible to upgrade order #700145 to expedited shipping? I need it by two days ago. Happy to pay the difference.,Medium,Billing
TKT-11292,Data export failing,"When I try to export reports as CSV, the download starts but fails at about 60%. File size should be around 15MB. Using Chrome on Windows 11.",Urgent,Technical
TKT-11799,Product feedback and bug report,"The new team collaboration is great but it crashes when exporting to CSV on macOS Sonoma. Error: NULL_REF_500. Also, it would be useful to add role-based access support.",Medium,Technical
TKT-11451,Incorrect charge on my account,I noticed a charge of $349.00 on my last statement that I don't recognize. My account number is AC-100007. Please investigate and issue a refund if this is an error.,Urgent,Billing
TKT-11832,Product feedback and bug report,"The new team collaboration is great but it crashes when exporting to CSV on Windows 11. Error: TIMEOUT_408. Also, it would be useful to add API rate limits support.",Low,Technical
TKT-10850,Integration with third-party tool,Do you support integration with Slack? We use it heavily for customer onboarding and having a native connector would save us hours of manual data transfer each daily.,Medium,Product
TKT-11655,Integration with third-party tool,Do you support integration with Slack? We use it heavily for compliance reporting and having a native connector would save us hours of manual data transfer each weekly.,High,Product
TKT-11878,Charged for item I returned,I returned order #700147 on February 28 but I was charged $149.00 again. The monitor stand was sent back via ACH. Need a refund.,Medium,Billing
TKT-10232,Application crashes on startup,"After the latest update, the desktop app crashes immediately on launch. I'm running Windows 11 version 2.8.5. Error code: TIMEOUT_408. I've tried reinstalling but the issue persists.",Urgent,Technical
TKT-11170,Suggestion for UI improvement,The current layout of the workflow automation page requires too many clicks to accomplish basic tasks. Suggest adding a quick-action toolbar or keyboard shortcuts for power users.,Low,Product
TKT-10142,Data export failing,"When I try to export reports as CSV, the download starts but fails at about 60%. File size should be around 120MB. Using Safari on Windows 10.",Medium,Technical
TKT-10614,Return shipping label needed,I'd like to return order #700127 (laptop sleeve). It doesn't fit our requirements. Could you please email a prepaid return label to jdoe@acmecorp.com?,High,Shipping
TKT-11842,Can't access account after plan change,I upgraded to Professional yesterday and now I get TIMEOUT_408 when I try to log in. My email is maria.g@retailco.com. Was the upgrade processed correctly?,Medium,Account
TKT-11254,International shipping inquiry,I'm trying to place an order for delivery to Australia. Your website says shipping is unavailable for my region. Do you have plans to expand international shipping?,Low,Shipping
TKT-11169,Wrong item shipped,I ordered docking station but received headset instead. Order #700100. I need the correct item sent and a return label for the wrong one.,Medium,Shipping
TKT-11136,Duplicate charge,I was charged twice for the same transaction on February 28. The duplicate charge is $149.00. Please refund the extra charge to my credit card.,Low,Billing
TKT-10579,International shipping inquiry,I'm trying to place an order for delivery to Japan. Your website says shipping is unavailable for my region. Do you have plans to expand international shipping?,High,Shipping
TKT-10098,Cancel my subscription,I need to cancel my Enterprise subscription effective last Friday. Please confirm the cancellation and any remaining balance. Account holder: Alex Kim.,Medium,Account
TKT-11752,"Shipped to wrong address, need rebill",Order #700146 went to Seattle instead of Portland. I need it reshipped and the extra charge on my bank transfer reversed. Account AC-100015.,Low,Shipping
TKT-11000,Feature request: bulk import,"We'd love the ability to bulk import records via CSV upload. Currently we have to add entries one by one, which is impractical for our 500,000-record dataset.",Low,Product
TKT-10240,Onboarding guidance needed,We just signed up for the Growth plan with 10 users. Could you recommend the best way to onboard our team? We primarily need custom dashboards and white-label options.,Medium,Product
TKT-10999,International shipping inquiry,I'm trying to place an order for delivery to Australia. Your website says shipping is unavailable for my region. Do you have plans to expand international shipping?,Medium,Shipping
TKT-11729,Shipping delay affecting our project,Order #700114 with laptop sleeve was supposed to arrive yesterday. Our team can't proceed without it. Can we get an updated ETA? Also considering canceling if delayed further.,Low,Shipping
TKT-11417,Mobile app sync issues,Changes made in the mobile app on Android 13 aren't syncing to the web version. I've checked my internet connection and it's stable. App version 4.0.0.,High,Technical
TKT-11167,Report generation timeout,"Generating the monthly summary report times out after 45 seconds. The report covers 100,000 records. This worked fine last month with similar data volume.",Medium,Technical
TKT-10434,Wrong item shipped,I ordered docking station but received webcam instead. Order #700133. I need the correct item sent and a return label for the wrong one.,High,Shipping
TKT-10606,Duplicate charge,I was charged twice for the same transaction on March 10. The duplicate charge is $199.50. Please refund the extra charge to my bank transfer.,Medium,Billing
TKT-10946,Billing cycle change request,Can I switch my billing cycle from monthly to annual? I'd like to take advantage of the yearly discount for the Business plan.,Low,Billing
TKT-11394,Damaged package,My order #700119 arrived with significant damage to the packaging and the USB-C hub inside is broken. I've attached photos. Please send a replacement.,High,Shipping
TKT-10116,Incorrect charge on my account,I noticed a charge of $49.00 on my last statement that I don't recognize. My account number is AC-100041. Please investigate and issue a refund if this is an error.,Medium,Billing
TKT-10095,Documentation unclear,The docs for the advanced analytics API endpoint are missing examples for project management. I've spent 3 hours trying to figure out the correct request format. Can you provide a working example?,Low,Product
TKT-10078,Upgrade plan request,I'd like to upgrade from the Enterprise to the Professional plan. We currently have 25 users and need the additional features. What's the process?,Medium,Account
TKT-11182,Webhook delivery failures,We're not receiving webhooks at our endpoint since February 28. The webhook URL is correctly configured. Our server returns 200 OK but your dashboard shows delivery failures.,High,Technical
TKT-11760,Can't access account after plan change,I upgraded to Growth yesterday and now I get ERR_502 when I try to log in. My email is ops@startup.dev. Was the upgrade processed correctly?,Medium,Account
TKT-11671,Payment not reflected,I made a payment of $12.99 on last Monday via credit card but it still shows as outstanding on my account AC-100020. Can you confirm receipt?,Medium,Billing
TKT-11341,Need to update payment method,I'd like to update the credit card on file for account AC-100048. My current card ending in 3456 has expired.,Medium,Billing
TKT-11285,Suggestion for UI improvement,The current layout of the custom dashboards page requires too many clicks to accomplish basic tasks. Suggest adding a quick-action toolbar or keyboard shortcuts for power users.,Medium,Product
TKT-11226,Promo code not applied,I entered promo code LOYALTY10 during checkout but the discount wasn't applied. I was charged the full $149.00. Please adjust my bill.,Urgent,Billing
TKT-10033,Permission issue for team member,User admin@techfirm.io should have admin-level access but can only view dashboards. I've checked the role settings and they show 'Admin'. Please investigate.,Medium,Account
TKT-11081,Billing cycle change request,Can I switch my billing cycle from monthly to annual? I'd like to take advantage of the yearly discount for the Growth plan.,Medium,Billing
TKT-11432,Application crashes on startup,"After the latest update, the desktop app crashes immediately on launch. I'm running Ubuntu 22.04 version 4.0.0. Error code: RATE_LIMIT_429. I've tried reinstalling but the issue persists.",Low,Technical
TKT-11562,SSO login not working,Our team cannot log in via SSO since last Monday. We use OneLogin as our identity provider. Regular email/password login still works. Error message: 'SAML assertion expired'.,Medium,Technical
TKT-10525,Documentation unclear,The docs for the team collaboration API endpoint are missing examples for customer onboarding. I've spent 3 hours trying to figure out the correct request format. Can you provide a working example?,Urgent,Product
TKT-11631,Unexpected price increase,My monthly bill went from $349.00 to $129.95 without any prior notice. I'm on the Enterprise plan. Please explain this increase or revert it.,Medium,Billing
TKT-10050,Beta feature feedback,"I've been testing the new custom dashboards beta. Overall it's great, but I found 2 issues: the filter doesn't apply to grouped views, and export drops the last column.",Medium,Product
TKT-11225,How to set up automated reports,I'm trying to configure scheduled reports to be emailed to my team every monthly. I can't find this option in the Starter plan. Is it available or do I need to upgrade?,Medium,Product
TKT-11596,Payment not reflected,I made a payment of $49.00 on two days ago via ACH but it still shows as outstanding on my account AC-100027. Can you confirm receipt?,High,Billing
TKT-11797,Product feedback and bug report,"The new advanced analytics is great but it crashes when exporting to CSV on Ubuntu 22.04. Error: RATE_LIMIT_429. Also, it would be useful to add role-based access support.",Medium,Technical
TKT-10421,Request for invoice copy,Could you please send me a copy of my invoice for June? I need it for my expense report. Account AC-100010.,High,Billing
TKT-10805,Suggestion for UI improvement,The current layout of the advanced analytics page requires too many clicks to accomplish basic tasks. Suggest adding a quick-action toolbar or keyboard shortcuts for power users.,Medium,Product
TKT-10573,Cancel my subscription,I need to cancel my Professional subscription effective yesterday. Please confirm the cancellation and any remaining balance. Account holder: Alex Kim.,Low,Account
TKT-11268,Change account owner,We need to transfer account ownership from ops@startup.dev to team@retailco.com. Maria Garcia has left the company and Rachel Adams will be the new admin.,Low,Account
TKT-10262,Webhook delivery failures,We're not receiving webhooks at our endpoint since two days ago. The webhook URL is correctly configured. Our server returns 200 OK but your dashboard shows delivery failures.,High,Technical
TKT-10845,Beta feature feedback,"I've been testing the new workflow automation beta. Overall it's great, but I found 3 issues: the filter doesn't apply to grouped views, and export drops the last column.",Medium,Product
TKT-10204,Partial order received,Order #700118 was supposed to contain 4 items but only 1 arrived. Missing: laptop sleeve. The packing slip shows all items were included.,Urgent,Shipping
TKT-10626,Incorrect charge on my account,I noticed a charge of $349.00 on my last statement that I don't recognize. My account number is AC-100036. Please investigate and issue a refund if this is an error.,Low,Billing
TKT-10371,Incorrect charge on my account,I noticed a charge of $99.95 on my last statement that I don't recognize. My account number is AC-100028. Please investigate and issue a refund if this is an error.,Medium,Billing
TKT-11524,Order not received,My order #700146 was supposed to arrive by last Friday but I still haven't received it. Tracking number 1Z9999901 shows it's been in transit for 5 days.,Urgent,Shipping
TKT-11487,Mobile app sync issues,Changes made in the mobile app on Android 13 aren't syncing to the web version. I've checked my internet connection and it's stable. App version 3.1.0.,Low,Technical
TKT-11398,Account merger request,We have two separate accounts (admin@techfirm.io and jsmith@techfirm.io) that need to be merged. The backup@acmecorp.com account was created by mistake. Please consolidate under jdoe@acmecorp.com.,Urgent,Account
TKT-10329,Wrong item shipped,I ordered docking station but received phone charger instead. Order #700108. I need the correct item sent and a return label for the wrong one.,Low,Shipping
TKT-10189,Change shipping address,"I need to update the shipping address for order #700136 from Austin to Denver. The order hasn't shipped yet. New address: 456 Oak Ave, Floor 2.",Low,Shipping
TKT-10220,Suggestion for UI improvement,The current layout of the team collaboration page requires too many clicks to accomplish basic tasks. Suggest adding a quick-action toolbar or keyboard shortcuts for power users.,High,Product
TKT-10457,Webhook delivery failures,We're not receiving webhooks at our endpoint since last Monday. The webhook URL is correctly configured. Our server returns 200 OK but your dashboard shows delivery failures.,Medium,Technical
TKT-10370,Beta feature feedback,"I've been testing the new advanced analytics beta. Overall it's great, but I found 3 issues: the filter doesn't apply to grouped views, and export drops the last column.",Low,Product
TKT-10830,Suggestion for UI improvement,The current layout of the workflow automation page requires too many clicks to accomplish basic tasks. Suggest adding a quick-action toolbar or keyboard shortcuts for power users.,High,Product
TKT-11809,"Shipped to wrong address, need rebill",Order #700117 went to San Francisco instead of Los Angeles. I need it reshipped and the extra charge on my bank transfer reversed. Account AC-100028.,Low,Shipping
TKT-10612,SSO login not working,Our team cannot log in via SSO since last Monday. We use Okta as our identity provider. Regular email/password login still works. Error message: 'Identity provider returned invalid response'.,Urgent,Technical
TKT-10023,Account merger request,We have two separate accounts (admin@techfirm.io and cto@startup.dev) that need to be merged. The backup@acmecorp.com account was created by mistake. Please consolidate under ops@startup.dev.,Medium,Account
TKT-10876,Need to update payment method,I'd like to update the credit card on file for account AC-100032. My current card ending in 3456 has expired.,Medium,Billing
TKT-11069,Damaged package,My order #700111 arrived with significant damage to the packaging and the wireless keyboard inside is broken. I've attached photos. Please send a replacement.,Medium,Product
TKT-11566,Request for invoice copy,Could you please send me a copy of my invoice for February? I need it for my expense report. Account AC-100035.,Low,Billing
TKT-11388,Reset my password,I've been locked out of my account (maria.g@retailco.com) after too many failed login attempts. The password reset email isn't arriving. Can you manually reset it?,Medium,Account
TKT-10252,Webhook delivery failures,We're not receiving webhooks at our endpoint since February 28. The webhook URL is correctly configured. Our server returns 200 OK but your dashboard shows delivery failures.,Medium,Technical
TKT-11992,Question about my account,"Hi, I have some questions about my Enterprise plan. Can you explain the features and also why my bill is $149.00? Account maria.g@retailco.com.",Urgent,Account
TKT-11303,Reset my password,I've been locked out of my account (ops@startup.dev) after too many failed login attempts. The password reset email isn't arriving. Can you manually reset it?,Low,Account
TKT-10893,Account merger request,We have two separate accounts (jdoe@acmecorp.com and backup@acmecorp.com) that need to be merged. The backup@acmecorp.com account was created by mistake. Please consolidate under ops@startup.dev.,Medium,Account
TKT-10693,Upgrade plan request,I'd like to upgrade from the Business to the Growth plan. We currently have 5 users and need the additional features. What's the process?,Medium,Account
TKT-10155,Beta feature feedback,"I've been testing the new workflow automation beta. Overall it's great, but I found 4 issues: the filter doesn't apply to grouped views, and export drops the last column.",Medium,Product
TKT-10156,Promo code not applied,I entered promo code SPRING25 during checkout but the discount wasn't applied. I was charged the full $12.99. Please adjust my bill.,Medium,Billing
TKT-10424,Wrong item shipped,I ordered laptop sleeve but received mouse pad instead. Order #700111. I need the correct item sent and a return label for the wrong one.,Urgent,Shipping
TKT-10333,Permission issue for team member,User maria.g@retailco.com should have admin-level access but can only view dashboards. I've checked the role settings and they show 'Admin'. Please investigate.,Low,Account
TKT-10908,Reset my password,I've been locked out of my account (ops@startup.dev) after too many failed login attempts. The password reset email isn't arriving. Can you manually reset it?,High,Account
TKT-11812,Technical issue with billing portal,The billing page returns NULL_REF_500 on Firefox. I can't view or download invoices for account AC-100026. This has been happening since last Monday.,Low,Technical
TKT-11518,Upgrade plan request,I'd like to upgrade from the Professional to the Growth plan. We currently have 15 users and need the additional features. What's the process?,High,Account
TKT-11267,Report generation timeout,"Generating the monthly summary report times out after 90 seconds. The report covers 1,000,000 records. This worked fine last month with similar data volume.",Urgent,Technical
TKT-10292,Slow dashboard loading,"The analytics dashboard takes over 30 seconds to load. This happens in both Firefox and Edge. Other pages load normally. Our dataset has about 500,000 rows.",Medium,Technical
TKT-10449,Return shipping label needed,I'd like to return order #700134 (laptop sleeve). It doesn't fit our requirements. Could you please email a prepaid return label to admin@techfirm.io?,Medium,Shipping
TKT-11378,Account merger request,We have two separate accounts (jdoe@acmecorp.com and jsmith@techfirm.io) that need to be merged. The jsmith@techfirm.io account was created by mistake. Please consolidate under maria.g@retailco.com.,Medium,Account
TKT-10778,Reset my password,I've been locked out of my account (jdoe@acmecorp.com) after too many failed login attempts. The password reset email isn't arriving. Can you manually reset it?,Medium,Account
TKT-11599,Return shipping label needed,I'd like to return order #700105 (laptop sleeve). It doesn't fit our requirements. Could you please email a prepaid return label to maria.g@retailco.com?,High,Shipping
TKT-10766,Unexpected price increase,My monthly bill went from $75.00 to $79.00 without any prior notice. I'm on the Growth plan. Please explain this increase or revert it.,High,Billing
TKT-10902,Slow dashboard loading,"The analytics dashboard takes over 120 seconds to load. This happens in both Safari and Chrome. Other pages load normally. Our dataset has about 500,000 rows.",Low,Technical
TKT-10104,Partial order received,Order #700128 was supposed to contain 5 items but only 2 arrived. Missing: monitor stand. The packing slip shows all items were included.,High,Technical
TKT-11097,Application crashes on startup,"After the latest update, the desktop app crashes immediately on launch. I'm running Ubuntu 22.04 version 4.1.2. Error code: RATE_LIMIT_429. I've tried reinstalling but the issue persists.",Low,Shipping
TKT-11793,"Shipped to wrong address, need rebill",Order #700121 went to New York instead of Boston. I need it reshipped and the extra charge on my bank transfer reversed. Account AC-100027.,High,Shipping
TKT-11509,Return shipping label needed,I'd like to return order #700114 (docking station). It doesn't fit our requirements. Could you please email a prepaid return label to jdoe@acmecorp.com?,High,Shipping
TKT-10256,Need to update payment method,I'd like to update the credit card on file for account AC-100035. My current card ending in 5678 has expired.,Low,Billing
TKT-11192,Application crashes on startup,"After the latest update, the desktop app crashes immediately on launch. I'm running macOS Sonoma version 4.0.0. Error code: AUTH_401. I've tried reinstalling but the issue persists.",High,Technical
TKT-11937,Following up,I contacted you March 15 about a problem but haven't heard back. My ticket was about docking station and charges on my account. Reference AC-100011.,Medium,Billing
TKT-11594,Damaged package,My order #700115 arrived with significant damage to the packaging and the laptop sleeve inside is broken. I've attached photos. Please send a replacement.,Low,Shipping
TKT-10676,Duplicate charge,I was charged twice for the same transaction on March 10. The duplicate charge is $149.00. Please refund the extra charge to my wire transfer.,High,Billing
TKT-10492,Webhook delivery failures,We're not receiving webhooks at our endpoint since two days ago. The webhook URL is correctly configured. Our server returns 200 OK but your dashboard shows delivery failures.,High,Technical
TKT-10847,Slow dashboard loading,"The analytics dashboard takes over 90 seconds to load. This happens in both Safari and Chrome. Other pages load normally. Our dataset has about 1,000,000 rows.",High,Technical
TKT-11271,Incorrect charge on my account,I noticed a charge of $199.50 on my last statement that I don't recognize. My account number is AC-100031. Please investigate and issue a refund if this is an error.,Low,Billing
TKT-10917,Data export failing,"When I try to export reports as CSV, the download starts but fails at about 60%. File size should be around 120MB. Using Edge on Windows 10.",Urgent,Technical
TKT-10077,Mobile app sync issues,Changes made in the mobile app on Android 14 aren't syncing to the web version. I've checked my internet connection and it's stable. App version 2.8.5.,Low,Technical
TKT-11589,Request expedited shipping,Is it possible to upgrade order #700138 to expedited shipping? I need it by March 10. Happy to pay the difference.,Medium,Shipping
TKT-11514,Partial order received,Order #700142 was supposed to contain 4 items but only 1 arrived. Missing: docking station. The packing slip shows all items were included.,Urgent,Shipping
TKT-11586,Request for invoice copy,Could you please send me a copy of my invoice for July? I need it for my expense report. Account AC-100023.,Medium,Billing
TKT-11428,Add team members,I need to add 25 new users to our Starter plan. Their email addresses are attached. Please confirm if this affects our pricing.,Medium,Account
TKT-10723,Data deletion request,"Per our company policy, I'm requesting complete deletion of all data associated with account admin@techfirm.io. Please confirm when this is done and provide a confirmation reference.",Urgent,Account
TKT-11982,Urgent issue,Please call me back regarding my recent order and billing. Account ops@startup.dev. This needs immediate attention.,Medium,Billing
TKT-11762,"Shipped to wrong address, need rebill",Order #700147 went to Chicago instead of Portland. I need it reshipped and the extra charge on my bank transfer reversed. Account AC-100025.,Low,Shipping
TKT-11700,Documentation unclear,The docs for the team collaboration API endpoint are missing examples for lead tracking. I've spent 8 hours trying to figure out the correct request format. Can you provide a working example?,High,Product
TKT-11701,Product feedback and bug report,"The new custom dashboards is great but it crashes when exporting to CSV on Windows 10. Error: ERR_502. Also, it would be useful to add white-label options support.",Medium,Technical
TKT-11896,Charged for item I returned,I returned order #700110 on yesterday but I was charged $12.99 again. The monitor stand was sent back via bank transfer. Need a refund.,High,Billing
TKT-11667,SSO login not working,Our team cannot log in via SSO since March 1. We use Okta as our identity provider. Regular email/password login still works. Error message: 'Identity provider returned invalid response'.,High,Technical
TKT-11275,Onboarding guidance needed,We just signed up for the Business plan with 10 users. Could you recommend the best way to onboard our team? We primarily need advanced analytics and API rate limits.,Medium,Product
TKT-11098,Cancel my subscription,I need to cancel my Professional subscription effective March 10. Please confirm the cancellation and any remaining balance. Account holder: Alex Kim.,Urgent,Account
TKT-10383,Change account owner,We need to transfer account ownership from ops@startup.dev to team@retailco.com. John Doe has left the company and Miguel Torres will be the new admin.,Low,Account
TKT-10865,Beta feature feedback,"I've been testing the new custom dashboards beta. Overall it's great, but I found 3 issues: the filter doesn't apply to grouped views, and export drops the last column.",Medium,Product
TKT-11888,Technical issue with billing portal,The billing page returns TIMEOUT_408 on Safari. I can't view or download invoices for account AC-100028. This has been happening since last Friday.,Medium,Technical
TKT-10214,Damaged package,My order #700134 arrived with significant damage to the packaging and the monitor stand inside is broken. I've attached photos. Please send a replacement.,Medium,Shipping
TKT-10792,Application crashes on startup,"After the latest update, the desktop app crashes immediately on launch. I'm running macOS Ventura version 3.2.1. Error code: ERR_502. I've tried reinstalling but the issue persists.",High,Technical
TKT-10020,Onboarding guidance needed,We just signed up for the Enterprise plan with 25 users. Could you recommend the best way to onboard our team? We primarily need workflow automation and white-label options.,Low,Product
TKT-11722,Need to cancel and get refund,I want to cancel my Starter subscription and get a prorated refund for the remaining 7 days. Account jdoe@acmecorp.com. Please process ASAP.,High,Account
TKT-11107,Application crashes on startup,"After the latest update, the desktop app crashes immediately on launch. I'm running Ubuntu 22.04 version 4.0.0. Error code: AUTH_401. I've tried reinstalling but the issue persists.",High,Technical
TKT-10886,Request for invoice copy,Could you please send me a copy of my invoice for September? I need it for my expense report. Account AC-100000.,High,Billing
TKT-10684,International shipping inquiry,I'm trying to place an order for delivery to Brazil. Your website says shipping is unavailable for my region. Do you have plans to expand international shipping?,Medium,Shipping
TKT-11839,Need to cancel and get refund,I want to cancel my Starter subscription and get a prorated refund for the remaining 14 days. Account ops@startup.dev. Please process ASAP.,Medium,Account
TKT-10057,Data export failing,"When I try to export reports as CSV, the download starts but fails at about 60%. File size should be around 250MB. Using Chrome on macOS Ventura.",Medium,Technical
TKT-10414,Request expedited shipping,Is it possible to upgrade order #700120 to expedited shipping? I need it by two days ago. Happy to pay the difference.,High,Shipping
TKT-11737,Charged for item I returned,I returned order #700146 on last Monday but I was charged $29.99 again. The monitor stand was sent back via ACH. Need a refund.,Medium,Billing
TKT-11255,Comparison with competitor,"I'm evaluating your product against Freshdesk. Can you provide a comparison of features, especially around custom dashboards and role-based access? We're a 25-person company.",Low,Product
TKT-10403,Cancel my subscription,I need to cancel my Professional subscription effective two days ago. Please confirm the cancellation and any remaining balance. Account holder: Maria Garcia.,Medium,Account
TKT-11234,Damaged package,My order #700130 arrived with significant damage to the packaging and the laptop sleeve inside is broken. I've attached photos. Please send a replacement.,Low,Shipping
TKT-11591,Need to update payment method,I'd like to update the credit card on file for account AC-100046. My current card ending in 3456 has expired.,Low,Shipping
TKT-11353,Permission issue for team member,User admin@techfirm.io should have admin-level access but can only view dashboards. I've checked the role settings and they show 'Admin'. Please investigate.,Medium,Account
TKT-11898,Can't access account after plan change,I upgraded to Enterprise yesterday and now I get TIMEOUT_408 when I try to log in. My email is jdoe@acmecorp.com. Was the upgrade processed correctly?,High,Account
TKT-10323,Upgrade plan request,I'd like to upgrade from the Enterprise to the Premium plan. We currently have 50 users and need the additional features. What's the process?,Low,Account
TKT-11764,Wrong amount on subscription renewal,My Business plan renewed at $199.00 instead of $149.00. I didn't authorize any changes. Account AC-100040. Also the dashboard shows the old plan features.,Medium,Billing
TKT-11095,Beta feature feedback,"I've been testing the new team collaboration beta. Overall it's great, but I found 2 issues: the filter doesn't apply to grouped views, and export drops the last column.",Urgent,Product
TKT-11609,Order not received,My order #700107 was supposed to arrive by last Friday but I still haven't received it. Tracking number 1Z9999911 shows it's been in transit for 7 days.,High,Shipping
TKT-10149,Order not received,My order #700135 was supposed to arrive by two days ago but I still haven't received it. Tracking number 1Z9999944 shows it's been in transit for 7 days.,High,Shipping
TKT-11998,Need help,I have an issue with my account AC-100033. Something isn't working right. Can someone look into it?,Medium,Account
TKT-11252,Mobile app sync issues,Changes made in the mobile app on Android 13 aren't syncing to the web version. I've checked my internet connection and it's stable. App version 3.1.0.,Medium,Technical
TKT-11834,Charged for item I returned,I returned order #700124 on last Monday but I was charged $349.00 again. The USB-C hub was sent back via credit card. Need a refund.,High,Billing
TKT-11086,Payment not reflected,I made a payment of $199.50 on March 10 via PayPal but it still shows as outstanding on my account AC-100014. Can you confirm receipt?,Medium,Billing
TKT-10235,Comparison with competitor,"I'm evaluating your product against Freshdesk. Can you provide a comparison of features, especially around advanced analytics and API rate limits? We're a 25-person company.",High,Product
TKT-10276,Need to update payment method,I'd like to update the credit card on file for account AC-100010. My current card ending in 3456 has expired.,Medium,Billing
TKT-10427,Application crashes on startup,"After the latest update, the desktop app crashes immediately on launch. I'm running Ubuntu 22.04 version 2.8.5. Error code: TIMEOUT_408. I've tried reinstalling but the issue persists.",Low,Technical
TKT-11212,SSO login not working,Our team cannot log in via SSO since March 10. We use Google Workspace as our identity provider. Regular email/password login still works. Error message: 'SAML assertion expired'.,Medium,Product
TKT-10486,Payment not reflected,I made a payment of $29.99 on last Monday via wire transfer but it still shows as outstanding on my account AC-100029. Can you confirm receipt?,Medium,Billing
TKT-11241,Incorrect charge on my account,I noticed a charge of $49.00 on my last statement that I don't recognize. My account number is AC-100013. Please investigate and issue a refund if this is an error.,High,Billing
TKT-11421,Duplicate charge,I was charged twice for the same transaction on March 1. The duplicate charge is $99.95. Please refund the extra charge to my wire transfer.,Medium,Billing
TKT-11100,Comparison with competitor,"I'm evaluating your product against Freshdesk. Can you provide a comparison of features, especially around advanced analytics and role-based access? We're a 500-person company.",Medium,Product
TKT-11863,Can't access account after plan change,I upgraded to Growth yesterday and now I get ERR_502 when I try to log in. My email is jdoe@acmecorp.com. Was the upgrade processed correctly?,Medium,Account
TKT-11921,Question about my account,"Hi, I have some questions about my Professional plan. Can you explain the features and also why my bill is $349.00? Account ops@startup.dev.",Medium,Shipping
TKT-10176,Duplicate charge,I was charged twice for the same transaction on yesterday. The duplicate charge is $49.00. Please refund the extra charge to my ACH.,Urgent,Billing
TKT-10406,Billing cycle change request,Can I switch my billing cycle from monthly to annual? I'd like to take advantage of the yearly discount for the Enterprise plan.,High,Billing
TKT-11337,SSO login not working,Our team cannot log in via SSO since last Friday. We use OneLogin as our identity provider. Regular email/password login still works. Error message: 'SAML assertion expired'.,Urgent,Technical
TKT-11128,Account merger request,We have two separate accounts (jdoe@acmecorp.com and cto@startup.dev) that need to be merged. The jsmith@techfirm.io account was created by mistake. Please consolidate under ops@startup.dev.,Medium,Account
TKT-11884,Need to cancel and get refund,I want to cancel my Business subscription and get a prorated refund for the remaining 10 days. Account maria.g@retailco.com. Please process ASAP.,High,Account
TKT-11287,Data export failing,"When I try to export reports as CSV, the download starts but fails at about 60%. File size should be around 50MB. Using Safari on macOS Sonoma.",Medium,Technical
TKT-10585,Beta feature feedback,"I've been testing the new workflow automation beta. Overall it's great, but I found 3 issues: the filter doesn't apply to grouped views, and export drops the last column.",High,Product
TKT-10914,Damaged package,My order #700136 arrived with significant damage to the packaging and the docking station inside is broken. I've attached photos. Please send a replacement.,High,Shipping
TKT-10625,How to set up automated reports,I'm trying to configure scheduled reports to be emailed to my team every monthly. I can't find this option in the Enterprise plan. Is it available or do I need to upgrade?,Medium,Product
TKT-10720,Feature request: bulk import,"We'd love the ability to bulk import records via CSV upload. Currently we have to add entries one by one, which is impractical for our 1,000,000-record dataset.",Medium,Product
TKT-10106,Unexpected price increase,My monthly bill went from $199.50 to $129.95 without any prior notice. I'm on the Business plan. Please explain this increase or revert it.,Urgent,Billing
TKT-11117,Application crashes on startup,"After the latest update, the desktop app crashes immediately on launch. I'm running Windows 11 version 3.1.0. Error code: AUTH_401. I've tried reinstalling but the issue persists.",High,Technical
TKT-10544,Partial order received,Order #700113 was supposed to contain 6 items but only 3 arrived. Missing: laptop sleeve. The packing slip shows all items were included.,Low,Shipping
TKT-10328,Change account owner,We need to transfer account ownership from maria.g@retailco.com to backup@acmecorp.com. Maria Garcia has left the company and Lisa Wang will be the new admin.,Medium,Account
TKT-11329,Damaged package,My order #700120 arrived with significant damage to the packaging and the USB-C hub inside is broken. I've attached photos. Please send a replacement.,High,Shipping
TKT-10831,Promo code not applied,I entered promo code SPRING25 during checkout but the discount wasn't applied. I was charged the full $75.00. Please adjust my bill.,High,Billing
TKT-10875,Suggestion for UI improvement,The current layout of the custom dashboards page requires too many clicks to accomplish basic tasks. Suggest adding a quick-action toolbar or keyboard shortcuts for power users.,Urgent,Product
TKT-10219,Order not received,My order #700116 was supposed to arrive by March 15 but I still haven't received it. Tracking number 1Z9999929 shows it's been in transit for 10 days.,High,Shipping
TKT-11731,Product feedback and bug report,"The new custom dashboards is great but it crashes when exporting to CSV on Ubuntu 22.04. Error: RATE_LIMIT_429. Also, it would be useful to add audit logging support.",Low,Technical
TKT-11666,Payment not reflected,I made a payment of $29.99 on March 10 via wire transfer but it still shows as outstanding on my account AC-100037. Can you confirm receipt?,Medium,Billing
TKT-11083,Change account owner,We need to transfer account ownership from maria.g@retailco.com to cto@startup.dev. Alex Kim has left the company and Rachel Adams will be the new admin.,High,Account
TKT-11523,Account merger request,We have two separate accounts (jdoe@acmecorp.com and team@retailco.com) that need to be merged. The team@retailco.com account was created by mistake. Please consolidate under admin@techfirm.io.,High,Account
TKT-11393,Permission issue for team member,User ops@startup.dev should have admin-level access but can only view dashboards. I've checked the role settings and they show 'Admin'. Please investigate.,Medium,Account
TKT-11883,Charged for item I returned,I returned order #700124 on two days ago but I was charged $349.00 again. The laptop sleeve was sent back via PayPal. Need a refund.,High,Billing
TKT-11013,Reset my password,I've been locked out of my account (admin@techfirm.io) after too many failed login attempts. The password reset email isn't arriving. Can you manually reset it?,High,Account
TKT-11677,Mobile app sync issues,Changes made in the mobile app on Android 13 aren't syncing to the web version. I've checked my internet connection and it's stable. App version 3.1.0.,High,Technical
TKT-10097,Cannot connect to API,Our integration is returning NULL_REF_500 errors when calling the /v2/data endpoint. This started around 4:45 PM GMT today. API key is still valid. Please check server-side logs.,Urgent,Technical
TKT-10312,Cannot connect to API,Our integration is returning AUTH_401 errors when calling the /v2/data endpoint. This started around 9:30 AM EST today. API key is still valid. Please check server-side logs.,High,Technical
TKT-10443,Upgrade plan request,I'd like to upgrade from the Growth to the Professional plan. We currently have 5 users and need the additional features. What's the process?,Urgent,Account
TKT-10068,Add team members,I need to add 50 new users to our Enterprise plan. Their email addresses are attached. Please confirm if this affects our pricing.,Medium,Account
TKT-10184,Partial order received,Order #700115 was supposed to contain 6 items but only 2 arrived. Missing: laptop sleeve. The packing slip shows all items were included.,Low,Shipping
TKT-10168,Reset my password,I've been locked out of my account (maria.g@retailco.com) after too many failed login attempts. The password reset email isn't arriving. Can you manually reset it?,Medium,Account
TKT-10508,Data deletion request,"Per our company policy, I'm requesting complete deletion of all data associated with account jdoe@acmecorp.com. Please confirm when this is done and provide a confirmation reference.",High,Account
TKT-11126,Billing cycle change request,Can I switch my billing cycle from monthly to annual? I'd like to take advantage of the yearly discount for the Starter plan.,Urgent,Billing
TKT-11774,Technical issue with billing portal,The billing page returns TIMEOUT_408 on Safari. I can't view or download invoices for account AC-100015. This has been happening since March 10.,High,Technical
TKT-10736,Duplicate charge,I was charged twice for the same transaction on two days ago. The duplicate charge is $199.50. Please refund the extra charge to my ACH.,Urgent,Billing
TKT-11191,Need to update payment method,I'd like to update the credit card on file for account AC-100025. My current card ending in 3456 has expired.,High,Billing
TKT-11381,Billing cycle change request,Can I switch my billing cycle from monthly to annual? I'd like to take advantage of the yearly discount for the Business plan.,Low,Billing
TKT-11463,Account merger request,We have two separate accounts (ops@startup.dev and team@retailco.com) that need to be merged. The team@retailco.com account was created by mistake. Please consolidate under jdoe@acmecorp.com.,Low,Account
TKT-11486,Request for invoice copy,Could you please send me a copy of my invoice for July? I need it for my expense report. Account AC-100028.,Medium,Billing
TKT-10867,Application crashes on startup,"After the latest update, the desktop app crashes immediately on launch. I'm running Ubuntu 22.04 version 3.1.0. Error code: TIMEOUT_408. I've tried reinstalling but the issue persists.",Low,Technical
TKT-10641,Billing cycle change request,Can I switch my billing cycle from monthly to annual? I'd like to take advantage of the yearly discount for the Business plan.,Low,Billing
TKT-10813,Permission issue for team member,User ops@startup.dev should have admin-level access but can only view dashboards. I've checked the role settings and they show 'Admin'. Please investigate.,High,Account
TKT-10516,Request for invoice copy,Could you please send me a copy of my invoice for December? I need it for my expense report. Account AC-100035.,Urgent,Billing
TKT-10575,Integration with third-party tool,Do you support integration with Google Sheets? We use it heavily for customer onboarding and having a native connector would save us hours of manual data transfer each daily.,Medium,Product
TKT-10890,Onboarding guidance needed,We just signed up for the Enterprise plan with 25 users. Could you recommend the best way to onboard our team? We primarily need custom dashboards and audit logging.,Low,Product
TKT-11480,Integration with third-party tool,Do you support integration with Jira? We use it heavily for customer onboarding and having a native connector would save us hours of manual data transfer each daily.,High,Product
TKT-10255,Documentation unclear,The docs for the workflow automation API endpoint are missing examples for compliance reporting. I've spent 3 hours trying to figure out the correct request format. Can you provide a working example?,High,Product
TKT-10545,Onboarding guidance needed,We just signed up for the Business plan with 5 users. Could you recommend the best way to onboard our team? We primarily need advanced analytics and role-based access.,High,Product
TKT-10913,Cancel my subscription,I need to cancel my Growth subscription effective February 28. Please confirm the cancellation and any remaining balance. Account holder: Sarah Chen.,Medium,Account
TKT-10307,SSO login not working,Our team cannot log in via SSO since last Friday. We use Azure AD as our identity provider. Regular email/password login still works. Error message: 'SAML assertion expired'.,Medium,Technical
TKT-11436,Request for invoice copy,Could you please send me a copy of my invoice for September? I need it for my expense report. Account AC-100012.,High,Billing
TKT-10291,Need to update payment method,I'd like to update the credit card on file for account AC-100045. My current card ending in 4242 has expired.,Medium,Billing
TKT-11173,Account merger request,We have two separate accounts (admin@techfirm.io and team@retailco.com) that need to be merged. The jsmith@techfirm.io account was created by mistake. Please consolidate under ops@startup.dev.,High,Account
TKT-11767,Shipping delay affecting our project,Order #700111 with USB-C hub was supposed to arrive March 10. Our team can't proceed without it. Can we get an updated ETA? Also considering canceling if delayed further.,Low,Shipping
TKT-11663,Add team members,I need to add 5 new users to our Starter plan. Their email addresses are attached. Please confirm if this affects our pricing.,Medium,Account
TKT-11823,Can't access account after plan change,I upgraded to Premium yesterday and now I get NULL_REF_500 when I try to log in. My email is admin@techfirm.io. Was the upgrade processed correctly?,Low,Account
TKT-11617,Cannot connect to API,Our integration is returning TIMEOUT_408 errors when calling the /v2/data endpoint. This started around 2:15 PM UTC today. API key is still valid. Please check server-side logs.,Low,Technical
TKT-11503,Data deletion request,"Per our company policy, I'm requesting complete deletion of all data associated with account ops@startup.dev. Please confirm when this is done and provide a confirmation reference.",Medium,Account
TKT-10505,Beta feature feedback,"I've been testing the new advanced analytics beta. Overall it's great, but I found 2 issues: the filter doesn't apply to grouped views, and export drops the last column.",High,Product
TKT-10782,Report generation timeout,"Generating the monthly summary report times out after 90 seconds. The report covers 50,000 records. This worked fine last month with similar data volume.",Low,Technical
TKT-11385,Onboarding guidance needed,We just signed up for the Starter plan with 5 users. Could you recommend the best way to onboard our team? We primarily need team collaboration and API rate limits.,Medium,Product
TKT-11366,Incorrect charge on my account,I noticed a charge of $12.99 on my last statement that I don't recognize. My account number is AC-100013. Please investigate and issue a refund if this is an error.,Low,Billing
TKT-10258,Add team members,I need to add 5 new users to our Professional plan. Their email addresses are attached. Please confirm if this affects our pricing.,Medium,Account
TKT-11726,Wrong amount on subscription renewal,My Starter plan renewed at $59.99 instead of $349.00. I didn't authorize any changes. Account AC-100023. Also the dashboard shows the old plan features.,Urgent,Billing
TKT-11835,Technical issue with billing portal,The billing page returns RATE_LIMIT_429 on Safari. I can't view or download invoices for account AC-100002. This has been happening since March 15.,Urgent,Technical
TKT-11577,Report generation timeout,"Generating the monthly summary report times out after 45 seconds. The report covers 1,000,000 records. This worked fine last month with similar data volume.",Urgent,Technical
TKT-11066,Promo code not applied,I entered promo code ANNUAL30 during checkout but the discount wasn't applied. I was charged the full $99.95. Please adjust my bill.,High,Billing
TKT-10724,Damaged package,My order #700138 arrived with significant damage to the packaging and the monitor stand inside is broken. I've attached photos. Please send a replacement.,Medium,Shipping
TKT-11595,Documentation unclear,The docs for the workflow automation API endpoint are missing examples for compliance reporting. I've spent 5 hours trying to figure out the correct request format. Can you provide a working example?,Medium,Product
TKT-11922,Urgent issue,Please call me back regarding my recent order and billing. Account admin@techfirm.io. This needs immediate attention.,Medium,Billing
TKT-11352,Report generation timeout,"Generating the monthly summary report times out after 30 seconds. The report covers 500,000 records. This worked fine last month with similar data volume.",Low,Technical
TKT-11099,Wrong item shipped,I ordered USB-C hub but received webcam instead. Order #700118. I need the correct item sent and a return label for the wrong one.,High,Shipping
TKT-11540,Suggestion for UI improvement,The current layout of the advanced analytics page requires too many clicks to accomplish basic tasks. Suggest adding a quick-action toolbar or keyboard shortcuts for power users.,Low,Product
TKT-11485,Feature request: bulk import,"We'd love the ability to bulk import records via CSV upload. Currently we have to add entries one by one, which is impractical for our 500,000-record dataset.",Urgent,Product
TKT-10010,Feature request: bulk import,"We'd love the ability to bulk import records via CSV upload. Currently we have to add entries one by one, which is impractical for our 500,000-record dataset.",Medium,Product
TKT-11917,Following up,I contacted you March 1 about a problem but haven't heard back. My ticket was about laptop sleeve and charges on my account. Reference AC-100022.,High,Billing
TKT-11625,Suggestion for UI improvement,The current layout of the custom dashboards page requires too many clicks to accomplish basic tasks. Suggest adding a quick-action toolbar or keyboard shortcuts for power users.,Medium,Product
TKT-11938,Need help,I have an issue with my account AC-100025. Something isn't working right. Can someone look into it?,Medium,Account
TKT-10613,Data deletion request,"Per our company policy, I'm requesting complete deletion of all data associated with account maria.g@retailco.com. Please confirm when this is done and provide a confirmation reference.",High,Account
TKT-11396,Incorrect charge on my account,I noticed a charge of $99.95 on my last statement that I don't recognize. My account number is AC-100022. Please investigate and issue a refund if this is an error.,Medium,Billing
TKT-10604,International shipping inquiry,I'm trying to place an order for delivery to Japan. Your website says shipping is unavailable for my region. Do you have plans to expand international shipping?,Medium,Shipping
TKT-11852,Product feedback and bug report,"The new team collaboration is great but it crashes when exporting to CSV on Ubuntu 22.04. Error: TIMEOUT_408. Also, it would be useful to add API rate limits support.",Medium,Technical
TKT-11310,Beta feature feedback,"I've been testing the new custom dashboards beta. Overall it's great, but I found 4 issues: the filter doesn't apply to grouped views, and export drops the last column.",Urgent,Product
TKT-10203,Add team members,I need to add 25 new users to our Business plan. Their email addresses are attached. Please confirm if this affects our pricing.,High,Shipping
TKT-10488,Data deletion request,"Per our company policy, I'm requesting complete deletion of all data associated with account jdoe@acmecorp.com. Please confirm when this is done and provide a confirmation reference.",Low,Account
TKT-10086,Incorrect charge on my account,I noticed a charge of $12.99 on my last statement that I don't recognize. My account number is AC-100000. Please investigate and issue a refund if this is an error.,Medium,Billing
TKT-11134,Damaged package,My order #700146 arrived with significant damage to the packaging and the wireless keyboard inside is broken. I've attached photos. Please send a replacement.,High,Shipping
TKT-10120,Onboarding guidance needed,We just signed up for the Starter plan with 50 users. Could you recommend the best way to onboard our team? We primarily need custom dashboards and white-label options.,Medium,Product
TKT-10490,Beta feature feedback,"I've been testing the new workflow automation beta. Overall it's great, but I found 2 issues: the filter doesn't apply to grouped views, and export drops the last column.",Urgent,Product
TKT-10803,Permission issue for team member,User admin@techfirm.io should have admin-level access but can only view dashboards. I've checked the role settings and they show 'Admin'. Please investigate.,Urgent,Account
TKT-11208,Account merger request,We have two separate accounts (jdoe@acmecorp.com and jsmith@techfirm.io) that need to be merged. The jsmith@techfirm.io account was created by mistake. Please consolidate under jdoe@acmecorp.com.,Medium,Account
TKT-11742,"Shipped to wrong address, need rebill",Order #700115 went to Chicago instead of Los Angeles. I need it reshipped and the extra charge on my PayPal reversed. Account AC-100033.,High,Shipping
TKT-11348,Cancel my subscription,I need to cancel my Enterprise subscription effective yesterday. Please confirm the cancellation and any remaining balance. Account holder: Alex Kim.,Low,Account
TKT-10053,Permission issue for team member,User admin@techfirm.io should have admin-level access but can only view dashboards. I've checked the role settings and they show 'Admin'. Please investigate.,Low,Account
TKT-11915,Unhappy customer,"I've been having nothing but problems. The team collaboration doesn't work, I was overcharged $199.50, and my last order #700142 never arrived. Please fix all of this.",Urgent,Product
TKT-11163,Permission issue for team member,User maria.g@retailco.com should have admin-level access but can only view dashboards. I've checked the role settings and they show 'Admin'. Please investigate.,High,Account
TKT-11967,Question about my account,"Hi, I have some questions about my Business plan. Can you explain the features and also why my bill is $199.50? Account jdoe@acmecorp.com.",Urgent,Account
TKT-11986,Urgent issue,Please call me back regarding my recent order and billing. Account admin@techfirm.io. This needs immediate attention.,Low,Billing
TKT-10596,Request for invoice copy,Could you please send me a copy of my invoice for July? I need it for my expense report. Account AC-100044.,Low,Billing
TKT-10600,Comparison with competitor,"I'm evaluating your product against Zendesk. Can you provide a comparison of features, especially around custom dashboards and API rate limits? We're a 500-person company.",Medium,Product
TKT-10250,Integration with third-party tool,Do you support integration with Jira? We use it heavily for compliance reporting and having a native connector would save us hours of manual data transfer each Monday morning.,Low,Product
TKT-11045,Documentation unclear,The docs for the team collaboration API endpoint are missing examples for lead tracking. I've spent 8 hours trying to figure out the correct request format. Can you provide a working example?,High,Product
TKT-11615,Onboarding guidance needed,We just signed up for the Enterprise plan with 50 users. Could you recommend the best way to onboard our team? We primarily need team collaboration and white-label options.,High,Product
TKT-11910,Question about my account,"Hi, I have some questions about my Starter plan. Can you explain the features and also why my bill is $199.50? Account ops@startup.dev.",High,Account
TKT-11539,Change shipping address,"I need to update the shipping address for order #700128 from Austin to Los Angeles. The order hasn't shipped yet. New address: 456 Oak Ave, Floor 2.",Urgent,Shipping
TKT-11707,Need to cancel and get refund,I want to cancel my Business subscription and get a prorated refund for the remaining 14 days. Account jdoe@acmecorp.com. Please process ASAP.,Low,Account
TKT-11016,Promo code not applied,I entered promo code ANNUAL30 during checkout but the discount wasn't applied. I was charged the full $29.99. Please adjust my bill.,Low,Billing
TKT-10066,Request for invoice copy,Could you please send me a copy of my invoice for December? I need it for my expense report. Account AC-100035.,Low,Billing
TKT-11968,Urgent issue,Please call me back regarding my recent order and billing. Account maria.g@retailco.com. This needs immediate attention.,Urgent,Billing
TKT-10195,Beta feature feedback,"I've been testing the new advanced analytics beta. Overall it's great, but I found 4 issues: the filter doesn't apply to grouped views, and export drops the last column.",High,Product
TKT-11963,Following up,I contacted you February 28 about a problem but haven't heard back. My ticket was about USB-C hub and charges on my account. Reference AC-100017.,Low,Billing
TKT-10809,Damaged package,My order #700121 arrived with significant damage to the packaging and the monitor stand inside is broken. I've attached photos. Please send a replacement.,Urgent,Shipping
TKT-10566,Duplicate charge,I was charged twice for the same transaction on February 28. The duplicate charge is $349.00. Please refund the extra charge to my wire transfer.,High,Billing
TKT-10273,Reset my password,I've been locked out of my account (ops@startup.dev) after too many failed login attempts. The password reset email isn't arriving. Can you manually reset it?,Low,Account
TKT-11343,Upgrade plan request,I'd like to upgrade from the Professional to the Growth plan. We currently have 25 users and need the additional features. What's the process?,Low,Account
TKT-11528,Upgrade plan request,I'd like to upgrade from the Growth to the Premium plan. We currently have 50 users and need the additional features. What's the process?,Medium,Account
TKT-11323,Reset my password,I've been locked out of my account (ops@startup.dev) after too many failed login attempts. The password reset email isn't arriving. Can you manually reset it?,Urgent,Account
TKT-10468,Data deletion request,"Per our company policy, I'm requesting complete deletion of all data associated with account jdoe@acmecorp.com. Please confirm when this is done and provide a confirmation reference.",Urgent,Account
TKT-11836,Product feedback and bug report,"The new advanced analytics is great but it crashes when exporting to CSV on macOS Ventura. Error: NULL_REF_500. Also, it would be useful to add role-based access support.",High,Technical
TKT-10982,Cannot connect to API,Our integration is returning ERR_502 errors when calling the /v2/data endpoint. This started around 9:30 AM EST today. API key is still valid. Please check server-side logs.,High,Account
TKT-11678,Data deletion request,"Per our company policy, I'm requesting complete deletion of all data associated with account admin@techfirm.io. Please confirm when this is done and provide a confirmation reference.",Low,Account
TKT-10904,Damaged package,My order #700143 arrived with significant damage to the packaging and the monitor stand inside is broken. I've attached photos. Please send a replacement.,Urgent,Shipping
TKT-10667,Data export failing,"When I try to export reports as CSV, the download starts but fails at about 60%. File size should be around 50MB. Using Safari on Ubuntu 22.04.",Medium,Technical
TKT-11790,Technical issue with billing portal,The billing page returns AUTH_401 on Safari. I can't view or download invoices for account AC-100025. This has been happening since March 1.,High,Technical
TKT-11733,Wrong amount on subscription renewal,My Starter plan renewed at $79.00 instead of $199.50. I didn't authorize any changes. Account AC-100036. Also the dashboard shows the old plan features.,Urgent,Billing
TKT-11965,Need help,I have an issue with my account AC-100011. Something isn't working right. Can someone look into it?,Medium,Account
TKT-10263,Upgrade plan request,I'd like to upgrade from the Starter to the Business plan. We currently have 10 users and need the additional features. What's the process?,High,Account
TKT-10903,Change account owner,We need to transfer account ownership from admin@techfirm.io to jsmith@techfirm.io. Alex Kim has left the company and Rachel Adams will be the new admin.,High,Account
TKT-10254,Order not received,My order #700118 was supposed to arrive by two days ago but I still haven't received it. Tracking number 1Z9999922 shows it's been in transit for 5 days.,Medium,Shipping
TKT-11277,Slow dashboard loading,"The analytics dashboard takes over 90 seconds to load. This happens in both Edge and Edge. Other pages load normally. Our dataset has about 100,000 rows.",High,Account
TKT-10581,Duplicate charge,I was charged twice for the same transaction on March 1. The duplicate charge is $12.99. Please refund the extra charge to my ACH.,Low,Billing
TKT-10458,Account merger request,We have two separate accounts (admin@techfirm.io and cto@startup.dev) that need to be merged. The team@retailco.com account was created by mistake. Please consolidate under maria.g@retailco.com.,Low,Account
TKT-10058,Reset my password,I've been locked out of my account (jdoe@acmecorp.com) after too many failed login attempts. The password reset email isn't arriving. Can you manually reset it?,Medium,Account
TKT-11233,Data deletion request,"Per our company policy, I'm requesting complete deletion of all data associated with account admin@techfirm.io. Please confirm when this is done and provide a confirmation reference.",High,Account
TKT-10966,Incorrect charge on my account,I noticed a charge of $49.00 on my last statement that I don't recognize. My account number is AC-100005. Please investigate and issue a refund if this is an error.,Medium,Billing
TKT-11956,Following up,I contacted you March 1 about a problem but haven't heard back. My ticket was about USB-C hub and charges on my account. Reference AC-100034.,Medium,Billing
TKT-11220,Feature request: bulk import,"We'd love the ability to bulk import records via CSV upload. Currently we have to add entries one by one, which is impractical for our 100,000-record dataset.",Low,Product
TKT-11156,Promo code not applied,I entered promo code ANNUAL30 during checkout but the discount wasn't applied. I was charged the full $149.00. Please adjust my bill.,Urgent,Billing
TKT-11824,Charged for item I returned,I returned order #700143 on two days ago but I was charged $99.95 again. The laptop sleeve was sent back via PayPal. Need a refund.,Low,Billing
TKT-11642,Data export failing,"When I try to export reports as CSV, the download starts but fails at about 60%. File size should be around 250MB. Using Safari on Ubuntu 22.04.",High,Technical
TKT-11647,Slow dashboard loading,"The analytics dashboard takes over 30 seconds to load. This happens in both Firefox and Chrome. Other pages load normally. Our dataset has about 100,000 rows.",High,Technical
TKT-11419,International shipping inquiry,I'm trying to place an order for delivery to Brazil. Your website says shipping is unavailable for my region. Do you have plans to expand international shipping?,Urgent,Shipping
TKT-10102,Report generation timeout,"Generating the monthly summary report times out after 120 seconds. The report covers 1,000,000 records. This worked fine last month with similar data volume.",Medium,Technical
TKT-11906,Need help,I have an issue with my account AC-100034. Something isn't working right. Can someone look into it?,Urgent,Account
TKT-11498,Cancel my subscription,I need to cancel my Professional subscription effective two days ago. Please confirm the cancellation and any remaining balance. Account holder: John Doe.,Urgent,Account
TKT-11638,Reset my password,I've been locked out of my account (jdoe@acmecorp.com) after too many failed login attempts. The password reset email isn't arriving. Can you manually reset it?,Medium,Account
TKT-11959,Following up,I contacted you March 1 about a problem but haven't heard back. My ticket was about laptop sleeve and charges on my account. Reference AC-100001.,Urgent,Billing
TKT-11929,Unhappy customer,"I've been having nothing but problems. The team collaboration doesn't work, I was overcharged $199.50, and my last order #700144 never arrived. Please fix all of this.",Medium,Product
TKT-11392,Mobile app sync issues,Changes made in the mobile app on iOS 16 aren't syncing to the web version. I've checked my internet connection and it's stable. App version 2.8.5.,Medium,Technical
TKT-10760,Suggestion for UI improvement,The current layout of the advanced analytics page requires too many clicks to accomplish basic tasks. Suggest adding a quick-action toolbar or keyboard shortcuts for power users.,High,Product
TKT-11575,Suggestion for UI improvement,The current layout of the advanced analytics page requires too many clicks to accomplish basic tasks. Suggest adding a quick-action toolbar or keyboard shortcuts for power users.,High,Product
TKT-10537,Webhook delivery failures,We're not receiving webhooks at our endpoint since February 28. The webhook URL is correctly configured. Our server returns 200 OK but your dashboard shows delivery failures.,High,Technical
TKT-11406,Promo code not applied,I entered promo code SPRING25 during checkout but the discount wasn't applied. I was charged the full $49.00. Please adjust my bill.,High,Billing
TKT-10929,Partial order received,Order #700143 was supposed to contain 6 items but only 4 arrived. Missing: USB-C hub. The packing slip shows all items were included.,Medium,Shipping
TKT-11274,Wrong item shipped,I ordered docking station but received HDMI cable instead. Order #700137. I need the correct item sent and a return label for the wrong one.,High,Shipping
TKT-11151,Billing cycle change request,Can I switch my billing cycle from monthly to annual? I'd like to take advantage of the yearly discount for the Business plan.,High,Billing
TKT-11008,Change account owner,We need to transfer account ownership from ops@startup.dev to cto@startup.dev. John Doe has left the company and Lisa Wang will be the new admin.,Low,Account
TKT-10511,Request for invoice copy,Could you please send me a copy of my invoice for January? I need it for my expense report. Account AC-100019.,Medium,Billing
TKT-11077,Mobile app sync issues,Changes made in the mobile app on Android 14 aren't syncing to the web version. I've checked my internet connection and it's stable. App version 4.0.0.,Medium,Technical
TKT-11387,Slow dashboard loading,"The analytics dashboard takes over 90 seconds to load. This happens in both Firefox and Safari. Other pages load normally. Our dataset has about 1,000,000 rows.",Urgent,Technical
TKT-11190,Feature request: bulk import,"We'd love the ability to bulk import records via CSV upload. Currently we have to add entries one by one, which is impractical for our 50,000-record dataset.",High,Product
TKT-10123,Account merger request,We have two separate accounts (ops@startup.dev and backup@acmecorp.com) that need to be merged. The jsmith@techfirm.io account was created by mistake. Please consolidate under ops@startup.dev.,High,Account
TKT-10747,Data export failing,"When I try to export reports as CSV, the download starts but fails at about 60%. File size should be around 120MB. Using Edge on macOS Ventura.",Medium,Technical
TKT-11344,Order not received,My order #700103 was supposed to arrive by yesterday but I still haven't received it. Tracking number 1Z9999918 shows it's been in transit for 7 days.,Medium,Shipping
TKT-10624,Return shipping label needed,I'd like to return order #700117 (docking station). It doesn't fit our requirements. Could you please email a prepaid return label to jdoe@acmecorp.com?,Medium,Shipping
TKT-10285,Onboarding guidance needed,We just signed up for the Enterprise plan with 15 users. Could you recommend the best way to onboard our team? We primarily need advanced analytics and role-based access.,Medium,Shipping
TKT-10154,Request expedited shipping,Is it possible to upgrade order #700105 to expedited shipping? I need it by last Monday. Happy to pay the difference.,Low,Shipping
TKT-10230,Integration with third-party tool,Do you support integration with Slack? We use it heavily for compliance reporting and having a native connector would save us hours of manual data transfer each bi-weekly.,Low,Product
TKT-11198,Account merger request,We have two separate accounts (maria.g@retailco.com and backup@acmecorp.com) that need to be merged. The team@retailco.com account was created by mistake. Please consolidate under ops@startup.dev.,High,Account
TKT-10317,Webhook delivery failures,We're not receiving webhooks at our endpoint since last Monday. The webhook URL is correctly configured. Our server returns 200 OK but your dashboard shows delivery failures.,Low,Technical
TKT-10231,Request for invoice copy,Could you please send me a copy of my invoice for August? I need it for my expense report. Account AC-100005.,High,Billing
TKT-11416,Billing cycle change request,Can I switch my billing cycle from monthly to annual? I'd like to take advantage of the yearly discount for the Enterprise plan.,Medium,Billing
TKT-11061,Payment not reflected,I made a payment of $49.00 on February 28 via ACH but it still shows as outstanding on my account AC-100018. Can you confirm receipt?,High,Billing
TKT-11459,Partial order received,Order #700123 was supposed to contain 4 items but only 4 arrived. Missing: wireless keyboard. The packing slip shows all items were included.,Low,Shipping
TKT-11244,International shipping inquiry,I'm trying to place an order for delivery to Germany. Your website says shipping is unavailable for my region. Do you have plans to expand international shipping?,Medium,Shipping
TKT-10389,Damaged package,My order #700145 arrived with significant damage to the packaging and the monitor stand inside is broken. I've attached photos. Please send a replacement.,High,Shipping
TKT-10496,Payment not reflected,I made a payment of $49.00 on last Friday via ACH but it still shows as outstanding on my account AC-100041. Can you confirm receipt?,High,Billing
TKT-11023,Add team members,I need to add 15 new users to our Enterprise plan. Their email addresses are attached. Please confirm if this affects our pricing.,Medium,Account
TKT-11710,Product feedback and bug report,"The new custom dashboards is great but it crashes when exporting to CSV on Windows 10. Error: ERR_502. Also, it would be useful to add audit logging support.",High,Technical
TKT-10538,Reset my password,I've been locked out of my account (ops@startup.dev) after too many failed login attempts. The password reset email isn't arriving. Can you manually reset it?,Urgent,Account
TKT-11590,Feature request: bulk import,"We'd love the ability to bulk import records via CSV upload. Currently we have to add entries one by one, which is impractical for our 1,000,000-record dataset.",Urgent,Product
TKT-10664,Partial order received,Order #700108 was supposed to contain 3 items but only 3 arrived. Missing: wireless keyboard. The packing slip shows all items were included.,Low,Shipping
TKT-10497,Cannot connect to API,Our integration is returning RATE_LIMIT_429 errors when calling the /v2/data endpoint. This started around 9:30 AM EST today. API key is still valid. Please check server-side logs.,Medium,Technical
TKT-10388,Cancel my subscription,I need to cancel my Growth subscription effective March 1. Please confirm the cancellation and any remaining balance. Account holder: John Doe.,Low,Account
TKT-11685,Suggestion for UI improvement,The current layout of the advanced analytics page requires too many clicks to accomplish basic tasks. Suggest adding a quick-action toolbar or keyboard shortcuts for power users.,Medium,Product
TKT-10536,Request for invoice copy,Could you please send me a copy of my invoice for February? I need it for my expense report. Account AC-100049.,Medium,Billing
TKT-11057,Mobile app sync issues,Changes made in the mobile app on iOS 16 aren't syncing to the web version. I've checked my internet connection and it's stable. App version 4.0.0.,Medium,Account
TKT-11683,Account merger request,We have two separate accounts (jdoe@acmecorp.com and team@retailco.com) that need to be merged. The team@retailco.com account was created by mistake. Please consolidate under maria.g@retailco.com.,Medium,Account
TKT-10602,Data export failing,"When I try to export reports as CSV, the download starts but fails at about 60%. File size should be around 15MB. Using Chrome on macOS Sonoma.",High,Technical
TKT-11724,Can't access account after plan change,I upgraded to Professional yesterday and now I get RATE_LIMIT_429 when I try to log in. My email is jdoe@acmecorp.com. Was the upgrade processed correctly?,Urgent,Account
TKT-11903,Need help,I have an issue with my account AC-100037. Something isn't working right. Can someone look into it?,Medium,Account
TKT-11181,Duplicate charge,I was charged twice for the same transaction on March 1. The duplicate charge is $75.00. Please refund the extra charge to my PayPal.,Medium,Billing
TKT-10175,Feature request: bulk import,"We'd love the ability to bulk import records via CSV upload. Currently we have to add entries one by one, which is impractical for our 500,000-record dataset.",Low,Product
TKT-11374,Change shipping address,"I need to update the shipping address for order #700143 from New York to Miami. The order hasn't shipped yet. New address: 456 Oak Ave, Floor 2.",High,Shipping
TKT-10489,Request expedited shipping,Is it possible to upgrade order #700134 to expedited shipping? I need it by two days ago. Happy to pay the difference.,Low,Shipping
TKT-10416,Incorrect charge on my account,I noticed a charge of $99.95 on my last statement that I don't recognize. My account number is AC-100026. Please investigate and issue a refund if this is an error.,Urgent,Billing
TKT-11261,Need to update payment method,I'd like to update the credit card on file for account AC-100002. My current card ending in 4242 has expired.,Medium,Billing
TKT-11488,Account merger request,We have two separate accounts (maria.g@retailco.com and jsmith@techfirm.io) that need to be merged. The cto@startup.dev account was created by mistake. Please consolidate under ops@startup.dev.,Low,Account
TKT-10521,Promo code not applied,I entered promo code ANNUAL30 during checkout but the discount wasn't applied. I was charged the full $149.00. Please adjust my bill.,Medium,Billing
TKT-10739,Return shipping label needed,I'd like to return order #700138 (wireless keyboard). It doesn't fit our requirements. Could you please email a prepaid return label to admin@techfirm.io?,Medium,Shipping
TKT-11019,Request expedited shipping,Is it possible to upgrade order #700128 to expedited shipping? I need it by February 28. Happy to pay the difference.,Low,Shipping
TKT-11144,Change shipping address,"I need to update the shipping address for order #700147 from San Francisco to Denver. The order hasn't shipped yet. New address: 123 Main St, Suite 400.",Low,Shipping
TKT-10013,Reset my password,I've been locked out of my account (admin@techfirm.io) after too many failed login attempts. The password reset email isn't arriving. Can you manually reset it?,High,Account
TKT-10599,Damaged package,My order #700124 arrived with significant damage to the packaging and the USB-C hub inside is broken. I've attached photos. Please send a replacement.,High,Shipping
TKT-10885,Onboarding guidance needed,We just signed up for the Enterprise plan with 25 users. Could you recommend the best way to onboard our team? We primarily need advanced analytics and role-based access.,Medium,Product
TKT-11119,Return shipping label needed,I'd like to return order #700132 (wireless keyboard). It doesn't fit our requirements. Could you please email a prepaid return label to maria.g@retailco.com?,Medium,Shipping
TKT-11101,Incorrect charge on my account,I noticed a charge of $12.99 on my last statement that I don't recognize. My account number is AC-100016. Please investigate and issue a refund if this is an error.,Low,Billing
TKT-11067,Webhook delivery failures,We're not receiving webhooks at our endpoint since March 1. The webhook URL is correctly configured. Our server returns 200 OK but your dashboard shows delivery failures.,High,Technical
TKT-11788,Shipping delay affecting our project,Order #700121 with USB-C hub was supposed to arrive yesterday. Our team can't proceed without it. Can we get an updated ETA? Also considering canceling if delayed further.,Medium,Shipping
TKT-10234,Change shipping address,"I need to update the shipping address for order #700121 from San Francisco to Miami. The order hasn't shipped yet. New address: 123 Main St, Suite 400.",Medium,Shipping
TKT-10653,Permission issue for team member,User maria.g@retailco.com should have admin-level access but can only view dashboards. I've checked the role settings and they show 'Admin'. Please investigate.,Urgent,Account
TKT-11273,Add team members,I need to add 15 new users to our Business plan. Their email addresses are attached. Please confirm if this affects our pricing.,Low,Account
TKT-10394,Wrong item shipped,I ordered laptop sleeve but received headset instead. Order #700119. I need the correct item sent and a return label for the wrong one.,High,Shipping
TKT-11235,Documentation unclear,The docs for the team collaboration API endpoint are missing examples for compliance reporting. I've spent 8 hours trying to figure out the correct request format. Can you provide a working example?,High,Product
TKT-11826,Can't access account after plan change,I upgraded to Growth yesterday and now I get AUTH_401 when I try to log in. My email is ops@startup.dev. Was the upgrade processed correctly?,Low,Account
TKT-10151,Need to update payment method,I'd like to update the credit card on file for account AC-100011. My current card ending in 4242 has expired.,Medium,Billing
TKT-10132,Mobile app sync issues,Changes made in the mobile app on Android 14 aren't syncing to the web version. I've checked my internet connection and it's stable. App version 4.1.2.,Urgent,Technical
TKT-10712,SSO login not working,Our team cannot log in via SSO since March 15. We use OneLogin as our identity provider. Regular email/password login still works. Error message: 'SAML assertion expired'.,Medium,Technical
TKT-10825,Documentation unclear,The docs for the team collaboration API endpoint are missing examples for compliance reporting. I've spent 3 hours trying to figure out the correct request format. Can you provide a working example?,Low,Product
TKT-11847,Need to cancel and get refund,I want to cancel my Business subscription and get a prorated refund for the remaining 7 days. Account admin@techfirm.io. Please process ASAP.,Medium,Account
TKT-11308,Permission issue for team member,User jdoe@acmecorp.com should have admin-level access but can only view dashboards. I've checked the role settings and they show 'Admin'. Please investigate.,Medium,Account
TKT-10302,Data export failing,"When I try to export reports as CSV, the download starts but fails at about 60%. File size should be around 120MB. Using Edge on macOS Sonoma.",Medium,Technical
TKT-11542,Webhook delivery failures,We're not receiving webhooks at our endpoint since March 1. The webhook URL is correctly configured. Our server returns 200 OK but your dashboard shows delivery failures.,High,Technical
TKT-11026,Promo code not applied,I entered promo code ANNUAL30 during checkout but the discount wasn't applied. I was charged the full $29.99. Please adjust my bill.,High,Billing
TKT-10877,Application crashes on startup,"After the latest update, the desktop app crashes immediately on launch. I'm running Ubuntu 22.04 version 4.0.0. Error code: AUTH_401. I've tried reinstalling but the issue persists.",Medium,Technical
TKT-10487,Report generation timeout,"Generating the monthly summary report times out after 90 seconds. The report covers 50,000 records. This worked fine last month with similar data volume.",Low,Technical
TKT-11766,Wrong amount on subscription renewal,My Professional plan renewed at $129.95 instead of $99.95. I didn't authorize any changes. Account AC-100021. Also the dashboard shows the old plan features.,High,Billing
TKT-11820,Wrong amount on subscription renewal,My Business plan renewed at $199.00 instead of $349.00. I didn't authorize any changes. Account AC-100029. Also the dashboard shows the old plan features.,Low,Billing
TKT-11259,Damaged package,My order #700127 arrived with significant damage to the packaging and the docking station inside is broken. I've attached photos. Please send a replacement.,Low,Shipping
TKT-11629,International shipping inquiry,I'm trying to place an order for delivery to Australia. Your website says shipping is unavailable for my region. Do you have plans to expand international shipping?,High,Shipping
TKT-10942,Application crashes on startup,"After the latest update, the desktop app crashes immediately on launch. I'm running macOS Ventura version 3.1.0. Error code: TIMEOUT_408. I've tried reinstalling but the issue persists.",Urgent,Technical
TKT-10315,Feature request: bulk import,"We'd love the ability to bulk import records via CSV upload. Currently we have to add entries one by one, which is impractical for our 500,000-record dataset.",Low,Product
TKT-10299,Wrong item shipped,I ordered monitor stand but received headset instead. Order #700124. I need the correct item sent and a return label for the wrong one.,High,Shipping
TKT-11217,Webhook delivery failures,We're not receiving webhooks at our endpoint since two days ago. The webhook URL is correctly configured. Our server returns 200 OK but your dashboard shows delivery failures.,Low,Technical
TKT-11911,Urgent issue,Please call me back regarding my recent order and billing. Account ops@startup.dev. This needs immediate attention.,Medium,Billing
TKT-10578,Add team members,I need to add 10 new users to our Professional plan. Their email addresses are attached. Please confirm if this affects our pricing.,Medium,Account
TKT-10380,Documentation unclear,The docs for the workflow automation API endpoint are missing examples for customer onboarding. I've spent 3 hours trying to figure out the correct request format. Can you provide a working example?,Low,Product
TKT-11079,International shipping inquiry,I'm trying to place an order for delivery to Australia. Your website says shipping is unavailable for my region. Do you have plans to expand international shipping?,High,Shipping
TKT-11838,Wrong amount on subscription renewal,My Business plan renewed at $79.00 instead of $75.00. I didn't authorize any changes. Account AC-100042. Also the dashboard shows the old plan features.,Medium,Billing
TKT-10296,Billing cycle change request,Can I switch my billing cycle from monthly to annual? I'd like to take advantage of the yearly discount for the Business plan.,Medium,Billing
TKT-11168,Permission issue for team member,User ops@startup.dev should have admin-level access but can only view dashboards. I've checked the role settings and they show 'Admin'. Please investigate.,Medium,Account
TKT-10152,Report generation timeout,"Generating the monthly summary report times out after 30 seconds. The report covers 50,000 records. This worked fine last month with similar data volume.",Medium,Technical
TKT-10144,Request expedited shipping,Is it possible to upgrade order #700114 to expedited shipping? I need it by March 15. Happy to pay the difference.,High,Shipping
TKT-10780,How to set up automated reports,I'm trying to configure scheduled reports to be emailed to my team every weekly. I can't find this option in the Growth plan. Is it available or do I need to upgrade?,Medium,Product
TKT-10037,Webhook delivery failures,We're not receiving webhooks at our endpoint since March 10. The webhook URL is correctly configured. Our server returns 200 OK but your dashboard shows delivery failures.,Medium,Technical
TKT-10609,Wrong item shipped,I ordered docking station but received mouse pad instead. Order #700123. I need the correct item sent and a return label for the wrong one.,Urgent,Shipping
TKT-10282,Slow dashboard loading,"The analytics dashboard takes over 60 seconds to load. This happens in both Firefox and Safari. Other pages load normally. Our dataset has about 1,000,000 rows.",Low,Technical
TKT-11090,Comparison with competitor,"I'm evaluating your product against Freshdesk. Can you provide a comparison of features, especially around advanced analytics and white-label options? We're a 50-person company.",Medium,Product
TKT-10265,Onboarding guidance needed,We just signed up for the Growth plan with 25 users. Could you recommend the best way to onboard our team? We primarily need team collaboration and white-label options.,Medium,Product
TKT-10717,Mobile app sync issues,Changes made in the mobile app on Android 14 aren't syncing to the web version. I've checked my internet connection and it's stable. App version 4.1.2.,Low,Technical
TKT-11063,Data deletion request,"Per our company policy, I'm requesting complete deletion of all data associated with account admin@techfirm.io. Please confirm when this is done and provide a confirmation reference.",Urgent,Account
TKT-10936,Request for invoice copy,Could you please send me a copy of my invoice for April? I need it for my expense report. Account AC-100024.,Medium,Billing
TKT-11369,Order not received,My order #700129 was supposed to arrive by last Friday but I still haven't received it. Tracking number 1Z9999949 shows it's been in transit for 7 days.,Urgent,Shipping
TKT-11996,Urgent issue,Please call me back regarding my recent order and billing. Account ops@startup.dev. This needs immediate attention.,Medium,Billing
TKT-11347,Report generation timeout,"Generating the monthly summary report times out after 120 seconds. The report covers 50,000 records. This worked fine last month with similar data volume.",Low,Technical
TKT-11365,How to set up automated reports,I'm trying to configure scheduled reports to be emailed to my team every monthly. I can't find this option in the Enterprise plan. Is it available or do I need to upgrade?,Medium,Product
TKT-10351,Promo code not applied,I entered promo code WELCOME15 during checkout but the discount wasn't applied. I was charged the full $199.50. Please adjust my bill.,High,Billing
TKT-11936,Unhappy customer,"I've been having nothing but problems. The team collaboration doesn't work, I was overcharged $199.50, and my last order #700136 never arrived. Please fix all of this.",Low,Product
TKT-11104,Change shipping address,"I need to update the shipping address for order #700115 from New York to Boston. The order hasn't shipped yet. New address: 456 Oak Ave, Floor 2.",Medium,Shipping
TKT-10987,Mobile app sync issues,Changes made in the mobile app on Android 13 aren't syncing to the web version. I've checked my internet connection and it's stable. App version 4.1.2.,Low,Technical
TKT-11340,Documentation unclear,The docs for the workflow automation API endpoint are missing examples for lead tracking. I've spent 8 hours trying to figure out the correct request format. Can you provide a working example?,Urgent,Product
TKT-10504,Wrong item shipped,I ordered monitor stand but received headset instead. Order #700149. I need the correct item sent and a return label for the wrong one.,High,Shipping
TKT-10727,Application crashes on startup,"After the latest update, the desktop app crashes immediately on launch. I'm running macOS Ventura version 4.1.2. Error code: RATE_LIMIT_429. I've tried reinstalling but the issue persists.",High,Technical
TKT-10470,Integration with third-party tool,Do you support integration with Salesforce? We use it heavily for lead tracking and having a native connector would save us hours of manual data transfer each weekly.,Urgent,Product
TKT-11581,Promo code not applied,I entered promo code LOYALTY10 during checkout but the discount wasn't applied. I was charged the full $349.00. Please adjust my bill.,Low,Billing
TKT-11469,Partial order received,Order #700143 was supposed to contain 3 items but only 4 arrived. Missing: laptop sleeve. The packing slip shows all items were included.,Medium,Shipping
TKT-10658,Add team members,I need to add 15 new users to our Professional plan. Their email addresses are attached. Please confirm if this affects our pricing.,Low,Account
TKT-11728,Need to cancel and get refund,I want to cancel my Professional subscription and get a prorated refund for the remaining 5 days. Account maria.g@retailco.com. Please process ASAP.,High,Account
TKT-11236,Unexpected price increase,My monthly bill went from $99.95 to $59.99 without any prior notice. I'm on the Growth plan. Please explain this increase or revert it.,High,Billing
TKT-10271,Promo code not applied,I entered promo code LOYALTY10 during checkout but the discount wasn't applied. I was charged the full $99.95. Please adjust my bill.,Low,Billing
TKT-11892,Can't access account after plan change,I upgraded to Growth yesterday and now I get AUTH_401 when I try to log in. My email is admin@techfirm.io. Was the upgrade processed correctly?,High,Account
TKT-10495,Beta feature feedback,"I've been testing the new team collaboration beta. Overall it's great, but I found 2 issues: the filter doesn't apply to grouped views, and export drops the last column.",High,Product
TKT-10815,Feature request: bulk import,"We'd love the ability to bulk import records via CSV upload. Currently we have to add entries one by one, which is impractical for our 100,000-record dataset.",Low,Product
TKT-11232,Cannot connect to API,Our integration is returning AUTH_401 errors when calling the /v2/data endpoint. This started around 4:45 PM GMT today. API key is still valid. Please check server-side logs.,Medium,Technical
TKT-10146,Promo code not applied,I entered promo code SPRING25 during checkout but the discount wasn't applied. I was charged the full $199.50. Please adjust my bill.,Urgent,Billing
TKT-10348,Change account owner,We need to transfer account ownership from ops@startup.dev to backup@acmecorp.com. Sarah Chen has left the company and Rachel Adams will be the new admin.,Medium,Account
TKT-11650,How to set up automated reports,I'm trying to configure scheduled reports to be emailed to my team every weekly. I can't find this option in the Enterprise plan. Is it available or do I need to upgrade?,Urgent,Product
TKT-10423,Cancel my subscription,I need to cancel my Professional subscription effective March 1. Please confirm the cancellation and any remaining balance. Account holder: Alex Kim.,Medium,Account
TKT-10376,Billing cycle change request,Can I switch my billing cycle from monthly to annual? I'd like to take advantage of the yearly discount for the Growth plan.,Medium,Billing
TKT-10174,Request expedited shipping,Is it possible to upgrade order #700142 to expedited shipping? I need it by March 1. Happy to pay the difference.,High,Shipping
TKT-11434,International shipping inquiry,I'm trying to place an order for delivery to Australia. Your website says shipping is unavailable for my region. Do you have plans to expand international shipping?,High,Shipping
TKT-11601,Need to update payment method,I'd like to update the credit card on file for account AC-100029. My current card ending in 1234 has expired.,High,Billing
TKT-11082,Slow dashboard loading,"The analytics dashboard takes over 120 seconds to load. This happens in both Edge and Chrome. Other pages load normally. Our dataset has about 250,000 rows.",Medium,Technical
TKT-12000,Unhappy customer,"I've been having nothing but problems. The custom dashboards doesn't work, I was overcharged $99.95, and my last order #700149 never arrived. Please fix all of this.",High,Product
TKT-10594,Wrong item shipped,I ordered wireless keyboard but received HDMI cable instead. Order #700130. I need the correct item sent and a return label for the wrong one.,Low,Shipping
TKT-10846,Need to update payment method,I'd like to update the credit card on file for account AC-100018. My current card ending in 9012 has expired.,High,Billing
TKT-11743,Can't access account after plan change,I upgraded to Premium yesterday and now I get RATE_LIMIT_429 when I try to log in. My email is ops@startup.dev. Was the upgrade processed correctly?,High,Account
TKT-10269,Request expedited shipping,Is it possible to upgrade order #700113 to expedited shipping? I need it by February 28. Happy to pay the difference.,High,Shipping
TKT-10868,Change account owner,We need to transfer account ownership from jdoe@acmecorp.com to team@retailco.com. Alex Kim has left the company and Rachel Adams will be the new admin.,Low,Account
TKT-10150,Onboarding guidance needed,We just signed up for the Starter plan with 5 users. Could you recommend the best way to onboard our team? We primarily need advanced analytics and audit logging.,Medium,Product
TKT-11723,Charged for item I returned,I returned order #700100 on February 28 but I was charged $12.99 again. The docking station was sent back via ACH. Need a refund.,High,Billing
TKT-11597,SSO login not working,Our team cannot log in via SSO since February 28. We use Google Workspace as our identity provider. Regular email/password login still works. Error message: 'Identity provider returned invalid response'.,High,Technical
TKT-11426,Promo code not applied,I entered promo code SAVE20 during checkout but the discount wasn't applied. I was charged the full $199.50. Please adjust my bill.,Medium,Billing
TKT-11695,Suggestion for UI improvement,The current layout of the custom dashboards page requires too many clicks to accomplish basic tasks. Suggest adding a quick-action toolbar or keyboard shortcuts for power users.,High,Product
TKT-10451,Request for invoice copy,Could you please send me a copy of my invoice for January? I need it for my expense report. Account AC-100042.,Medium,Billing
TKT-11556,Need to update payment method,I'd like to update the credit card on file for account AC-100010. My current card ending in 3456 has expired.,Low,Billing
TKT-10645,How to set up automated reports,I'm trying to configure scheduled reports to be emailed to my team every daily. I can't find this option in the Starter plan. Is it available or do I need to upgrade?,Medium,Product
TKT-11221,Incorrect charge on my account,I noticed a charge of $49.00 on my last statement that I don't recognize. My account number is AC-100024. Please investigate and issue a refund if this is an error.,Low,Billing
TKT-11033,Add team members,I need to add 15 new users to our Growth plan. Their email addresses are attached. Please confirm if this affects our pricing.,High,Account
TKT-10410,Comparison with competitor,"I'm evaluating your product against Zendesk. Can you provide a comparison of features, especially around workflow automation and API rate limits? We're a 25-person company.",High,Product
TKT-10373,Change account owner,We need to transfer account ownership from maria.g@retailco.com to team@retailco.com. Alex Kim has left the company and James Park will be the new admin.,High,Account
TKT-10041,Promo code not applied,I entered promo code WELCOME15 during checkout but the discount wasn't applied. I was charged the full $349.00. Please adjust my bill.,High,Account
TKT-10788,Account merger request,We have two separate accounts (maria.g@retailco.com and cto@startup.dev) that need to be merged. The team@retailco.com account was created by mistake. Please consolidate under admin@techfirm.io.,Low,Account
TKT-10743,Reset my password,I've been locked out of my account (admin@techfirm.io) after too many failed login attempts. The password reset email isn't arriving. Can you manually reset it?,Low,Account
TKT-10843,Account merger request,We have two separate accounts (admin@techfirm.io and jsmith@techfirm.io) that need to be merged. The backup@acmecorp.com account was created by mistake. Please consolidate under ops@startup.dev.,High,Account
TKT-11145,Onboarding guidance needed,We just signed up for the Growth plan with 25 users. Could you recommend the best way to onboard our team? We primarily need advanced analytics and audit logging.,Urgent,Technical
TKT-10408,Permission issue for team member,User maria.g@retailco.com should have admin-level access but can only view dashboards. I've checked the role settings and they show 'Admin'. Please investigate.,High,Account
TKT-10832,Data export failing,"When I try to export reports as CSV, the download starts but fails at about 60%. File size should be around 250MB. Using Safari on macOS Ventura.",High,Technical
TKT-10300,Integration with third-party tool,Do you support integration with Jira? We use it heavily for lead tracking and having a native connector would save us hours of manual data transfer each monthly.,Medium,Product
TKT-10062,Cannot connect to API,Our integration is returning ERR_502 errors when calling the /v2/data endpoint. This started around 2:15 PM UTC today. API key is still valid. Please check server-side logs.,Medium,Technical
TKT-11068,Upgrade plan request,I'd like to upgrade from the Starter to the Premium plan. We currently have 5 users and need the additional features. What's the process?,Low,Account
TKT-11895,Shipping delay affecting our project,Order #700113 with USB-C hub was supposed to arrive March 15. Our team can't proceed without it. Can we get an updated ETA? Also considering canceling if delayed further.,Low,Shipping
TKT-10493,Upgrade plan request,I'd like to upgrade from the Business to the Growth plan. We currently have 25 users and need the additional features. What's the process?,Medium,Account
TKT-10450,Integration with third-party tool,Do you support integration with Jira? We use it heavily for customer onboarding and having a native connector would save us hours of manual data transfer each weekly.,Urgent,Account
TKT-10025,Suggestion for UI improvement,The current layout of the advanced analytics page requires too many clicks to accomplish basic tasks. Suggest adding a quick-action toolbar or keyboard shortcuts for power users.,Low,Product
TKT-11242,Application crashes on startup,"After the latest update, the desktop app crashes immediately on launch. I'm running macOS Sonoma version 4.0.0. Error code: NULL_REF_500. I've tried reinstalling but the issue persists.",Medium,Technical
TKT-11142,Slow dashboard loading,"The analytics dashboard takes over 45 seconds to load. This happens in both Firefox and Firefox. Other pages load normally. Our dataset has about 500,000 rows.",High,Technical
TKT-11725,"Shipped to wrong address, need rebill",Order #700143 went to New York instead of Boston. I need it reshipped and the extra charge on my ACH reversed. Account AC-100038.,Medium,Shipping
TKT-10622,SSO login not working,Our team cannot log in via SSO since February 28. We use Google Workspace as our identity provider. Regular email/password login still works. Error message: 'SAML assertion expired'.,High,Technical
TKT-10796,Request for invoice copy,Could you please send me a copy of my invoice for November? I need it for my expense report. Account AC-100033.,Medium,Billing
TKT-10733,Data deletion request,"Per our company policy, I'm requesting complete deletion of all data associated with account jdoe@acmecorp.com. Please confirm when this is done and provide a confirmation reference.",Medium,Account
TKT-10124,International shipping inquiry,I'm trying to place an order for delivery to Japan. Your website says shipping is unavailable for my region. Do you have plans to expand international shipping?,High,Shipping
TKT-11610,Feature request: bulk import,"We'd love the ability to bulk import records via CSV upload. Currently we have to add entries one by one, which is impractical for our 50,000-record dataset.",Medium,Product
TKT-11423,Reset my password,I've been locked out of my account (maria.g@retailco.com) after too many failed login attempts. The password reset email isn't arriving. Can you manually reset it?,High,Account
TKT-11687,Cannot connect to API,Our integration is returning ERR_502 errors when calling the /v2/data endpoint. This started around 4:45 PM GMT today. API key is still valid. Please check server-side logs.,Medium,Technical
TKT-11379,Wrong item shipped,I ordered laptop sleeve but received headset instead. Order #700144. I need the correct item sent and a return label for the wrong one.,Medium,Shipping
TKT-10428,Upgrade plan request,I'd like to upgrade from the Enterprise to the Enterprise plan. We currently have 10 users and need the additional features. What's the process?,Medium,Account
TKT-10802,Application crashes on startup,"After the latest update, the desktop app crashes immediately on launch. I'm running Windows 11 version 3.2.1. Error code: ERR_502. I've tried reinstalling but the issue persists.",High,Technical
TKT-11552,Data export failing,"When I try to export reports as CSV, the download starts but fails at about 60%. File size should be around 15MB. Using Edge on Ubuntu 22.04.",Low,Technical
TKT-11787,Shipping delay affecting our project,Order #700106 with wireless keyboard was supposed to arrive March 15. Our team can't proceed without it. Can we get an updated ETA? Also considering canceling if delayed further.,Medium,Shipping
TKT-11781,Product feedback and bug report,"The new workflow automation is great but it crashes when exporting to CSV on Ubuntu 22.04. Error: AUTH_401. Also, it would be useful to add role-based access support.",Low,Technical
TKT-11961,Question about my account,"Hi, I have some questions about my Starter plan. Can you explain the features and also why my bill is $12.99? Account jdoe@acmecorp.com.",Medium,Account
TKT-10533,Cancel my subscription,I need to cancel my Business subscription effective February 28. Please confirm the cancellation and any remaining balance. Account holder: Alex Kim.,High,Account
TKT-11171,Payment not reflected,I made a payment of $29.99 on yesterday via credit card but it still shows as outstanding on my account AC-100009. Can you confirm receipt?,Urgent,Billing
TKT-11357,Report generation timeout,"Generating the monthly summary report times out after 90 seconds. The report covers 500,000 records. This worked fine last month with similar data volume.",Low,Technical
TKT-10694,Change shipping address,"I need to update the shipping address for order #700144 from New York to Boston. The order hasn't shipped yet. New address: 456 Oak Ave, Floor 2.",High,Shipping
TKT-10699,Wrong item shipped,I ordered wireless keyboard but received phone charger instead. Order #700101. I need the correct item sent and a return label for the wrong one.,Medium,Shipping
TKT-10034,Return shipping label needed,I'd like to return order #700113 (docking station). It doesn't fit our requirements. Could you please email a prepaid return label to admin@techfirm.io?,High,Shipping
TKT-11162,Mobile app sync issues,Changes made in the mobile app on iOS 16 aren't syncing to the web version. I've checked my internet connection and it's stable. App version 2.8.5.,High,Technical
TKT-10008,Data deletion request,"Per our company policy, I'm requesting complete deletion of all data associated with account jdoe@acmecorp.com. Please confirm when this is done and provide a confirmation reference.",Medium,Account
TKT-11289,Order not received,My order #700126 was supposed to arrive by March 15 but I still haven't received it. Tracking number 1Z9999933 shows it's been in transit for 5 days.,High,Shipping
TKT-11656,Request for invoice copy,Could you please send me a copy of my invoice for February? I need it for my expense report. Account AC-100021.,Medium,Billing
TKT-10474,International shipping inquiry,I'm trying to place an order for delivery to Germany. Your website says shipping is unavailable for my region. Do you have plans to expand international shipping?,Medium,Shipping
TKT-11007,SSO login not working,Our team cannot log in via SSO since last Friday. We use Azure AD as our identity provider. Regular email/password login still works. Error message: 'SAML assertion expired'.,High,Technical
TKT-11246,Need to update payment method,I'd like to update the credit card on file for account AC-100005. My current card ending in 3456 has expired.,Low,Billing
TKT-11623,Cancel my subscription,I need to cancel my Professional subscription effective two days ago. Please confirm the cancellation and any remaining balance. Account holder: Alex Kim.,Low,Account
TKT-11230,Suggestion for UI improvement,The current layout of the advanced analytics page requires too many clicks to accomplish basic tasks. Suggest adding a quick-action toolbar or keyboard shortcuts for power users.,High,Product
TKT-10894,Wrong item shipped,I ordered monitor stand but received HDMI cable instead. Order #700147. I need the correct item sent and a return label for the wrong one.,High,Shipping
TKT-11844,Shipping delay affecting our project,Order #700146 with docking station was supposed to arrive last Friday. Our team can't proceed without it. Can we get an updated ETA? Also considering canceling if delayed further.,High,Shipping
TKT-10858,Data deletion request,"Per our company policy, I'm requesting complete deletion of all data associated with account admin@techfirm.io. Please confirm when this is done and provide a confirmation reference.",Medium,Account
TKT-11178,Add team members,I need to add 15 new users to our Growth plan. Their email addresses are attached. Please confirm if this affects our pricing.,Medium,Account
TKT-11266,Incorrect charge on my account,I noticed a charge of $75.00 on my last statement that I don't recognize. My account number is AC-100034. Please investigate and issue a refund if this is an error.,High,Billing
TKT-10114,International shipping inquiry,I'm trying to place an order for delivery to Australia. Your website says shipping is unavailable for my region. Do you have plans to expand international shipping?,High,Shipping
TKT-10657,Webhook delivery failures,We're not receiving webhooks at our endpoint since March 1. The webhook URL is correctly configured. Our server returns 200 OK but your dashboard shows delivery failures.,Medium,Technical
TKT-10513,Permission issue for team member,User ops@startup.dev should have admin-level access but can only view dashboards. I've checked the role settings and they show 'Admin'. Please investigate.,Low,Account
TKT-11009,Change shipping address,"I need to update the shipping address for order #700120 from Chicago to Boston. The order hasn't shipped yet. New address: 789 Pine Rd, Unit B.",Medium,Shipping
TKT-11108,Permission issue for team member,User admin@techfirm.io should have admin-level access but can only view dashboards. I've checked the role settings and they show 'Admin'. Please investigate.,Medium,Account
TKT-10182,Cannot connect to API,Our integration is returning NULL_REF_500 errors when calling the /v2/data endpoint. This started around 9:30 AM EST today. API key is still valid. Please check server-side logs.,High,Technical
TKT-11529,Wrong item shipped,I ordered USB-C hub but received headset instead. Order #700107. I need the correct item sent and a return label for the wrong one.,High,Shipping
TKT-10248,Cancel my subscription,I need to cancel my Enterprise subscription effective yesterday. Please confirm the cancellation and any remaining balance. Account holder: Alex Kim.,Medium,Account
TKT-11320,Feature request: bulk import,"We'd love the ability to bulk import records via CSV upload. Currently we have to add entries one by one, which is impractical for our 500,000-record dataset.",Low,Product
TKT-11941,Need help,I have an issue with my account AC-100011. Something isn't working right. Can someone look into it?,Urgent,Account
TKT-11821,Shipping delay affecting our project,Order #700145 with laptop sleeve was supposed to arrive February 28. Our team can't proceed without it. Can we get an updated ETA? Also considering canceling if delayed further.,Medium,Billing
TKT-10251,Request for invoice copy,Could you please send me a copy of my invoice for February? I need it for my expense report. Account AC-100027.,Low,Technical
TKT-10471,Request for invoice copy,Could you please send me a copy of my invoice for December? I need it for my expense report. Account AC-100048.,Medium,Billing
TKT-10473,Add team members,I need to add 25 new users to our Enterprise plan. Their email addresses are attached. Please confirm if this affects our pricing.,Medium,Account
TKT-11467,Mobile app sync issues,Changes made in the mobile app on Android 14 aren't syncing to the web version. I've checked my internet connection and it's stable. App version 3.2.1.,Urgent,Technical
TKT-10212,Webhook delivery failures,We're not receiving webhooks at our endpoint since February 28. The webhook URL is correctly configured. Our server returns 200 OK but your dashboard shows delivery failures.,Low,Technical
TKT-10032,Cannot connect to API,Our integration is returning RATE_LIMIT_429 errors when calling the /v2/data endpoint. This started around 2:15 PM UTC today. API key is still valid. Please check server-side logs.,Low,Technical
TKT-11966,Following up,I contacted you last Friday about a problem but haven't heard back. My ticket was about wireless keyboard and charges on my account. Reference AC-100033.,Medium,Billing
TKT-11110,How to set up automated reports,I'm trying to configure scheduled reports to be emailed to my team every Monday morning. I can't find this option in the Professional plan. Is it available or do I need to upgrade?,Urgent,Product
TKT-11971,Following up,I contacted you March 10 about a problem but haven't heard back. My ticket was about docking station and charges on my account. Reference AC-100045.,Low,Billing
TKT-10136,Promo code not applied,I entered promo code ANNUAL30 during checkout but the discount wasn't applied. I was charged the full $12.99. Please adjust my bill.,Medium,Billing
TKT-11313,Add team members,I need to add 10 new users to our Professional plan. Their email addresses are attached. Please confirm if this affects our pricing.,Medium,Account
TKT-11346,Incorrect charge on my account,I noticed a charge of $99.95 on my last statement that I don't recognize. My account number is AC-100010. Please investigate and issue a refund if this is an error.,High,Billing
TKT-11131,Unexpected price increase,My monthly bill went from $99.95 to $129.95 without any prior notice. I'm on the Growth plan. Please explain this increase or revert it.,Urgent,Billing
TKT-10730,Suggestion for UI improvement,The current layout of the advanced analytics page requires too many clicks to accomplish basic tasks. Suggest adding a quick-action toolbar or keyboard shortcuts for power users.,Urgent,Product
TKT-11798,Charged for item I returned,I returned order #700108 on February 28 but I was charged $75.00 again. The docking station was sent back via wire transfer. Need a refund.,Urgent,Billing
TKT-11358,Change account owner,We need to transfer account ownership from admin@techfirm.io to team@retailco.com. Sarah Chen has left the company and James Park will be the new admin.,Medium,Account
TKT-10180,Onboarding guidance needed,We just signed up for the Starter plan with 5 users. Could you recommend the best way to onboard our team? We primarily need workflow automation and API rate limits.,Medium,Product
TKT-10491,Payment not reflected,I made a payment of $149.00 on last Monday via wire transfer but it still shows as outstanding on my account AC-100033. Can you confirm receipt?,Medium,Billing
TKT-11516,Incorrect charge on my account,I noticed a charge of $149.00 on my last statement that I don't recognize. My account number is AC-100023. Please investigate and issue a refund if this is an error.,Medium,Billing
TKT-10938,Data deletion request,"Per our company policy, I'm requesting complete deletion of all data associated with account admin@techfirm.io. Please confirm when this is done and provide a confirmation reference.",High,Account
TKT-10331,Payment not reflected,I made a payment of $49.00 on last Friday via credit card but it still shows as outstanding on my account AC-100018. Can you confirm receipt?,Medium,Billing
TKT-11570,Feature request: bulk import,"We'd love the ability to bulk import records via CSV upload. Currently we have to add entries one by one, which is impractical for our 1,000,000-record dataset.",Low,Product
TKT-10798,Upgrade plan request,I'd like to upgrade from the Enterprise to the Business plan. We currently have 50 users and need the additional features. What's the process?,Low,Account
TKT-11037,Application crashes on startup,"After the latest update, the desktop app crashes immediately on launch. I'm running macOS Ventura version 3.2.1. Error code: TIMEOUT_408. I've tried reinstalling but the issue persists.",Urgent,Technical
TKT-10759,International shipping inquiry,I'm trying to place an order for delivery to Germany. Your website says shipping is unavailable for my region. Do you have plans to expand international shipping?,High,Technical
TKT-10187,Report generation timeout,"Generating the monthly summary report times out after 45 seconds. The report covers 500,000 records. This worked fine last month with similar data volume.",Medium,Technical
TKT-11716,Technical issue with billing portal,The billing page returns NULL_REF_500 on Safari. I can't view or download invoices for account AC-100040. This has been happening since last Monday.,Medium,Technical
TKT-11853,Wrong amount on subscription renewal,My Growth plan renewed at $79.00 instead of $199.50. I didn't authorize any changes. Account AC-100018. Also the dashboard shows the old plan features.,Medium,Billing
TKT-11946,Question about my account,"Hi, I have some questions about my Business plan. Can you explain the features and also why my bill is $75.00? Account admin@techfirm.io.",Medium,Account
TKT-10666,Billing cycle change request,Can I switch my billing cycle from monthly to annual? I'd like to take advantage of the yearly discount for the Enterprise plan.,Low,Billing
TKT-10047,Report generation timeout,"Generating the monthly summary report times out after 45 seconds. The report covers 50,000 records. This worked fine last month with similar data volume.",Medium,Technical
TKT-10838,Cancel my subscription,I need to cancel my Starter subscription effective March 1. Please confirm the cancellation and any remaining balance. Account holder: Sarah Chen.,Medium,Account
TKT-11360,Documentation unclear,The docs for the team collaboration API endpoint are missing examples for compliance reporting. I've spent 5 hours trying to figure out the correct request format. Can you provide a working example?,Low,Product
TKT-11031,Billing cycle change request,Can I switch my billing cycle from monthly to annual? I'd like to take advantage of the yearly discount for the Enterprise plan.,Medium,Billing
TKT-10284,Partial order received,Order #700143 was supposed to contain 5 items but only 3 arrived. Missing: USB-C hub. The packing slip shows all items were included.,Medium,Shipping
TKT-10460,Feature request: bulk import,"We'd love the ability to bulk import records via CSV upload. Currently we have to add entries one by one, which is impractical for our 250,000-record dataset.",Urgent,Product
TKT-11612,SSO login not working,Our team cannot log in via SSO since yesterday. We use Azure AD as our identity provider. Regular email/password login still works. Error message: 'SAML assertion expired'.,Low,Technical
TKT-10387,Webhook delivery failures,We're not receiving webhooks at our endpoint since yesterday. The webhook URL is correctly configured. Our server returns 200 OK but your dashboard shows delivery failures.,High,Technical
TKT-10841,Payment not reflected,I made a payment of $349.00 on March 10 via wire transfer but it still shows as outstanding on my account AC-100047. Can you confirm receipt?,Low,Billing
TKT-11047,Slow dashboard loading,"The analytics dashboard takes over 30 seconds to load. This happens in both Chrome and Chrome. Other pages load normally. Our dataset has about 500,000 rows.",High,Technical
TKT-11851,Wrong amount on subscription renewal,My Growth plan renewed at $249.50 instead of $149.00. I didn't authorize any changes. Account AC-100015. Also the dashboard shows the old plan features.,Medium,Billing
TKT-11319,Partial order received,Order #700101 was supposed to contain 3 items but only 3 arrived. Missing: wireless keyboard. The packing slip shows all items were included.,Medium,Shipping
TKT-10202,Data export failing,"When I try to export reports as CSV, the download starts but fails at about 60%. File size should be around 250MB. Using Firefox on macOS Sonoma.",Medium,Technical
TKT-11363,Reset my password,I've been locked out of my account (ops@startup.dev) after too many failed login attempts. The password reset email isn't arriving. Can you manually reset it?,Urgent,Account
TKT-11870,Shipping delay affecting our project,Order #700127 with USB-C hub was supposed to arrive March 1. Our team can't proceed without it. Can we get an updated ETA? Also considering canceling if delayed further.,Medium,Shipping
TKT-10685,Beta feature feedback,"I've been testing the new custom dashboards beta. Overall it's great, but I found 3 issues: the filter doesn't apply to grouped views, and export drops the last column.",Medium,Product
TKT-11886,Need to cancel and get refund,I want to cancel my Starter subscription and get a prorated refund for the remaining 5 days. Account ops@startup.dev. Please process ASAP.,Urgent,Account
TKT-10591,Payment not reflected,I made a payment of $199.50 on February 28 via PayPal but it still shows as outstanding on my account AC-100005. Can you confirm receipt?,High,Billing
TKT-10820,Documentation unclear,The docs for the advanced analytics API endpoint are missing examples for lead tracking. I've spent 5 hours trying to figure out the correct request format. Can you provide a working example?,High,Product
TKT-10364,Change shipping address,"I need to update the shipping address for order #700122 from Seattle to Boston. The order hasn't shipped yet. New address: 123 Main St, Suite 400.",Medium,Shipping
TKT-10322,Application crashes on startup,"After the latest update, the desktop app crashes immediately on launch. I'm running macOS Sonoma version 3.1.0. Error code: RATE_LIMIT_429. I've tried reinstalling but the issue persists.",Medium,Technical
TKT-11483,Permission issue for team member,User ops@startup.dev should have admin-level access but can only view dashboards. I've checked the role settings and they show 'Admin'. Please investigate.,Medium,Account
TKT-10587,Webhook delivery failures,We're not receiving webhooks at our endpoint since February 28. The webhook URL is correctly configured. Our server returns 200 OK but your dashboard shows delivery failures.,Medium,Technical
TKT-10951,Duplicate charge,I was charged twice for the same transaction on March 1. The duplicate charge is $149.00. Please refund the extra charge to my ACH.,Medium,Billing
TKT-11014,Request expedited shipping,Is it possible to upgrade order #700147 to expedited shipping? I need it by March 15. Happy to pay the difference.,Medium,Product
TKT-10828,Permission issue for team member,User jdoe@acmecorp.com should have admin-level access but can only view dashboards. I've checked the role settings and they show 'Admin'. Please investigate.,Low,Account
TKT-10462,Mobile app sync issues,Changes made in the mobile app on Android 13 aren't syncing to the web version. I've checked my internet connection and it's stable. App version 4.0.0.,Medium,Technical
TKT-10804,Wrong item shipped,I ordered wireless keyboard but received phone charger instead. Order #700141. I need the correct item sent and a return label for the wrong one.,Medium,Shipping
TKT-11257,Mobile app sync issues,Changes made in the mobile app on Android 13 aren't syncing to the web version. I've checked my internet connection and it's stable. App version 4.1.2.,Urgent,Technical
TKT-11531,Unexpected price increase,My monthly bill went from $99.95 to $59.99 without any prior notice. I'm on the Professional plan. Please explain this increase or revert it.,Medium,Billing
TKT-10217,Report generation timeout,"Generating the monthly summary report times out after 30 seconds. The report covers 100,000 records. This worked fine last month with similar data volume.",High,Technical
TKT-10744,Change shipping address,"I need to update the shipping address for order #700103 from San Francisco to Los Angeles. The order hasn't shipped yet. New address: 456 Oak Ave, Floor 2.",Low,Shipping
TKT-11122,SSO login not working,Our team cannot log in via SSO since yesterday. We use OneLogin as our identity provider. Regular email/password login still works. Error message: 'User not found in directory'.,High,Technical
TKT-11506,Need to update payment method,I'd like to update the credit card on file for account AC-100027. My current card ending in 1234 has expired.,Medium,Billing
TKT-11862,Need to cancel and get refund,I want to cancel my Enterprise subscription and get a prorated refund for the remaining 14 days. Account maria.g@retailco.com. Please process ASAP.,High,Account
TKT-11525,How to set up automated reports,I'm trying to configure scheduled reports to be emailed to my team every bi-weekly. I can't find this option in the Growth plan. Is it available or do I need to upgrade?,Medium,Product
TKT-11641,Request for invoice copy,Could you please send me a copy of my invoice for October? I need it for my expense report. Account AC-100014.,Low,Billing
TKT-10837,Mobile app sync issues,Changes made in the mobile app on iOS 17 aren't syncing to the web version. I've checked my internet connection and it's stable. App version 2.8.5.,High,Technical
TKT-11401,Promo code not applied,I entered promo code ANNUAL30 during checkout but the discount wasn't applied. I was charged the full $99.95. Please adjust my bill.,Medium,Billing
TKT-11431,Request for invoice copy,Could you please send me a copy of my invoice for June? I need it for my expense report. Account AC-100032.,High,Billing
TKT-11761,Charged for item I returned,I returned order #700140 on last Monday but I was charged $149.00 again. The laptop sleeve was sent back via wire transfer. Need a refund.,Medium,Billing
TKT-10593,Add team members,I need to add 10 new users to our Enterprise plan. Their email addresses are attached. Please confirm if this affects our pricing.,High,Account
TKT-10227,Slow dashboard loading,"The analytics dashboard takes over 90 seconds to load. This happens in both Chrome and Edge. Other pages load normally. Our dataset has about 1,000,000 rows.",Medium,Technical
TKT-11553,Data deletion request,"Per our company policy, I'm requesting complete deletion of all data associated with account admin@techfirm.io. Please confirm when this is done and provide a confirmation reference.",Low,Account
TKT-10448,Account merger request,We have two separate accounts (admin@techfirm.io and backup@acmecorp.com) that need to be merged. The backup@acmecorp.com account was created by mistake. Please consolidate under maria.g@retailco.com.,Medium,Account
TKT-11741,Product feedback and bug report,"The new custom dashboards is great but it crashes when exporting to CSV on macOS Ventura. Error: AUTH_401. Also, it would be useful to add white-label options support.",Medium,Technical
TKT-11139,International shipping inquiry,I'm trying to place an order for delivery to Brazil. Your website says shipping is unavailable for my region. Do you have plans to expand international shipping?,High,Shipping
TKT-10253,Change account owner,We need to transfer account ownership from jdoe@acmecorp.com to cto@startup.dev. Maria Garcia has left the company and Miguel Torres will be the new admin.,Urgent,Billing
TKT-10776,Promo code not applied,I entered promo code WELCOME15 during checkout but the discount wasn't applied. I was charged the full $75.00. Please adjust my bill.,Urgent,Billing
TKT-11736,Product feedback and bug report,"The new advanced analytics is great but it crashes when exporting to CSV on Windows 11. Error: RATE_LIMIT_429. Also, it would be useful to add audit logging support.",Medium,Technical
TKT-10769,Request expedited shipping,Is it possible to upgrade order #700146 to expedited shipping? I need it by February 28. Happy to pay the difference.,Urgent,Shipping
TKT-10481,Promo code not applied,I entered promo code LOYALTY10 during checkout but the discount wasn't applied. I was charged the full $349.00. Please adjust my bill.,Low,Billing
TKT-11006,Promo code not applied,I entered promo code LOYALTY10 during checkout but the discount wasn't applied. I was charged the full $49.00. Please adjust my bill.,Medium,Billing
TKT-10582,Cannot connect to API,Our integration is returning NULL_REF_500 errors when calling the /v2/data endpoint. This started around 11:00 AM PST today. API key is still valid. Please check server-side logs.,High,Technical
TKT-10048,Upgrade plan request,I'd like to upgrade from the Starter to the Premium plan. We currently have 5 users and need the additional features. What's the process?,Urgent,Account
TKT-10851,Billing cycle change request,Can I switch my billing cycle from monthly to annual? I'd like to take advantage of the yearly discount for the Growth plan.,Medium,Billing
TKT-10884,Wrong item shipped,I ordered docking station but received HDMI cable instead. Order #700116. I need the correct item sent and a return label for the wrong one.,Medium,Shipping
TKT-10721,Payment not reflected,I made a payment of $49.00 on last Friday via bank transfer but it still shows as outstanding on my account AC-100010. Can you confirm receipt?,Urgent,Shipping
TKT-10342,Webhook delivery failures,We're not receiving webhooks at our endpoint since last Friday. The webhook URL is correctly configured. Our server returns 200 OK but your dashboard shows delivery failures.,Low,Technical
TKT-10320,How to set up automated reports,I'm trying to configure scheduled reports to be emailed to my team every Monday morning. I can't find this option in the Business plan. Is it available or do I need to upgrade?,Medium,Product
TKT-10061,Duplicate charge,I was charged twice for the same transaction on last Friday. The duplicate charge is $75.00. Please refund the extra charge to my credit card.,Low,Billing
TKT-11455,Comparison with competitor,"I'm evaluating your product against Salesforce. Can you provide a comparison of features, especially around advanced analytics and white-label options? We're a 50-person company.",Urgent,Product
TKT-10925,Feature request: bulk import,"We'd love the ability to bulk import records via CSV upload. Currently we have to add entries one by one, which is impractical for our 1,000,000-record dataset.",Urgent,Product
TKT-10646,Billing cycle change request,Can I switch my billing cycle from monthly to annual? I'd like to take advantage of the yearly discount for the Starter plan.,Medium,Billing
TKT-10598,Upgrade plan request,I'd like to upgrade from the Starter to the Enterprise plan. We currently have 15 users and need the additional features. What's the process?,Urgent,Account
TKT-10623,Add team members,I need to add 5 new users to our Starter plan. Their email addresses are attached. Please confirm if this affects our pricing.,Medium,Account
TKT-11919,Urgent issue,Please call me back regarding my recent order and billing. Account ops@startup.dev. This needs immediate attention.,Low,Billing
TKT-11085,Onboarding guidance needed,We just signed up for the Enterprise plan with 5 users. Could you recommend the best way to onboard our team? We primarily need custom dashboards and white-label options.,Medium,Product
TKT-11951,Urgent issue,Please call me back regarding my recent order and billing. Account jdoe@acmecorp.com. This needs immediate attention.,Low,Billing
TKT-10171,Billing cycle change request,Can I switch my billing cycle from monthly to annual? I'd like to take advantage of the yearly discount for the Enterprise plan.,Urgent,Billing
TKT-11195,Integration with third-party tool,Do you support integration with Zapier? We use it heavily for compliance reporting and having a native connector would save us hours of manual data transfer each Monday morning.,High,Product
TKT-10997,Mobile app sync issues,Changes made in the mobile app on Android 14 aren't syncing to the web version. I've checked my internet connection and it's stable. App version 4.0.0.,High,Technical
TKT-11697,Application crashes on startup,"After the latest update, the desktop app crashes immediately on launch. I'm running macOS Ventura version 4.1.2. Error code: TIMEOUT_408. I've tried reinstalling but the issue persists.",High,Technical
TKT-10067,SSO login not working,Our team cannot log in via SSO since last Monday. We use Google Workspace as our identity provider. Regular email/password login still works. Error message: 'SAML assertion expired'.,High,Technical
TKT-11576,Duplicate charge,I was charged twice for the same transaction on yesterday. The duplicate charge is $12.99. Please refund the extra charge to my bank transfer.,Medium,Billing
TKT-10524,Return shipping label needed,I'd like to return order #700141 (docking station). It doesn't fit our requirements. Could you please email a prepaid return label to admin@techfirm.io?,Medium,Shipping
TKT-10799,Request expedited shipping,Is it possible to upgrade order #700133 to expedited shipping? I need it by last Monday. Happy to pay the difference.,Medium,Shipping
TKT-10349,Request expedited shipping,Is it possible to upgrade order #700115 to expedited shipping? I need it by March 15. Happy to pay the difference.,Low,Shipping
TKT-11091,Duplicate charge,I was charged twice for the same transaction on March 15. The duplicate charge is $12.99. Please refund the extra charge to my wire transfer.,Urgent,Billing
TKT-11458,Reset my password,I've been locked out of my account (jdoe@acmecorp.com) after too many failed login attempts. The password reset email isn't arriving. Can you manually reset it?,Urgent,Account
TKT-11022,Slow dashboard loading,"The analytics dashboard takes over 120 seconds to load. This happens in both Firefox and Edge. Other pages load normally. Our dataset has about 1,000,000 rows.",Medium,Technical
TKT-10947,Application crashes on startup,"After the latest update, the desktop app crashes immediately on launch. I'm running macOS Ventura version 4.1.2. Error code: ERR_502. I've tried reinstalling but the issue persists.",Medium,Technical
TKT-10311,Need to update payment method,I'd like to update the credit card on file for account AC-100035. My current card ending in 4242 has expired.,High,Billing
TKT-10911,Duplicate charge,I was charged twice for the same transaction on February 28. The duplicate charge is $349.00. Please refund the extra charge to my wire transfer.,Medium,Billing
TKT-11777,Need to cancel and get refund,I want to cancel my Enterprise subscription and get a prorated refund for the remaining 14 days. Account admin@techfirm.io. Please process ASAP.,Medium,Account
TKT-10655,Feature request: bulk import,"We'd love the ability to bulk import records via CSV upload. Currently we have to add entries one by one, which is impractical for our 100,000-record dataset.",High,Product
TKT-10698,Upgrade plan request,I'd like to upgrade from the Enterprise to the Premium plan. We currently have 10 users and need the additional features. What's the process?,Low,Account
TKT-10703,Data deletion request,"Per our company policy, I'm requesting complete deletion of all data associated with account admin@techfirm.io. Please confirm when this is done and provide a confirmation reference.",High,Account
TKT-11276,Incorrect charge on my account,I noticed a charge of $75.00 on my last statement that I don't recognize. My account number is AC-100005. Please investigate and issue a refund if this is an error.,Urgent,Billing
TKT-10975,Integration with third-party tool,Do you support integration with Zapier? We use it heavily for customer onboarding and having a native connector would save us hours of manual data transfer each daily.,Medium,Product
TKT-10797,Slow dashboard loading,"The analytics dashboard takes over 90 seconds to load. This happens in both Chrome and Firefox. Other pages load normally. Our dataset has about 250,000 rows.",Low,Technical
TKT-11950,Need help,I have an issue with my account AC-100042. Something isn't working right. Can someone look into it?,High,Account
TKT-10674,Request expedited shipping,Is it possible to upgrade order #700103 to expedited shipping? I need it by last Friday. Happy to pay the difference.,Medium,Shipping
TKT-10862,Report generation timeout,"Generating the monthly summary report times out after 45 seconds. The report covers 250,000 records. This worked fine last month with similar data volume.",High,Account
TKT-11574,Request expedited shipping,Is it possible to upgrade order #700147 to expedited shipping? I need it by yesterday. Happy to pay the difference.,Urgent,Shipping
TKT-10590,Comparison with competitor,"I'm evaluating your product against HubSpot. Can you provide a comparison of features, especially around team collaboration and role-based access? We're a 500-person company.",Medium,Product
TKT-10131,Need to update payment method,I'd like to update the credit card on file for account AC-100040. My current card ending in 9012 has expired.,High,Billing
TKT-10453,Reset my password,I've been locked out of my account (ops@startup.dev) after too many failed login attempts. The password reset email isn't arriving. Can you manually reset it?,Medium,Account
TKT-11747,Product feedback and bug report,"The new team collaboration is great but it crashes when exporting to CSV on Windows 11. Error: RATE_LIMIT_429. Also, it would be useful to add audit logging support.",Medium,Technical
TKT-10038,Cancel my subscription,I need to cancel my Growth subscription effective last Monday. Please confirm the cancellation and any remaining balance. Account holder: John Doe.,Low,Account
TKT-10461,Billing cycle change request,Can I switch my billing cycle from monthly to annual? I'd like to take advantage of the yearly discount for the Growth plan.,Medium,Billing
TKT-10454,Order not received,My order #700115 was supposed to arrive by March 10 but I still haven't received it. Tracking number 1Z9999925 shows it's been in transit for 14 days.,Medium,Shipping
TKT-10199,Order not received,My order #700102 was supposed to arrive by yesterday but I still haven't received it. Tracking number 1Z9999903 shows it's been in transit for 10 days.,Medium,Shipping
TKT-11334,Partial order received,Order #700105 was supposed to contain 3 items but only 1 arrived. Missing: USB-C hub. The packing slip shows all items were included.,Urgent,Shipping
TKT-11830,Wrong amount on subscription renewal,My Professional plan renewed at $59.99 instead of $12.99. I didn't authorize any changes. Account AC-100032. Also the dashboard shows the old plan features.,Low,Billing
TKT-11565,Beta feature feedback,"I've been testing the new team collaboration beta. Overall it's great, but I found 4 issues: the filter doesn't apply to grouped views, and export drops the last column.",Medium,Product
TKT-11504,Wrong item shipped,I ordered laptop sleeve but received mouse pad instead. Order #700144. I need the correct item sent and a return label for the wrong one.,High,Shipping
TKT-10266,Request for invoice copy,Could you please send me a copy of my invoice for June? I need it for my expense report. Account AC-100027.,Low,Billing
TKT-10849,Damaged package,My order #700145 arrived with significant damage to the packaging and the USB-C hub inside is broken. I've attached photos. Please send a replacement.,Medium,Shipping
TKT-10039,Order not received,My order #700114 was supposed to arrive by March 15 but I still haven't received it. Tracking number 1Z9999902 shows it's been in transit for 10 days.,Low,Technical
TKT-11466,Billing cycle change request,Can I switch my billing cycle from monthly to annual? I'd like to take advantage of the yearly discount for the Business plan.,Urgent,Billing
TKT-10834,Wrong item shipped,I ordered wireless keyboard but received HDMI cable instead. Order #700100. I need the correct item sent and a return label for the wrong one.,Medium,Shipping
TKT-11350,Integration with third-party tool,Do you support integration with Jira? We use it heavily for lead tracking and having a native connector would save us hours of manual data transfer each weekly.,High,Product
TKT-11499,Wrong item shipped,I ordered monitor stand but received mouse pad instead. Order #700121. I need the correct item sent and a return label for the wrong one.,Low,Shipping
TKT-11449,Wrong item shipped,I ordered laptop sleeve but received mouse pad instead. Order #700104. I need the correct item sent and a return label for the wrong one.,Low,Shipping
TKT-10372,Report generation timeout,"Generating the monthly summary report times out after 45 seconds. The report covers 250,000 records. This worked fine last month with similar data volume.",High,Technical
TKT-10817,Mobile app sync issues,Changes made in the mobile app on iOS 16 aren't syncing to the web version. I've checked my internet connection and it's stable. App version 4.1.2.,Low,Technical
TKT-10094,Request expedited shipping,Is it possible to upgrade order #700132 to expedited shipping? I need it by yesterday. Happy to pay the difference.,Low,Shipping
TKT-11568,Change account owner,We need to transfer account ownership from jdoe@acmecorp.com to backup@acmecorp.com. Maria Garcia has left the company and Miguel Torres will be the new admin.,Medium,Account
TKT-10567,Report generation timeout,"Generating the monthly summary report times out after 120 seconds. The report covers 1,000,000 records. This worked fine last month with similar data volume.",Low,Technical
TKT-11660,Feature request: bulk import,"We'd love the ability to bulk import records via CSV upload. Currently we have to add entries one by one, which is impractical for our 250,000-record dataset.",Urgent,Product
TKT-11196,Duplicate charge,I was charged twice for the same transaction on yesterday. The duplicate charge is $29.99. Please refund the extra charge to my bank transfer.,Medium,Billing
TKT-11356,Incorrect charge on my account,I noticed a charge of $29.99 on my last statement that I don't recognize. My account number is AC-100017. Please investigate and issue a refund if this is an error.,Low,Billing
TKT-10441,Duplicate charge,I was charged twice for the same transaction on March 10. The duplicate charge is $12.99. Please refund the extra charge to my PayPal.,High,Billing
TKT-10969,Partial order received,Order #700125 was supposed to contain 3 items but only 3 arrived. Missing: USB-C hub. The packing slip shows all items were included.,Medium,Shipping
TKT-11770,Need to cancel and get refund,I want to cancel my Business subscription and get a prorated refund for the remaining 7 days. Account ops@startup.dev. Please process ASAP.,Urgent,Account
TKT-10101,Promo code not applied,I entered promo code ANNUAL30 during checkout but the discount wasn't applied. I was charged the full $75.00. Please adjust my bill.,Urgent,Billing
TKT-11193,Permission issue for team member,User ops@startup.dev should have admin-level access but can only view dashboards. I've checked the role settings and they show 'Admin'. Please investigate.,High,Account
TKT-11105,How to set up automated reports,I'm trying to configure scheduled reports to be emailed to my team every Monday morning. I can't find this option in the Enterprise plan. Is it available or do I need to upgrade?,Medium,Product
TKT-11053,Upgrade plan request,I'd like to upgrade from the Professional to the Business plan. We currently have 25 users and need the additional features. What's the process?,Low,Account
TKT-11415,How to set up automated reports,I'm trying to configure scheduled reports to be emailed to my team every weekly. I can't find this option in the Enterprise plan. Is it available or do I need to upgrade?,High,Product
TKT-11789,Technical issue with billing portal,The billing page returns TIMEOUT_408 on Firefox. I can't view or download invoices for account AC-100048. This has been happening since two days ago.,Low,Technical
TKT-10393,Reset my password,I've been locked out of my account (maria.g@retailco.com) after too many failed login attempts. The password reset email isn't arriving. Can you manually reset it?,Medium,Account
TKT-11537,Application crashes on startup,"After the latest update, the desktop app crashes immediately on launch. I'm running Windows 11 version 4.0.0. Error code: AUTH_401. I've tried reinstalling but the issue persists.",Medium,Technical
TKT-10888,Upgrade plan request,I'd like to upgrade from the Business to the Premium plan. We currently have 5 users and need the additional features. What's the process?,Medium,Account
TKT-10163,Account merger request,We have two separate accounts (maria.g@retailco.com and jsmith@techfirm.io) that need to be merged. The backup@acmecorp.com account was created by mistake. Please consolidate under jdoe@acmecorp.com.,Low,Account
TKT-10527,Data export failing,"When I try to export reports as CSV, the download starts but fails at about 60%. File size should be around 120MB. Using Edge on Ubuntu 22.04.",High,Technical
TKT-10377,Slow dashboard loading,"The analytics dashboard takes over 60 seconds to load. This happens in both Safari and Safari. Other pages load normally. Our dataset has about 100,000 rows.",Medium,Technical
TKT-10046,Promo code not applied,I entered promo code WELCOME15 during checkout but the discount wasn't applied. I was charged the full $12.99. Please adjust my bill.,Low,Product
TKT-11391,Incorrect charge on my account,I noticed a charge of $149.00 on my last statement that I don't recognize. My account number is AC-100033. Please investigate and issue a refund if this is an error.,High,Billing
TKT-11265,How to set up automated reports,I'm trying to configure scheduled reports to be emailed to my team every daily. I can't find this option in the Growth plan. Is it available or do I need to upgrade?,Medium,Product
TKT-11301,Promo code not applied,I entered promo code SPRING25 during checkout but the discount wasn't applied. I was charged the full $49.00. Please adjust my bill.,Low,Billing
TKT-11224,Change shipping address,"I need to update the shipping address for order #700145 from Seattle to Los Angeles. The order hasn't shipped yet. New address: 456 Oak Ave, Floor 2.",Medium,Shipping
TKT-10162,Data export failing,"When I try to export reports as CSV, the download starts but fails at about 60%. File size should be around 250MB. Using Chrome on macOS Ventura.",Medium,Technical
TKT-11050,Suggestion for UI improvement,The current layout of the custom dashboards page requires too many clicks to accomplish basic tasks. Suggest adding a quick-action toolbar or keyboard shortcuts for power users.,Medium,Product
TKT-10783,Cancel my subscription,I need to cancel my Business subscription effective March 10. Please confirm the cancellation and any remaining balance. Account holder: Maria Garcia.,High,Account
TKT-11278,Account merger request,We have two separate accounts (admin@techfirm.io and team@retailco.com) that need to be merged. The backup@acmecorp.com account was created by mistake. Please consolidate under maria.g@retailco.com.,High,Account
TKT-11730,"Shipped to wrong address, need rebill",Order #700145 went to Seattle instead of Denver. I need it reshipped and the extra charge on my credit card reversed. Account AC-100012.,Urgent,Shipping
TKT-11614,Order not received,My order #700125 was supposed to arrive by March 15 but I still haven't received it. Tracking number 1Z9999900 shows it's been in transit for 7 days.,High,Shipping
TKT-11611,Duplicate charge,I was charged twice for the same transaction on yesterday. The duplicate charge is $349.00. Please refund the extra charge to my ACH.,High,Billing
TKT-10669,Partial order received,Order #700103 was supposed to contain 3 items but only 3 arrived. Missing: laptop sleeve. The packing slip shows all items were included.,Low,Shipping
TKT-10157,Application crashes on startup,"After the latest update, the desktop app crashes immediately on launch. I'm running macOS Ventura version 3.2.1. Error code: TIMEOUT_408. I've tried reinstalling but the issue persists.",High,Technical
TKT-10084,International shipping inquiry,I'm trying to place an order for delivery to Germany. Your website says shipping is unavailable for my region. Do you have plans to expand international shipping?,Medium,Shipping
TKT-11194,Damaged package,My order #700130 arrived with significant damage to the packaging and the USB-C hub inside is broken. I've attached photos. Please send a replacement.,High,Shipping
TKT-11166,Promo code not applied,I entered promo code ANNUAL30 during checkout but the discount wasn't applied. I was charged the full $29.99. Please adjust my bill.,High,Billing
TKT-11073,Upgrade plan request,I'd like to upgrade from the Enterprise to the Professional plan. We currently have 15 users and need the additional features. What's the process?,Medium,Account
TKT-10500,Comparison with competitor,"I'm evaluating your product against Salesforce. Can you provide a comparison of features, especially around custom dashboards and API rate limits? We're a 50-person company.",High,Product
TKT-10939,Damaged package,My order #700130 arrived with significant damage to the packaging and the docking station inside is broken. I've attached photos. Please send a replacement.,Medium,Shipping
TKT-10708,Data deletion request,"Per our company policy, I'm requesting complete deletion of all data associated with account jdoe@acmecorp.com. Please confirm when this is done and provide a confirmation reference.",Medium,Account
TKT-11786,Can't access account after plan change,I upgraded to Enterprise yesterday and now I get RATE_LIMIT_429 when I try to log in. My email is jdoe@acmecorp.com. Was the upgrade processed correctly?,High,Account
TKT-10883,Reset my password,I've been locked out of my account (admin@techfirm.io) after too many failed login attempts. The password reset email isn't arriving. Can you manually reset it?,High,Account
TKT-11931,Need help,I have an issue with my account AC-100049. Something isn't working right. Can someone look into it?,Medium,Account
TKT-10297,Slow dashboard loading,"The analytics dashboard takes over 60 seconds to load. This happens in both Chrome and Safari. Other pages load normally. Our dataset has about 250,000 rows.",Medium,Technical
TKT-10259,Request expedited shipping,Is it possible to upgrade order #700121 to expedited shipping? I need it by yesterday. Happy to pay the difference.,Low,Shipping
TKT-11801,"Shipped to wrong address, need rebill",Order #700140 went to Chicago instead of Los Angeles. I need it reshipped and the extra charge on my bank transfer reversed. Account AC-100006.,High,Shipping
TKT-11253,Account merger request,We have two separate accounts (ops@startup.dev and jsmith@techfirm.io) that need to be merged. The jsmith@techfirm.io account was created by mistake. Please consolidate under ops@startup.dev.,High,Account
TKT-10173,Upgrade plan request,I'd like to upgrade from the Professional to the Enterprise plan. We currently have 25 users and need the additional features. What's the process?,High,Account
TKT-10359,Partial order received,Order #700133 was supposed to contain 6 items but only 4 arrived. Missing: docking station. The packing slip shows all items were included.,Low,Shipping
TKT-10510,Comparison with competitor,"I'm evaluating your product against HubSpot. Can you provide a comparison of features, especially around workflow automation and audit logging? We're a 150-person company.",Medium,Product
TKT-10812,Report generation timeout,"Generating the monthly summary report times out after 60 seconds. The report covers 500,000 records. This worked fine last month with similar data volume.",High,Technical
TKT-11248,Reset my password,I've been locked out of my account (jdoe@acmecorp.com) after too many failed login attempts. The password reset email isn't arriving. Can you manually reset it?,High,Account
TKT-11923,Urgent issue,Please call me back regarding my recent order and billing. Account jdoe@acmecorp.com. This needs immediate attention.,Medium,Billing
TKT-10732,Application crashes on startup,"After the latest update, the desktop app crashes immediately on launch. I'm running macOS Sonoma version 2.8.5. Error code: NULL_REF_500. I've tried reinstalling but the issue persists.",Low,Technical
TKT-11311,Request for invoice copy,Could you please send me a copy of my invoice for June? I need it for my expense report. Account AC-100034.,Urgent,Billing
TKT-10073,Account merger request,We have two separate accounts (jdoe@acmecorp.com and team@retailco.com) that need to be merged. The team@retailco.com account was created by mistake. Please consolidate under jdoe@acmecorp.com.,Urgent,Account
TKT-10610,Comparison with competitor,"I'm evaluating your product against HubSpot. Can you provide a comparison of features, especially around team collaboration and white-label options? We're a 50-person company.",High,Product
TKT-10665,Onboarding guidance needed,We just signed up for the Starter plan with 10 users. Could you recommend the best way to onboard our team? We primarily need team collaboration and audit logging.,Medium,Product
TKT-10915,Comparison with competitor,"I'm evaluating your product against HubSpot. Can you provide a comparison of features, especially around advanced analytics and role-based access? We're a 50-person company.",High,Product
TKT-11983,Question about my account,"Hi, I have some questions about my Starter plan. Can you explain the features and also why my bill is $12.99? Account jdoe@acmecorp.com.",High,Account
TKT-10855,Suggestion for UI improvement,The current layout of the workflow automation page requires too many clicks to accomplish basic tasks. Suggest adding a quick-action toolbar or keyboard shortcuts for power users.,High,Product
TKT-10731,Duplicate charge,I was charged twice for the same transaction on March 1. The duplicate charge is $349.00. Please refund the extra charge to my wire transfer.,High,Billing
TKT-10601,Unexpected price increase,My monthly bill went from $99.95 to $199.00 without any prior notice. I'm on the Growth plan. Please explain this increase or revert it.,High,Billing
TKT-11250,Feature request: bulk import,"We'd love the ability to bulk import records via CSV upload. Currently we have to add entries one by one, which is impractical for our 100,000-record dataset.",Medium,Product
TKT-10548,Permission issue for team member,User admin@techfirm.io should have admin-level access but can only view dashboards. I've checked the role settings and they show 'Admin'. Please investigate.,High,Account
TKT-11112,SSO login not working,Our team cannot log in via SSO since last Friday. We use OneLogin as our identity provider. Regular email/password login still works. Error message: 'Identity provider returned invalid response'.,Medium,Technical
TKT-10049,Change shipping address,"I need to update the shipping address for order #700110 from Austin to Portland. The order hasn't shipped yet. New address: 456 Oak Ave, Floor 2.",Medium,Shipping
TKT-10607,Data export failing,"When I try to export reports as CSV, the download starts but fails at about 60%. File size should be around 250MB. Using Safari on Windows 11.",High,Technical
TKT-11682,Webhook delivery failures,We're not receiving webhooks at our endpoint since two days ago. The webhook URL is correctly configured. Our server returns 200 OK but your dashboard shows delivery failures.,Low,Technical
TKT-11624,Order not received,My order #700106 was supposed to arrive by March 1 but I still haven't received it. Tracking number 1Z9999926 shows it's been in transit for 14 days.,High,Shipping
TKT-11979,Need help,I have an issue with my account AC-100010. Something isn't working right. Can someone look into it?,Medium,Account
TKT-11613,Add team members,I need to add 5 new users to our Enterprise plan. Their email addresses are attached. Please confirm if this affects our pricing.,Medium,Account
TKT-10103,Permission issue for team member,User admin@techfirm.io should have admin-level access but can only view dashboards. I've checked the role settings and they show 'Admin'. Please investigate.,High,Account
TKT-10752,Mobile app sync issues,Changes made in the mobile app on iOS 17 aren't syncing to the web version. I've checked my internet connection and it's stable. App version 3.2.1.,Medium,Technical
TKT-11522,Mobile app sync issues,Changes made in the mobile app on iOS 17 aren't syncing to the web version. I've checked my internet connection and it's stable. App version 4.0.0.,Low,Technical
TKT-11003,Change account owner,We need to transfer account ownership from maria.g@retailco.com to team@retailco.com. John Doe has left the company and Miguel Torres will be the new admin.,Low,Account
TKT-11881,Shipping delay affecting our project,Order #700130 with laptop sleeve was supposed to arrive March 15. Our team can't proceed without it. Can we get an updated ETA? Also considering canceling if delayed further.,Low,Shipping
TKT-10082,Application crashes on startup,"After the latest update, the desktop app crashes immediately on launch. I'm running Windows 11 version 2.8.5. Error code: TIMEOUT_408. I've tried reinstalling but the issue persists.",Medium,Technical
TKT-10577,SSO login not working,Our team cannot log in via SSO since March 15. We use Azure AD as our identity provider. Regular email/password login still works. Error message: 'User not found in directory'.,Urgent,Technical
TKT-10952,Report generation timeout,"Generating the monthly summary report times out after 45 seconds. The report covers 250,000 records. This worked fine last month with similar data volume.",Medium,Technical
TKT-10100,Onboarding guidance needed,We just signed up for the Starter plan with 50 users. Could you recommend the best way to onboard our team? We primarily need workflow automation and role-based access.,Medium,Product
TKT-11712,Product feedback and bug report,"The new team collaboration is great but it crashes when exporting to CSV on Windows 11. Error: RATE_LIMIT_429. Also, it would be useful to add API rate limits support.",High,Technical
TKT-11269,Request expedited shipping,Is it possible to upgrade order #700146 to expedited shipping? I need it by two days ago. Happy to pay the difference.,Low,Shipping
TKT-11055,Comparison with competitor,"I'm evaluating your product against Zendesk. Can you provide a comparison of features, especially around workflow automation and audit logging? We're a 50-person company.",Medium,Product
TKT-11879,Can't access account after plan change,I upgraded to Business yesterday and now I get ERR_502 when I try to log in. My email is maria.g@retailco.com. Was the upgrade processed correctly?,Low,Account
TKT-11691,Billing cycle change request,Can I switch my billing cycle from monthly to annual? I'd like to take advantage of the yearly discount for the Enterprise plan.,Medium,Billing
TKT-11209,Wrong item shipped,I ordered wireless keyboard but received phone charger instead. Order #700102. I need the correct item sent and a return label for the wrong one.,High,Shipping
TKT-10691,Promo code not applied,I entered promo code WELCOME15 during checkout but the discount wasn't applied. I was charged the full $75.00. Please adjust my bill.,High,Billing
TKT-10015,Integration with third-party tool,Do you support integration with Jira? We use it heavily for customer onboarding and having a native connector would save us hours of manual data transfer each bi-weekly.,Medium,Product
TKT-11874,Wrong amount on subscription renewal,My Enterprise plan renewed at $59.99 instead of $49.00. I didn't authorize any changes. Account AC-100004. Also the dashboard shows the old plan features.,High,Billing
TKT-10164,Request expedited shipping,Is it possible to upgrade order #700138 to expedited shipping? I need it by two days ago. Happy to pay the difference.,Medium,Shipping
TKT-10786,Duplicate charge,I was charged twice for the same transaction on February 28. The duplicate charge is $49.00. Please refund the extra charge to my credit card.,Medium,Billing
TKT-11089,Damaged package,My order #700106 arrived with significant damage to the packaging and the wireless keyboard inside is broken. I've attached photos. Please send a replacement.,Medium,Shipping
TKT-11668,Add team members,I need to add 50 new users to our Business plan. Their email addresses are attached. Please confirm if this affects our pricing.,Low,Account
TKT-11661,Payment not reflected,I made a payment of $12.99 on last Friday via bank transfer but it still shows as outstanding on my account AC-100034. Can you confirm receipt?,High,Billing
TKT-10229,Partial order received,Order #700115 was supposed to contain 5 items but only 1 arrived. Missing: monitor stand. The packing slip shows all items were included.,Medium,Shipping
TKT-10748,Permission issue for team member,User maria.g@retailco.com should have admin-level access but can only view dashboards. I've checked the role settings and they show 'Admin'. Please investigate.,Medium,Account
TKT-11096,Unexpected price increase,My monthly bill went from $29.99 to $199.00 without any prior notice. I'm on the Starter plan. Please explain this increase or revert it.,Medium,Billing
TKT-10687,Webhook delivery failures,We're not receiving webhooks at our endpoint since last Monday. The webhook URL is correctly configured. Our server returns 200 OK but your dashboard shows delivery failures.,High,Product
TKT-11409,Wrong item shipped,I ordered monitor stand but received mouse pad instead. Order #700138. I need the correct item sent and a return label for the wrong one.,High,Shipping
TKT-11978,Need help,I have an issue with my account AC-100046. Something isn't working right. Can someone look into it?,Medium,Account
TKT-11029,Order not received,My order #700135 was supposed to arrive by yesterday but I still haven't received it. Tracking number 1Z9999912 shows it's been in transit for 14 days.,Urgent,Shipping
TKT-10923,Cancel my subscription,I need to cancel my Growth subscription effective March 1. Please confirm the cancellation and any remaining balance. Account holder: Maria Garcia.,High,Account
TKT-11237,Cannot connect to API,Our integration is returning RATE_LIMIT_429 errors when calling the /v2/data endpoint. This started around 4:45 PM GMT today. API key is still valid. Please check server-side logs.,Medium,Technical
TKT-10238,Account merger request,We have two separate accounts (ops@startup.dev and backup@acmecorp.com) that need to be merged. The backup@acmecorp.com account was created by mistake. Please consolidate under ops@startup.dev.,Medium,Technical
TKT-10530,Feature request: bulk import,"We'd love the ability to bulk import records via CSV upload. Currently we have to add entries one by one, which is impractical for our 500,000-record dataset.",Urgent,Product
TKT-10871,Unexpected price increase,My monthly bill went from $149.00 to $129.95 without any prior notice. I'm on the Business plan. Please explain this increase or revert it.,Medium,Technical
TKT-10621,Need to update payment method,I'd like to update the credit card on file for account AC-100033. My current card ending in 3456 has expired.,High,Account
TKT-10112,Mobile app sync issues,Changes made in the mobile app on Android 14 aren't syncing to the web version. I've checked my internet connection and it's stable. App version 3.1.0.,Medium,Technical
TKT-10866,Duplicate charge,I was charged twice for the same transaction on February 28. The duplicate charge is $99.95. Please refund the extra charge to my wire transfer.,High,Billing
TKT-10823,Permission issue for team member,User admin@techfirm.io should have admin-level access but can only view dashboards. I've checked the role settings and they show 'Admin'. Please investigate.,Low,Account
TKT-10996,Payment not reflected,I made a payment of $149.00 on March 15 via PayPal but it still shows as outstanding on my account AC-100015. Can you confirm receipt?,Medium,Billing
TKT-10024,Partial order received,Order #700133 was supposed to contain 5 items but only 1 arrived. Missing: wireless keyboard. The packing slip shows all items were included.,High,Shipping
TKT-10932,SSO login not working,Our team cannot log in via SSO since February 28. We use OneLogin as our identity provider. Regular email/password login still works. Error message: 'Identity provider returned invalid response'.,Urgent,Technical
TKT-11297,Application crashes on startup,"After the latest update, the desktop app crashes immediately on launch. I'm running Ubuntu 22.04 version 2.8.5. Error code: TIMEOUT_408. I've tried reinstalling but the issue persists.",Medium,Technical
TKT-11468,Permission issue for team member,User maria.g@retailco.com should have admin-level access but can only view dashboards. I've checked the role settings and they show 'Admin'. Please investigate.,Low,Technical
TKT-11177,Cannot connect to API,Our integration is returning AUTH_401 errors when calling the /v2/data endpoint. This started around 4:45 PM GMT today. API key is still valid. Please check server-side logs.,Low,Technical
TKT-11335,Suggestion for UI improvement,The current layout of the team collaboration page requires too many clicks to accomplish basic tasks. Suggest adding a quick-action toolbar or keyboard shortcuts for power users.,High,Product
TKT-10654,Wrong item shipped,I ordered USB-C hub but received phone charger instead. Order #700145. I need the correct item sent and a return label for the wrong one.,High,Shipping
TKT-10330,Integration with third-party tool,Do you support integration with Jira? We use it heavily for compliance reporting and having a native connector would save us hours of manual data transfer each monthly.,High,Product
TKT-10026,Billing cycle change request,Can I switch my billing cycle from monthly to annual? I'd like to take advantage of the yearly discount for the Professional plan.,Medium,Billing
TKT-10829,Return shipping label needed,I'd like to return order #700102 (docking station). It doesn't fit our requirements. Could you please email a prepaid return label to jdoe@acmecorp.com?,High,Shipping
TKT-10208,Change account owner,We need to transfer account ownership from maria.g@retailco.com to team@retailco.com. John Doe has left the company and Miguel Torres will be the new admin.,Medium,Account
TKT-10710,Suggestion for UI improvement,The current layout of the custom dashboards page requires too many clicks to accomplish basic tasks. Suggest adding a quick-action toolbar or keyboard shortcuts for power users.,Medium,Product
TKT-11604,Damaged package,My order #700143 arrived with significant damage to the packaging and the monitor stand inside is broken. I've attached photos. Please send a replacement.,High,Shipping
TKT-10953,Permission issue for team member,User maria.g@retailco.com should have admin-level access but can only view dashboards. I've checked the role settings and they show 'Admin'. Please investigate.,Urgent,Account
TKT-10218,Cancel my subscription,I need to cancel my Enterprise subscription effective yesterday. Please confirm the cancellation and any remaining balance. Account holder: John Doe.,High,Account
TKT-11060,Comparison with competitor,"I'm evaluating your product against Salesforce. Can you provide a comparison of features, especially around advanced analytics and audit logging? We're a 150-person company.",Urgent,Product
TKT-11309,International shipping inquiry,I'm trying to place an order for delivery to Germany. Your website says shipping is unavailable for my region. Do you have plans to expand international shipping?,High,Shipping
TKT-10335,How to set up automated reports,I'm trying to configure scheduled reports to be emailed to my team every bi-weekly. I can't find this option in the Enterprise plan. Is it available or do I need to upgrade?,Urgent,Product
TKT-11815,Can't access account after plan change,I upgraded to Business yesterday and now I get NULL_REF_500 when I try to log in. My email is ops@startup.dev. Was the upgrade processed correctly?,Urgent,Account
TKT-11430,Beta feature feedback,"I've been testing the new advanced analytics beta. Overall it's great, but I found 4 issues: the filter doesn't apply to grouped views, and export drops the last column.",High,Product
TKT-11454,Damaged package,My order #700142 arrived with significant damage to the packaging and the monitor stand inside is broken. I've attached photos. Please send a replacement.,Low,Shipping
TKT-10072,Application crashes on startup,"After the latest update, the desktop app crashes immediately on launch. I'm running Ubuntu 22.04 version 4.1.2. Error code: RATE_LIMIT_429. I've tried reinstalling but the issue persists.",Low,Technical
TKT-10985,Suggestion for UI improvement,The current layout of the team collaboration page requires too many clicks to accomplish basic tasks. Suggest adding a quick-action toolbar or keyboard shortcuts for power users.,Low,Product
TKT-10793,Reset my password,I've been locked out of my account (jdoe@acmecorp.com) after too many failed login attempts. The password reset email isn't arriving. Can you manually reset it?,High,Account
TKT-11550,Comparison with competitor,"I'm evaluating your product against HubSpot. Can you provide a comparison of features, especially around advanced analytics and audit logging? We're a 500-person company.",Urgent,Product
TKT-10584,Wrong item shipped,I ordered laptop sleeve but received phone charger instead. Order #700104. I need the correct item sent and a return label for the wrong one.,High,Shipping
TKT-11924,Question about my account,"Hi, I have some questions about my Starter plan. Can you explain the features and also why my bill is $99.95? Account ops@startup.dev.",Urgent,Account
TKT-11718,Product feedback and bug report,"The new custom dashboards is great but it crashes when exporting to CSV on macOS Sonoma. Error: RATE_LIMIT_429. Also, it would be useful to add white-label options support.",Urgent,Technical
TKT-10369,Order not received,My order #700131 was supposed to arrive by two days ago but I still haven't received it. Tracking number 1Z9999941 shows it's been in transit for 10 days.,Medium,Shipping
TKT-10787,SSO login not working,Our team cannot log in via SSO since last Friday. We use Google Workspace as our identity provider. Regular email/password login still works. Error message: 'User not found in directory'.,Urgent,Technical
TKT-10696,Billing cycle change request,Can I switch my billing cycle from monthly to annual? I'd like to take advantage of the yearly discount for the Professional plan.,Urgent,Billing
TKT-11997,Need help,I have an issue with my account AC-100027. Something isn't working right. Can someone look into it?,Medium,Account
TKT-11679,Damaged package,My order #700131 arrived with significant damage to the packaging and the laptop sleeve inside is broken. I've attached photos. Please send a replacement.,Low,Shipping
TKT-10619,Wrong item shipped,I ordered laptop sleeve but received headset instead. Order #700138. I need the correct item sent and a return label for the wrong one.,Low,Shipping
TKT-10433,Permission issue for team member,User admin@techfirm.io should have admin-level access but can only view dashboards. I've checked the role settings and they show 'Admin'. Please investigate.,High,Account
TKT-10091,Duplicate charge,I was charged twice for the same transaction on March 1. The duplicate charge is $29.99. Please refund the extra charge to my PayPal.,Medium,Billing
TKT-11808,"Shipped to wrong address, need rebill",Order #700110 went to Seattle instead of Miami. I need it reshipped and the extra charge on my PayPal reversed. Account AC-100037.,Medium,Shipping
TKT-11907,Following up,I contacted you February 28 about a problem but haven't heard back. My ticket was about monitor stand and charges on my account. Reference AC-100014.,Medium,Billing
TKT-10283,Upgrade plan request,I'd like to upgrade from the Professional to the Growth plan. We currently have 25 users and need the additional features. What's the process?,High,Account
TKT-10472,Data export failing,"When I try to export reports as CSV, the download starts but fails at about 60%. File size should be around 50MB. Using Edge on macOS Sonoma.",Medium,Technical
TKT-11768,Technical issue with billing portal,The billing page returns ERR_502 on Chrome. I can't view or download invoices for account AC-100043. This has been happening since February 28.,Medium,Technical
TKT-11637,Mobile app sync issues,Changes made in the mobile app on Android 13 aren't syncing to the web version. I've checked my internet connection and it's stable. App version 2.8.5.,Medium,Technical
TKT-11228,Change account owner,We need to transfer account ownership from maria.g@retailco.com to cto@startup.dev. Alex Kim has left the company and Lisa Wang will be the new admin.,Low,Account
TKT-11251,Billing cycle change request,Can I switch my billing cycle from monthly to annual? I'd like to take advantage of the yearly discount for the Business plan.,High,Billing
TKT-10004,Change shipping address,"I need to update the shipping address for order #700114 from Seattle to Miami. The order hasn't shipped yet. New address: 123 Main St, Suite 400.",Medium,Shipping
TKT-11027,Report generation timeout,"Generating the monthly summary report times out after 90 seconds. The report covers 250,000 records. This worked fine last month with similar data volume.",Low,Technical
TKT-10697,Report generation timeout,"Generating the monthly summary report times out after 90 seconds. The report covers 250,000 records. This worked fine last month with similar data volume.",Medium,Technical
TKT-10742,Mobile app sync issues,Changes made in the mobile app on Android 14 aren't syncing to the web version. I've checked my internet connection and it's stable. App version 4.1.2.,Urgent,Technical
TKT-11648,Permission issue for team member,User ops@startup.dev should have admin-level access but can only view dashboards. I've checked the role settings and they show 'Admin'. Please investigate.,High,Account
TKT-10482,Webhook delivery failures,We're not receiving webhooks at our endpoint since February 28. The webhook URL is correctly configured. Our server returns 200 OK but your dashboard shows delivery failures.,Low,Technical
TKT-11507,Cannot connect to API,Our integration is returning RATE_LIMIT_429 errors when calling the /v2/data endpoint. This started around 2:15 PM UTC today. API key is still valid. Please check server-side logs.,Medium,Technical
TKT-11559,Return shipping label needed,I'd like to return order #700108 (laptop sleeve). It doesn't fit our requirements. Could you please email a prepaid return label to admin@techfirm.io?,High,Shipping
TKT-10455,Documentation unclear,The docs for the custom dashboards API endpoint are missing examples for project management. I've spent 8 hours trying to figure out the correct request format. Can you provide a working example?,Urgent,Product
TKT-10056,Payment not reflected,I made a payment of $29.99 on March 15 via bank transfer but it still shows as outstanding on my account AC-100004. Can you confirm receipt?,Medium,Billing
TKT-11444,Wrong item shipped,I ordered wireless keyboard but received HDMI cable instead. Order #700101. I need the correct item sent and a return label for the wrong one.,Medium,Shipping
TKT-11909,Need help,I have an issue with my account AC-100038. Something isn't working right. Can someone look into it?,Medium,Account
TKT-11470,How to set up automated reports,I'm trying to configure scheduled reports to be emailed to my team every Monday morning. I can't find this option in the Professional plan. Is it available or do I need to upgrade?,Medium,Product
TKT-10147,Data export failing,"When I try to export reports as CSV, the download starts but fails at about 60%. File size should be around 120MB. Using Firefox on Ubuntu 22.04.",Low,Shipping
TKT-11094,Return shipping label needed,I'd like to return order #700105 (wireless keyboard). It doesn't fit our requirements. Could you please email a prepaid return label to maria.g@retailco.com?,Medium,Shipping
TKT-11980,Need help,I have an issue with my account AC-100047. Something isn't working right. Can someone look into it?,Medium,Account
TKT-11384,Partial order received,Order #700139 was supposed to contain 5 items but only 1 arrived. Missing: USB-C hub. The packing slip shows all items were included.,Urgent,Shipping
TKT-10870,Comparison with competitor,"I'm evaluating your product against Zendesk. Can you provide a comparison of features, especially around workflow automation and audit logging? We're a 500-person company.",Low,Product
TKT-10580,Beta feature feedback,"I've been testing the new team collaboration beta. Overall it's great, but I found 2 issues: the filter doesn't apply to grouped views, and export drops the last column.",Medium,Product
TKT-11715,Technical issue with billing portal,The billing page returns TIMEOUT_408 on Chrome. I can't view or download invoices for account AC-100003. This has been happening since last Friday.,Medium,Technical
TKT-10819,Wrong item shipped,I ordered monitor stand but received phone charger instead. Order #700100. I need the correct item sent and a return label for the wrong one.,High,Shipping
TKT-10274,Wrong item shipped,I ordered monitor stand but received headset instead. Order #700127. I need the correct item sent and a return label for the wrong one.,Medium,Shipping
TKT-10652,Webhook delivery failures,We're not receiving webhooks at our endpoint since last Monday. The webhook URL is correctly configured. Our server returns 200 OK but your dashboard shows delivery failures.,Medium,Technical
TKT-10264,Order not received,My order #700143 was supposed to arrive by March 15 but I still haven't received it. Tracking number 1Z9999917 shows it's been in transit for 14 days.,High,Shipping
TKT-10794,Return shipping label needed,I'd like to return order #700128 (laptop sleeve). It doesn't fit our requirements. Could you please email a prepaid return label to jdoe@acmecorp.com?,Medium,Shipping
TKT-10197,Data export failing,"When I try to export reports as CSV, the download starts but fails at about 60%. File size should be around 120MB. Using Firefox on Windows 11.",Medium,Technical
TKT-10498,Permission issue for team member,User maria.g@retailco.com should have admin-level access but can only view dashboards. I've checked the role settings and they show 'Admin'. Please investigate.,Low,Account
TKT-10950,Comparison with competitor,"I'm evaluating your product against HubSpot. Can you provide a comparison of features, especially around advanced analytics and white-label options? We're a 500-person company.",Medium,Product
TKT-10771,Duplicate charge,I was charged twice for the same transaction on March 1. The duplicate charge is $75.00. Please refund the extra charge to my PayPal.,Medium,Billing
TKT-10968,Add team members,I need to add 10 new users to our Growth plan. Their email addresses are attached. Please confirm if this affects our pricing.,Urgent,Account
TKT-10436,Unexpected price increase,My monthly bill went from $99.95 to $79.00 without any prior notice. I'm on the Business plan. Please explain this increase or revert it.,Urgent,Billing
TKT-10808,Upgrade plan request,I'd like to upgrade from the Starter to the Professional plan. We currently have 5 users and need the additional features. What's the process?,Urgent,Account
TKT-11127,SSO login not working,Our team cannot log in via SSO since last Monday. We use Azure AD as our identity provider. Regular email/password login still works. Error message: 'Certificate mismatch'.,Urgent,Technical
TKT-11626,Promo code not applied,I entered promo code ANNUAL30 during checkout but the discount wasn't applied. I was charged the full $349.00. Please adjust my bill.,Medium,Billing
TKT-10205,Suggestion for UI improvement,The current layout of the team collaboration page requires too many clicks to accomplish basic tasks. Suggest adding a quick-action toolbar or keyboard shortcuts for power users.,High,Product
TKT-10706,Unexpected price increase,My monthly bill went from $49.00 to $59.99 without any prior notice. I'm on the Enterprise plan. Please explain this increase or revert it.,Medium,Billing
TKT-10327,Application crashes on startup,"After the latest update, the desktop app crashes immediately on launch. I'm running Windows 10 version 3.1.0. Error code: ERR_502. I've tried reinstalling but the issue persists.",High,Technical
TKT-10978,Account merger request,We have two separate accounts (ops@startup.dev and team@retailco.com) that need to be merged. The team@retailco.com account was created by mistake. Please consolidate under admin@techfirm.io.,Urgent,Account
TKT-10011,Billing cycle change request,Can I switch my billing cycle from monthly to annual? I'd like to take advantage of the yearly discount for the Starter plan.,Medium,Billing
TKT-11662,Report generation timeout,"Generating the monthly summary report times out after 60 seconds. The report covers 500,000 records. This worked fine last month with similar data volume.",High,Technical
TKT-11138,Cancel my subscription,I need to cancel my Growth subscription effective last Monday. Please confirm the cancellation and any remaining balance. Account holder: Sarah Chen.,High,Account
TKT-10316,Need to update payment method,I'd like to update the credit card on file for account AC-100015. My current card ending in 9012 has expired.,Urgent,Billing
TKT-10502,Data export failing,"When I try to export reports as CSV, the download starts but fails at about 60%. File size should be around 250MB. Using Safari on Windows 10.",High,Technical
TKT-10185,Comparison with competitor,"I'm evaluating your product against Zendesk. Can you provide a comparison of features, especially around advanced analytics and audit logging? We're a 150-person company.",Urgent,Product
TKT-10895,Integration with third-party tool,Do you support integration with Jira? We use it heavily for compliance reporting and having a native connector would save us hours of manual data transfer each daily.,Low,Product
TKT-10417,Slow dashboard loading,"The analytics dashboard takes over 30 seconds to load. This happens in both Edge and Edge. Other pages load normally. Our dataset has about 100,000 rows.",Urgent,Technical
TKT-10484,Order not received,My order #700133 was supposed to arrive by March 10 but I still haven't received it. Tracking number 1Z9999904 shows it's been in transit for 5 days.,High,Shipping
TKT-10379,Partial order received,Order #700101 was supposed to contain 3 items but only 4 arrived. Missing: docking station. The packing slip shows all items were included.,Medium,Shipping
TKT-10165,Onboarding guidance needed,We just signed up for the Business plan with 25 users. Could you recommend the best way to onboard our team? We primarily need advanced analytics and audit logging.,Medium,Product
TKT-10630,Comparison with competitor,"I'm evaluating your product against Freshdesk. Can you provide a comparison of features, especially around custom dashboards and audit logging? We're a 50-person company.",Medium,Product
TKT-10618,Cancel my subscription,I need to cancel my Starter subscription effective last Monday. Please confirm the cancellation and any remaining balance. Account holder: John Doe.,Urgent,Account
TKT-10353,Upgrade plan request,I'd like to upgrade from the Enterprise to the Business plan. We currently have 25 users and need the additional features. What's the process?,Urgent,Account
TKT-10411,Unexpected price increase,My monthly bill went from $149.00 to $59.99 without any prior notice. I'm on the Starter plan. Please explain this increase or revert it.,Medium,Billing
TKT-11567,Webhook delivery failures,We're not receiving webhooks at our endpoint since last Monday. The webhook URL is correctly configured. Our server returns 200 OK but your dashboard shows delivery failures.,Medium,Technical
TKT-11472,Data export failing,"When I try to export reports as CSV, the download starts but fails at about 60%. File size should be around 120MB. Using Firefox on macOS Ventura.",High,Technical
TKT-10002,Data export failing,"When I try to export reports as CSV, the download starts but fails at about 60%. File size should be around 50MB. Using Chrome on macOS Ventura.",Low,Technical
TKT-10944,Wrong item shipped,I ordered laptop sleeve but received HDMI cable instead. Order #700116. I need the correct item sent and a return label for the wrong one.,Medium,Shipping
TKT-10339,Damaged package,My order #700134 arrived with significant damage to the packaging and the monitor stand inside is broken. I've attached photos. Please send a replacement.,Medium,Shipping
TKT-10811,Need to update payment method,I'd like to update the credit card on file for account AC-100011. My current card ending in 4242 has expired.,Medium,Billing
TKT-11854,Shipping delay affecting our project,Order #700117 with laptop sleeve was supposed to arrive March 15. Our team can't proceed without it. Can we get an updated ETA? Also considering canceling if delayed further.,Urgent,Shipping
TKT-11670,Onboarding guidance needed,We just signed up for the Business plan with 10 users. Could you recommend the best way to onboard our team? We primarily need workflow automation and white-label options.,Medium,Technical
TKT-11843,Shipping delay affecting our project,Order #700109 with laptop sleeve was supposed to arrive last Monday. Our team can't proceed without it. Can we get an updated ETA? Also considering canceling if delayed further.,High,Shipping
TKT-10634,Order not received,My order #700125 was supposed to arrive by March 15 but I still haven't received it. Tracking number 1Z9999929 shows it's been in transit for 10 days.,High,Shipping
TKT-11460,Integration with third-party tool,Do you support integration with Zapier? We use it heavily for compliance reporting and having a native connector would save us hours of manual data transfer each weekly.,Medium,Product
TKT-10111,Incorrect charge on my account,I noticed a charge of $75.00 on my last statement that I don't recognize. My account number is AC-100019. Please investigate and issue a refund if this is an error.,High,Billing
TKT-10683,Change account owner,We need to transfer account ownership from jdoe@acmecorp.com to backup@acmecorp.com. Sarah Chen has left the company and James Park will be the new admin.,High,Account
TKT-11359,Change shipping address,"I need to update the shipping address for order #700105 from Austin to Miami. The order hasn't shipped yet. New address: 456 Oak Ave, Floor 2.",Urgent,Shipping
TKT-10267,Report generation timeout,"Generating the monthly summary report times out after 120 seconds. The report covers 250,000 records. This worked fine last month with similar data volume.",Low,Technical
TKT-10286,Request for invoice copy,Could you please send me a copy of my invoice for May? I need it for my expense report. Account AC-100029.,Medium,Billing
TKT-11543,Add team members,I need to add 5 new users to our Enterprise plan. Their email addresses are attached. Please confirm if this affects our pricing.,Medium,Account
TKT-11935,Need help,I have an issue with my account AC-100037. Something isn't working right. Can someone look into it?,Low,Account
TKT-11848,Shipping delay affecting our project,Order #700143 with USB-C hub was supposed to arrive March 1. Our team can't proceed without it. Can we get an updated ETA? Also considering canceling if delayed further.,Medium,Shipping
TKT-11223,Permission issue for team member,User maria.g@retailco.com should have admin-level access but can only view dashboards. I've checked the role settings and they show 'Admin'. Please investigate.,Medium,Account
TKT-10616,Unexpected price increase,My monthly bill went from $99.95 to $249.50 without any prior notice. I'm on the Business plan. Please explain this increase or revert it.,Medium,Billing
TKT-11694,Damaged package,My order #700145 arrived with significant damage to the packaging and the wireless keyboard inside is broken. I've attached photos. Please send a replacement.,Medium,Shipping
TKT-11049,Change shipping address,"I need to update the shipping address for order #700140 from Austin to Boston. The order hasn't shipped yet. New address: 123 Main St, Suite 400.",Low,Shipping
TKT-10336,Promo code not applied,I entered promo code LOYALTY10 during checkout but the discount wasn't applied. I was charged the full $75.00. Please adjust my bill.,Urgent,Billing
TKT-10059,International shipping inquiry,I'm trying to place an order for delivery to Germany. Your website says shipping is unavailable for my region. Do you have plans to expand international shipping?,Medium,Shipping
TKT-11215,Feature request: bulk import,"We'd love the ability to bulk import records via CSV upload. Currently we have to add entries one by one, which is impractical for our 1,000,000-record dataset.",Medium,Product
TKT-10821,Unexpected price increase,My monthly bill went from $349.00 to $129.95 without any prior notice. I'm on the Enterprise plan. Please explain this increase or revert it.,Low,Billing
TKT-11183,Permission issue for team member,User ops@startup.dev should have admin-level access but can only view dashboards. I've checked the role settings and they show 'Admin'. Please investigate.,Medium,Account
TKT-10552,Slow dashboard loading,"The analytics dashboard takes over 60 seconds to load. This happens in both Safari and Safari. Other pages load normally. Our dataset has about 500,000 rows.",Low,Technical
TKT-11877,Can't access account after plan change,I upgraded to Growth yesterday and now I get RATE_LIMIT_429 when I try to log in. My email is admin@techfirm.io. Was the upgrade processed correctly?,Low,Account
TKT-10863,Cancel my subscription,I need to cancel my Professional subscription effective two days ago. Please confirm the cancellation and any remaining balance. Account holder: Alex Kim.,Low,Account
TKT-10221,Need to update payment method,I'd like to update the credit card on file for account AC-100006. My current card ending in 1234 has expired.,Medium,Billing
TKT-11039,Order not received,My order #700114 was supposed to arrive by March 15 but I still haven't received it. Tracking number 1Z9999909 shows it's been in transit for 5 days.,Medium,Shipping
TKT-10480,Documentation unclear,The docs for the team collaboration API endpoint are missing examples for customer onboarding. I've spent 5 hours trying to figure out the correct request format. Can you provide a working example?,High,Product
TKT-10083,Add team members,I need to add 5 new users to our Starter plan. Their email addresses are attached. Please confirm if this affects our pricing.,Medium,Account
TKT-10615,Comparison with competitor,"I'm evaluating your product against Salesforce. Can you provide a comparison of features, especially around custom dashboards and white-label options? We're a 25-person company.",Medium,Product
TKT-10822,Application crashes on startup,"After the latest update, the desktop app crashes immediately on launch. I'm running Windows 11 version 4.0.0. Error code: RATE_LIMIT_429. I've tried reinstalling but the issue persists.",High,Technical
TKT-11390,Feature request: bulk import,"We'd love the ability to bulk import records via CSV upload. Currently we have to add entries one by one, which is impractical for our 250,000-record dataset.",Low,Product
TKT-10989,Partial order received,Order #700120 was supposed to contain 3 items but only 1 arrived. Missing: USB-C hub. The packing slip shows all items were included.,Medium,Shipping
TKT-11926,Unhappy customer,"I've been having nothing but problems. The workflow automation doesn't work, I was overcharged $29.99, and my last order #700107 never arrived. Please fix all of this.",Urgent,Product
TKT-11231,Payment not reflected,I made a payment of $49.00 on March 1 via credit card but it still shows as outstanding on my account AC-100020. Can you confirm receipt?,Medium,Billing
TKT-10765,Feature request: bulk import,"We'd love the ability to bulk import records via CSV upload. Currently we have to add entries one by one, which is impractical for our 1,000,000-record dataset.",High,Product
TKT-10518,Add team members,I need to add 15 new users to our Enterprise plan. Their email addresses are attached. Please confirm if this affects our pricing.,Low,Account
TKT-10499,Wrong item shipped,I ordered monitor stand but received headset instead. Order #700136. I need the correct item sent and a return label for the wrong one.,High,Shipping
TKT-11620,Documentation unclear,The docs for the custom dashboards API endpoint are missing examples for customer onboarding. I've spent 5 hours trying to figure out the correct request format. Can you provide a working example?,Low,Product
TKT-11861,Need to cancel and get refund,I want to cancel my Enterprise subscription and get a prorated refund for the remaining 14 days. Account ops@startup.dev. Please process ASAP.,Urgent,Account
TKT-10891,Unexpected price increase,My monthly bill went from $99.95 to $199.00 without any prior notice. I'm on the Growth plan. Please explain this increase or revert it.,Medium,Billing
TKT-11180,How to set up automated reports,I'm trying to configure scheduled reports to be emailed to my team every monthly. I can't find this option in the Growth plan. Is it available or do I need to upgrade?,Urgent,Product
TKT-11947,Need help,I have an issue with my account AC-100015. Something isn't working right. Can someone look into it?,Medium,Billing
TKT-10935,Comparison with competitor,"I'm evaluating your product against Salesforce. Can you provide a comparison of features, especially around workflow automation and white-label options? We're a 500-person company.",Medium,Product
TKT-11942,Urgent issue,Please call me back regarding my recent order and billing. Account jdoe@acmecorp.com. This needs immediate attention.,Medium,Billing
TKT-10900,How to set up automated reports,I'm trying to configure scheduled reports to be emailed to my team every weekly. I can't find this option in the Business plan. Is it available or do I need to upgrade?,Medium,Product
TKT-10045,How to set up automated reports,I'm trying to configure scheduled reports to be emailed to my team every weekly. I can't find this option in the Professional plan. Is it available or do I need to upgrade?,Low,Product
TKT-11448,Account merger request,We have two separate accounts (admin@techfirm.io and team@retailco.com) that need to be merged. The jsmith@techfirm.io account was created by mistake. Please consolidate under admin@techfirm.io.,Low,Account
TKT-11976,Unhappy customer,"I've been having nothing but problems. The workflow automation doesn't work, I was overcharged $199.50, and my last order #700140 never arrived. Please fix all of this.",Urgent,Product
TKT-11445,Suggestion for UI improvement,The current layout of the advanced analytics page requires too many clicks to accomplish basic tasks. Suggest adding a quick-action toolbar or keyboard shortcuts for power users.,Low,Product
TKT-10334,Change shipping address,"I need to update the shipping address for order #700118 from Chicago to Los Angeles. The order hasn't shipped yet. New address: 789 Pine Rd, Unit B.",Medium,Shipping
TKT-10628,Reset my password,I've been locked out of my account (jdoe@acmecorp.com) after too many failed login attempts. The password reset email isn't arriving. Can you manually reset it?,Urgent,Account
TKT-10734,International shipping inquiry,I'm trying to place an order for delivery to Japan. Your website says shipping is unavailable for my region. Do you have plans to expand international shipping?,Low,Shipping
TKT-10384,Change shipping address,"I need to update the shipping address for order #700123 from Seattle to Boston. The order hasn't shipped yet. New address: 123 Main St, Suite 400.",Medium,Shipping
TKT-10206,Promo code not applied,I entered promo code SPRING25 during checkout but the discount wasn't applied. I was charged the full $149.00. Please adjust my bill.,Urgent,Billing
TKT-11618,Upgrade plan request,I'd like to upgrade from the Starter to the Business plan. We currently have 5 users and need the additional features. What's the process?,Medium,Account
TKT-10690,Integration with third-party tool,Do you support integration with Google Sheets? We use it heavily for project management and having a native connector would save us hours of manual data transfer each daily.,Low,Product
TKT-10686,Payment not reflected,I made a payment of $99.95 on March 1 via ACH but it still shows as outstanding on my account AC-100041. Can you confirm receipt?,Medium,Billing
TKT-11704,Wrong amount on subscription renewal,My Business plan renewed at $59.99 instead of $99.95. I didn't authorize any changes. Account AC-100019. Also the dashboard shows the old plan features.,Urgent,Billing
TKT-10864,Wrong item shipped,I ordered USB-C hub but received HDMI cable instead. Order #700147. I need the correct item sent and a return label for the wrong one.,Medium,Shipping
TKT-10326,Request for invoice copy,Could you please send me a copy of my invoice for September? I need it for my expense report. Account AC-100023.,Low,Billing
TKT-10017,Slow dashboard loading,"The analytics dashboard takes over 90 seconds to load. This happens in both Edge and Chrome. Other pages load normally. Our dataset has about 1,000,000 rows.",Medium,Technical
TKT-10735,Onboarding guidance needed,We just signed up for the Business plan with 15 users. Could you recommend the best way to onboard our team? We primarily need custom dashboards and white-label options.,High,Product
TKT-11290,Integration with third-party tool,Do you support integration with Jira? We use it heavily for customer onboarding and having a native connector would save us hours of manual data transfer each bi-weekly.,Low,Product
TKT-10215,Suggestion for UI improvement,The current layout of the workflow automation page requires too many clicks to accomplish basic tasks. Suggest adding a quick-action toolbar or keyboard shortcuts for power users.,Medium,Product
TKT-11850,Shipping delay affecting our project,Order #700103 with USB-C hub was supposed to arrive last Monday. Our team can't proceed without it. Can we get an updated ETA? Also considering canceling if delayed further.,Low,Shipping
TKT-10070,Comparison with competitor,"I'm evaluating your product against Salesforce. Can you provide a comparison of features, especially around workflow automation and audit logging? We're a 500-person company.",Medium,Product
TKT-11206,Promo code not applied,I entered promo code ANNUAL30 during checkout but the discount wasn't applied. I was charged the full $99.95. Please adjust my bill.,Low,Billing
TKT-11450,Onboarding guidance needed,We just signed up for the Enterprise plan with 5 users. Could you recommend the best way to onboard our team? We primarily need workflow automation and role-based access.,Low,Product
TKT-10774,Return shipping label needed,I'd like to return order #700133 (monitor stand). It doesn't fit our requirements. Could you please email a prepaid return label to ops@startup.dev?,Low,Shipping
TKT-11897,"Shipped to wrong address, need rebill",Order #700142 went to New York instead of Denver. I need it reshipped and the extra charge on my wire transfer reversed. Account AC-100040.,High,Shipping
TKT-10763,Reset my password,I've been locked out of my account (ops@startup.dev) after too many failed login attempts. The password reset email isn't arriving. Can you manually reset it?,Urgent,Account
TKT-10662,Cannot connect to API,Our integration is returning RATE_LIMIT_429 errors when calling the /v2/data endpoint. This started around 11:00 AM PST today. API key is still valid. Please check server-side logs.,Urgent,Technical
TKT-11748,Charged for item I returned,I returned order #700129 on March 1 but I was charged $349.00 again. The laptop sleeve was sent back via wire transfer. Need a refund.,High,Billing
TKT-10957,Application crashes on startup,"After the latest update, the desktop app crashes immediately on launch. I'm running macOS Sonoma version 3.1.0. Error code: ERR_502. I've tried reinstalling but the issue persists.",High,Technical
TKT-11866,Product feedback and bug report,"The new team collaboration is great but it crashes when exporting to CSV on macOS Sonoma. Error: TIMEOUT_408. Also, it would be useful to add audit logging support.",Low,Technical
TKT-11727,"Shipped to wrong address, need rebill",Order #700100 went to San Francisco instead of Los Angeles. I need it reshipped and the extra charge on my PayPal reversed. Account AC-100043.,Urgent,Shipping
TKT-10382,Application crashes on startup,"After the latest update, the desktop app crashes immediately on launch. I'm running Windows 11 version 3.1.0. Error code: TIMEOUT_408. I've tried reinstalling but the issue persists.",Urgent,Technical
TKT-11482,Report generation timeout,"Generating the monthly summary report times out after 90 seconds. The report covers 100,000 records. This worked fine last month with similar data volume.",Medium,Technical
TKT-11349,International shipping inquiry,I'm trying to place an order for delivery to Japan. Your website says shipping is unavailable for my region. Do you have plans to expand international shipping?,High,Shipping
TKT-11059,Request expedited shipping,Is it possible to upgrade order #700134 to expedited shipping? I need it by last Friday. Happy to pay the difference.,Low,Shipping
TKT-10237,Data export failing,"When I try to export reports as CSV, the download starts but fails at about 60%. File size should be around 120MB. Using Chrome on macOS Sonoma.",Medium,Technical
TKT-10065,How to set up automated reports,I'm trying to configure scheduled reports to be emailed to my team every weekly. I can't find this option in the Business plan. Is it available or do I need to upgrade?,Low,Product
TKT-10535,Beta feature feedback,"I've been testing the new custom dashboards beta. Overall it's great, but I found 3 issues: the filter doesn't apply to grouped views, and export drops the last column.",High,Product
TKT-10958,Account merger request,We have two separate accounts (ops@startup.dev and cto@startup.dev) that need to be merged. The backup@acmecorp.com account was created by mistake. Please consolidate under jdoe@acmecorp.com.,Medium,Account
TKT-10447,Slow dashboard loading,"The analytics dashboard takes over 60 seconds to load. This happens in both Chrome and Safari. Other pages load normally. Our dataset has about 1,000,000 rows.",Medium,Technical
TKT-10529,Change shipping address,"I need to update the shipping address for order #700137 from Seattle to Denver. The order hasn't shipped yet. New address: 789 Pine Rd, Unit B.",High,Shipping
TKT-11473,Data deletion request,"Per our company policy, I'm requesting complete deletion of all data associated with account jdoe@acmecorp.com. Please confirm when this is done and provide a confirmation reference.",Medium,Account
TKT-11052,Report generation timeout,"Generating the monthly summary report times out after 120 seconds. The report covers 100,000 records. This worked fine last month with similar data volume.",Medium,Technical
TKT-11619,Damaged package,My order #700141 arrived with significant damage to the packaging and the USB-C hub inside is broken. I've attached photos. Please send a replacement.,Medium,Shipping
TKT-10551,Unexpected price increase,My monthly bill went from $149.00 to $129.95 without any prior notice. I'm on the Starter plan. Please explain this increase or revert it.,Medium,Billing
TKT-11130,Integration with third-party tool,Do you support integration with Zapier? We use it heavily for project management and having a native connector would save us hours of manual data transfer each weekly.,High,Product
TKT-11032,Cannot connect to API,Our integration is returning NULL_REF_500 errors when calling the /v2/data endpoint. This started around 2:15 PM UTC today. API key is still valid. Please check server-side logs.,Medium,Technical
TKT-11890,Charged for item I returned,I returned order #700147 on yesterday but I was charged $349.00 again. The USB-C hub was sent back via wire transfer. Need a refund.,Medium,Billing
TKT-10701,Billing cycle change request,Can I switch my billing cycle from monthly to annual? I'd like to take advantage of the yearly discount for the Professional plan.,High,Billing
TKT-10425,Onboarding guidance needed,We just signed up for the Business plan with 10 users. Could you recommend the best way to onboard our team? We primarily need custom dashboards and white-label options.,Medium,Product
TKT-10592,SSO login not working,Our team cannot log in via SSO since March 15. We use Google Workspace as our identity provider. Regular email/password login still works. Error message: 'SAML assertion expired'.,Low,Technical
TKT-11397,Slow dashboard loading,"The analytics dashboard takes over 120 seconds to load. This happens in both Firefox and Chrome. Other pages load normally. Our dataset has about 100,000 rows.",Urgent,Technical
TKT-11324,Order not received,My order #700115 was supposed to arrive by February 28 but I still haven't received it. Tracking number 1Z9999900 shows it's been in transit for 7 days.,High,Shipping
TKT-10711,Request for invoice copy,Could you please send me a copy of my invoice for May? I need it for my expense report. Account AC-100025.,Medium,Billing
TKT-10889,Request expedited shipping,Is it possible to upgrade order #700138 to expedited shipping? I need it by March 15. Happy to pay the difference.,Medium,Shipping
TKT-11439,International shipping inquiry,I'm trying to place an order for delivery to Japan. Your website says shipping is unavailable for my region. Do you have plans to expand international shipping?,Low,Shipping
TKT-11829,Charged for item I returned,I returned order #700121 on last Monday but I was charged $49.00 again. The USB-C hub was sent back via credit card. Need a refund.,High,Billing
TKT-11165,Suggestion for UI improvement,The current layout of the custom dashboards page requires too many clicks to accomplish basic tasks. Suggest adding a quick-action toolbar or keyboard shortcuts for power users.,Medium,Product
TKT-11804,Can't access account after plan change,I upgraded to Growth yesterday and now I get ERR_502 when I try to log in. My email is maria.g@retailco.com. Was the upgrade processed correctly?,Medium,Account
TKT-10319,Partial order received,Order #700144 was supposed to contain 4 items but only 4 arrived. Missing: laptop sleeve. The packing slip shows all items were included.,High,Shipping
TKT-11705,Wrong amount on subscription renewal,My Starter plan renewed at $249.50 instead of $75.00. I didn't authorize any changes. Account AC-100011. Also the dashboard shows the old plan features.,Low,Billing
TKT-11199,Damaged package,My order #700136 arrived with significant damage to the packaging and the docking station inside is broken. I've attached photos. Please send a replacement.,Medium,Shipping
TKT-10076,Payment not reflected,I made a payment of $12.99 on March 10 via bank transfer but it still shows as outstanding on my account AC-100047. Can you confirm receipt?,Urgent,Billing
TKT-11871,Technical issue with billing portal,The billing page returns RATE_LIMIT_429 on Edge. I can't view or download invoices for account AC-100037. This has been happening since two days ago.,High,Technical
TKT-11408,Data deletion request,"Per our company policy, I'm requesting complete deletion of all data associated with account admin@techfirm.io. Please confirm when this is done and provide a confirmation reference.",Medium,Account
TKT-11293,Account merger request,We have two separate accounts (ops@startup.dev and jsmith@techfirm.io) that need to be merged. The backup@acmecorp.com account was created by mistake. Please consolidate under admin@techfirm.io.,Medium,Account
TKT-10921,Payment not reflected,I made a payment of $12.99 on March 1 via PayPal but it still shows as outstanding on my account AC-100037. Can you confirm receipt?,High,Billing
TKT-11841,Can't access account after plan change,I upgraded to Enterprise yesterday and now I get TIMEOUT_408 when I try to log in. My email is ops@startup.dev. Was the upgrade processed correctly?,High,Account
TKT-11639,Request expedited shipping,Is it possible to upgrade order #700122 to expedited shipping? I need it by February 28. Happy to pay the difference.,Low,Shipping
TKT-10715,Suggestion for UI improvement,The current layout of the custom dashboards page requires too many clicks to accomplish basic tasks. Suggest adding a quick-action toolbar or keyboard shortcuts for power users.,Low,Product
TKT-10745,Integration with third-party tool,Do you support integration with Jira? We use it heavily for customer onboarding and having a native connector would save us hours of manual data transfer each bi-weekly.,High,Product
TKT-11186,Request for invoice copy,Could you please send me a copy of my invoice for December? I need it for my expense report. Account AC-100013.,High,Billing
TKT-11702,Product feedback and bug report,"The new custom dashboards is great but it crashes when exporting to CSV on macOS Ventura. Error: AUTH_401. Also, it would be useful to add audit logging support.",Medium,Technical
TKT-11686,Promo code not applied,I entered promo code SAVE20 during checkout but the discount wasn't applied. I was charged the full $49.00. Please adjust my bill.,Medium,Billing
TKT-10190,Onboarding guidance needed,We just signed up for the Enterprise plan with 25 users. Could you recommend the best way to onboard our team? We primarily need workflow automation and audit logging.,Urgent,Product
TKT-10542,Slow dashboard loading,"The analytics dashboard takes over 60 seconds to load. This happens in both Chrome and Edge. Other pages load normally. Our dataset has about 50,000 rows.",Medium,Technical
TKT-11719,Shipping delay affecting our project,Order #700139 with docking station was supposed to arrive yesterday. Our team can't proceed without it. Can we get an updated ETA? Also considering canceling if delayed further.,Urgent,Shipping
TKT-11429,International shipping inquiry,I'm trying to place an order for delivery to India. Your website says shipping is unavailable for my region. Do you have plans to expand international shipping?,Medium,Shipping
TKT-10532,Mobile app sync issues,Changes made in the mobile app on Android 13 aren't syncing to the web version. I've checked my internet connection and it's stable. App version 4.0.0.,High,Technical
TKT-10605,How to set up automated reports,I'm trying to configure scheduled reports to be emailed to my team every weekly. I can't find this option in the Growth plan. Is it available or do I need to upgrade?,High,Product
TKT-11606,Request for invoice copy,Could you please send me a copy of my invoice for January? I need it for my expense report. Account AC-100032.,Low,Billing
TKT-11807,Shipping delay affecting our project,Order #700108 with USB-C hub was supposed to arrive two days ago. Our team can't proceed without it. Can we get an updated ETA? Also considering canceling if delayed further.,Medium,Shipping
TKT-10559,Damaged package,My order #700135 arrived with significant damage to the packaging and the USB-C hub inside is broken. I've attached photos. Please send a replacement.,Medium,Shipping
TKT-10386,Billing cycle change request,Can I switch my billing cycle from monthly to annual? I'd like to take advantage of the yearly discount for the Business plan.,High,Billing
TKT-11864,Wrong amount on subscription renewal,My Professional plan renewed at $199.00 instead of $199.50. I didn't authorize any changes. Account AC-100049. Also the dashboard shows the old plan features.,Urgent,Billing
TKT-10848,Cancel my subscription,I need to cancel my Professional subscription effective two days ago. Please confirm the cancellation and any remaining balance. Account holder: Maria Garcia.,Urgent,Account
TKT-10647,Application crashes on startup,"After the latest update, the desktop app crashes immediately on launch. I'm running Windows 10 version 4.0.0. Error code: TIMEOUT_408. I've tried reinstalling but the issue persists.",Medium,Technical
TKT-11920,Following up,I contacted you March 10 about a problem but haven't heard back. My ticket was about monitor stand and charges on my account. Reference AC-100029.,High,Billing
TKT-10288,Upgrade plan request,I'd like to upgrade from the Growth to the Premium plan. We currently have 50 users and need the additional features. What's the process?,Medium,Account
TKT-10572,Cannot connect to API,Our integration is returning NULL_REF_500 errors when calling the /v2/data endpoint. This started around 9:30 AM EST today. API key is still valid. Please check server-side logs.,High,Technical
TKT-11676,Billing cycle change request,Can I switch my billing cycle from monthly to annual? I'd like to take advantage of the yearly discount for the Business plan.,Medium,Billing
TKT-10588,Permission issue for team member,User maria.g@retailco.com should have admin-level access but can only view dashboards. I've checked the role settings and they show 'Admin'. Please investigate.,Urgent,Account
TKT-11608,Add team members,I need to add 15 new users to our Business plan. Their email addresses are attached. Please confirm if this affects our pricing.,Medium,Account
TKT-10777,Slow dashboard loading,"The analytics dashboard takes over 30 seconds to load. This happens in both Edge and Chrome. Other pages load normally. Our dataset has about 100,000 rows.",Medium,Technical
TKT-10110,Feature request: bulk import,"We'd love the ability to bulk import records via CSV upload. Currently we have to add entries one by one, which is impractical for our 1,000,000-record dataset.",Medium,Product
TKT-11651,Incorrect charge on my account,I noticed a charge of $149.00 on my last statement that I don't recognize. My account number is AC-100030. Please investigate and issue a refund if this is an error.,Medium,Billing
TKT-10272,Data export failing,"When I try to export reports as CSV, the download starts but fails at about 60%. File size should be around 120MB. Using Chrome on Windows 10.",Urgent,Technical
TKT-11512,Cannot connect to API,Our integration is returning AUTH_401 errors when calling the /v2/data endpoint. This started around 11:00 AM PST today. API key is still valid. Please check server-side logs.,Medium,Technical
TKT-11664,Return shipping label needed,I'd like to return order #700146 (USB-C hub). It doesn't fit our requirements. Could you please email a prepaid return label to maria.g@retailco.com?,Medium,Shipping
TKT-11316,Promo code not applied,I entered promo code WELCOME15 during checkout but the discount wasn't applied. I was charged the full $99.95. Please adjust my bill.,Low,Billing
TKT-11395,Documentation unclear,The docs for the team collaboration API endpoint are missing examples for customer onboarding. I've spent 5 hours trying to figure out the correct request format. Can you provide a working example?,High,Product
TKT-10631,Billing cycle change request,Can I switch my billing cycle from monthly to annual? I'd like to take advantage of the yearly discount for the Business plan.,Medium,Billing
TKT-10506,Promo code not applied,I entered promo code LOYALTY10 during checkout but the discount wasn't applied. I was charged the full $149.00. Please adjust my bill.,Medium,Billing
TKT-11484,International shipping inquiry,I'm trying to place an order for delivery to India. Your website says shipping is unavailable for my region. Do you have plans to expand international shipping?,Medium,Shipping
TKT-11894,"Shipped to wrong address, need rebill",Order #700110 went to Austin instead of Los Angeles. I need it reshipped and the extra charge on my ACH reversed. Account AC-100042.,Medium,Shipping
TKT-10943,Permission issue for team member,User ops@startup.dev should have admin-level access but can only view dashboards. I've checked the role settings and they show 'Admin'. Please investigate.,Medium,Billing
TKT-10768,Account merger request,We have two separate accounts (admin@techfirm.io and team@retailco.com) that need to be merged. The backup@acmecorp.com account was created by mistake. Please consolidate under ops@startup.dev.,Low,Account
TKT-11307,Cannot connect to API,Our integration is returning RATE_LIMIT_429 errors when calling the /v2/data endpoint. This started around 2:15 PM UTC today. API key is still valid. Please check server-side logs.,Low,Account
TKT-10446,Billing cycle change request,Can I switch my billing cycle from monthly to annual? I'd like to take advantage of the yearly discount for the Enterprise plan.,Low,Shipping
TKT-11957,Following up,I contacted you last Monday about a problem but haven't heard back. My ticket was about monitor stand and charges on my account. Reference AC-100036.,High,Billing
TKT-11583,Account merger request,We have two separate accounts (admin@techfirm.io and team@retailco.com) that need to be merged. The jsmith@techfirm.io account was created by mistake. Please consolidate under jdoe@acmecorp.com.,Medium,Account
TKT-10042,Data export failing,"When I try to export reports as CSV, the download starts but fails at about 60%. File size should be around 15MB. Using Chrome on Windows 10.",Medium,Technical
TKT-11284,Order not received,My order #700106 was supposed to arrive by yesterday but I still haven't received it. Tracking number 1Z9999927 shows it's been in transit for 10 days.,Medium,Shipping
TKT-11211,Request for invoice copy,Could you please send me a copy of my invoice for September? I need it for my expense report. Account AC-100049.,High,Billing
TKT-11817,Need to cancel and get refund,I want to cancel my Enterprise subscription and get a prorated refund for the remaining 14 days. Account admin@techfirm.io. Please process ASAP.,Medium,Account
TKT-10381,Promo code not applied,I entered promo code ANNUAL30 during checkout but the discount wasn't applied. I was charged the full $349.00. Please adjust my bill.,Medium,Billing
TKT-11541,Unexpected price increase,My monthly bill went from $199.50 to $79.00 without any prior notice. I'm on the Professional plan. Please explain this increase or revert it.,Urgent,Billing
TKT-11495,Feature request: bulk import,"We'd love the ability to bulk import records via CSV upload. Currently we have to add entries one by one, which is impractical for our 250,000-record dataset.",Medium,Technical
TKT-10374,Wrong item shipped,I ordered monitor stand but received HDMI cable instead. Order #700129. I need the correct item sent and a return label for the wrong one.,Low,Shipping
TKT-10186,Duplicate charge,I was charged twice for the same transaction on March 10. The duplicate charge is $199.50. Please refund the extra charge to my PayPal.,High,Billing
TKT-10239,International shipping inquiry,I'm trying to place an order for delivery to India. Your website says shipping is unavailable for my region. Do you have plans to expand international shipping?,Medium,Shipping
TKT-10181,Incorrect charge on my account,I noticed a charge of $12.99 on my last statement that I don't recognize. My account number is AC-100005. Please investigate and issue a refund if this is an error.,Medium,Billing
TKT-10949,International shipping inquiry,I'm trying to place an order for delivery to Australia. Your website says shipping is unavailable for my region. Do you have plans to expand international shipping?,Medium,Shipping
TKT-11160,Comparison with competitor,"I'm evaluating your product against HubSpot. Can you provide a comparison of features, especially around team collaboration and role-based access? We're a 50-person company.",Urgent,Product
TKT-10177,Application crashes on startup,"After the latest update, the desktop app crashes immediately on launch. I'm running macOS Ventura version 3.1.0. Error code: NULL_REF_500. I've tried reinstalling but the issue persists.",Low,Technical
TKT-11427,Report generation timeout,"Generating the monthly summary report times out after 45 seconds. The report covers 50,000 records. This worked fine last month with similar data volume.",Low,Technical
TKT-11164,Wrong item shipped,I ordered USB-C hub but received HDMI cable instead. Order #700100. I need the correct item sent and a return label for the wrong one.,High,Shipping
TKT-11673,Data deletion request,"Per our company policy, I'm requesting complete deletion of all data associated with account ops@startup.dev. Please confirm when this is done and provide a confirmation reference.",Low,Account
TKT-10700,How to set up automated reports,I'm trying to configure scheduled reports to be emailed to my team every Monday morning. I can't find this option in the Business plan. Is it available or do I need to upgrade?,Low,Product
TKT-10242,Mobile app sync issues,Changes made in the mobile app on iOS 17 aren't syncing to the web version. I've checked my internet connection and it's stable. App version 3.1.0.,High,Technical
TKT-10719,Partial order received,Order #700136 was supposed to contain 4 items but only 4 arrived. Missing: monitor stand. The packing slip shows all items were included.,Low,Product
TKT-11953,Question about my account,"Hi, I have some questions about my Business plan. Can you explain the features and also why my bill is $199.50? Account admin@techfirm.io.",High,Account
TKT-10561,Incorrect charge on my account,I noticed a charge of $349.00 on my last statement that I don't recognize. My account number is AC-100008. Please investigate and issue a refund if this is an error.,Low,Billing
TKT-11928,Urgent issue,Please call me back regarding my recent order and billing. Account jdoe@acmecorp.com. This needs immediate attention.,Low,Billing
TKT-10007,SSO login not working,Our team cannot log in via SSO since February 28. We use Azure AD as our identity provider. Regular email/password login still works. Error message: 'Certificate mismatch'.,Low,Technical
TKT-11827,Charged for item I returned,I returned order #700103 on March 1 but I was charged $149.00 again. The USB-C hub was sent back via PayPal. Need a refund.,Urgent,Billing
TKT-11302,Cannot connect to API,Our integration is returning RATE_LIMIT_429 errors when calling the /v2/data endpoint. This started around 11:00 AM PST today. API key is still valid. Please check server-side logs.,High,Technical
TKT-10355,Suggestion for UI improvement,The current layout of the advanced analytics page requires too many clicks to accomplish basic tasks. Suggest adding a quick-action toolbar or keyboard shortcuts for power users.,Urgent,Product
TKT-10839,Change shipping address,"I need to update the shipping address for order #700145 from Chicago to Los Angeles. The order hasn't shipped yet. New address: 456 Oak Ave, Floor 2.",Low,Shipping
TKT-11036,Promo code not applied,I entered promo code WELCOME15 during checkout but the discount wasn't applied. I was charged the full $75.00. Please adjust my bill.,Low,Billing
TKT-11411,Promo code not applied,I entered promo code SAVE20 during checkout but the discount wasn't applied. I was charged the full $12.99. Please adjust my bill.,Low,Billing
TKT-10407,Slow dashboard loading,"The analytics dashboard takes over 60 seconds to load. This happens in both Chrome and Chrome. Other pages load normally. Our dataset has about 50,000 rows.",Medium,Technical
TKT-11247,Mobile app sync issues,Changes made in the mobile app on Android 14 aren't syncing to the web version. I've checked my internet connection and it's stable. App version 2.8.5.,Low,Technical
TKT-10565,Feature request: bulk import,"We'd love the ability to bulk import records via CSV upload. Currently we have to add entries one by one, which is impractical for our 250,000-record dataset.",Medium,Product
TKT-10092,Mobile app sync issues,Changes made in the mobile app on iOS 16 aren't syncing to the web version. I've checked my internet connection and it's stable. App version 3.1.0.,Medium,Technical
TKT-11600,Beta feature feedback,"I've been testing the new team collaboration beta. Overall it's great, but I found 2 issues: the filter doesn't apply to grouped views, and export drops the last column.",Low,Product
TKT-10354,International shipping inquiry,I'm trying to place an order for delivery to Germany. Your website says shipping is unavailable for my region. Do you have plans to expand international shipping?,High,Shipping
TKT-11945,Need help,I have an issue with my account AC-100005. Something isn't working right. Can someone look into it?,Urgent,Account
TKT-10547,Slow dashboard loading,"The analytics dashboard takes over 45 seconds to load. This happens in both Firefox and Safari. Other pages load normally. Our dataset has about 250,000 rows.",Medium,Technical
TKT-11493,Reset my password,I've been locked out of my account (jdoe@acmecorp.com) after too many failed login attempts. The password reset email isn't arriving. Can you manually reset it?,Low,Account
TKT-10303,Account merger request,We have two separate accounts (admin@techfirm.io and backup@acmecorp.com) that need to be merged. The team@retailco.com account was created by mistake. Please consolidate under jdoe@acmecorp.com.,Medium,Account
TKT-11028,Data deletion request,"Per our company policy, I'm requesting complete deletion of all data associated with account maria.g@retailco.com. Please confirm when this is done and provide a confirmation reference.",Medium,Account
TKT-11560,Suggestion for UI improvement,The current layout of the workflow automation page requires too many clicks to accomplish basic tasks. Suggest adding a quick-action toolbar or keyboard shortcuts for power users.,Medium,Product
TKT-10396,Unexpected price increase,My monthly bill went from $29.99 to $249.50 without any prior notice. I'm on the Enterprise plan. Please explain this increase or revert it.,Low,Billing
TKT-10134,Partial order received,Order #700127 was supposed to contain 5 items but only 3 arrived. Missing: USB-C hub. The packing slip shows all items were included.,High,Shipping
TKT-11800,Shipping delay affecting our project,Order #700130 with wireless keyboard was supposed to arrive yesterday. Our team can't proceed without it. Can we get an updated ETA? Also considering canceling if delayed further.,Medium,Shipping
TKT-11372,Webhook delivery failures,We're not receiving webhooks at our endpoint since March 10. The webhook URL is correctly configured. Our server returns 200 OK but your dashboard shows delivery failures.,Medium,Technical
TKT-11368,Add team members,I need to add 10 new users to our Enterprise plan. Their email addresses are attached. Please confirm if this affects our pricing.,Urgent,Account
TKT-11816,Can't access account after plan change,I upgraded to Enterprise yesterday and now I get ERR_502 when I try to log in. My email is jdoe@acmecorp.com. Was the upgrade processed correctly?,Medium,Account
TKT-11775,Technical issue with billing portal,The billing page returns TIMEOUT_408 on Edge. I can't view or download invoices for account AC-100013. This has been happening since March 15.,High,Technical
TKT-11361,Billing cycle change request,Can I switch my billing cycle from monthly to annual? I'd like to take advantage of the yearly discount for the Professional plan.,Medium,Billing
TKT-10030,Integration with third-party tool,Do you support integration with Salesforce? We use it heavily for project management and having a native connector would save us hours of manual data transfer each Monday morning.,Medium,Product
TKT-11058,Reset my password,I've been locked out of my account (ops@startup.dev) after too many failed login attempts. The password reset email isn't arriving. Can you manually reset it?,High,Account
TKT-10751,Unexpected price increase,My monthly bill went from $149.00 to $79.00 without any prior notice. I'm on the Professional plan. Please explain this increase or revert it.,Medium,Billing
TKT-11479,Wrong item shipped,I ordered laptop sleeve but received mouse pad instead. Order #700111. I need the correct item sent and a return label for the wrong one.,Medium,Shipping
TKT-11202,Webhook delivery failures,We're not receiving webhooks at our endpoint since last Friday. The webhook URL is correctly configured. Our server returns 200 OK but your dashboard shows delivery failures.,High,Technical
TKT-11952,Following up,I contacted you last Monday about a problem but haven't heard back. My ticket was about USB-C hub and charges on my account. Reference AC-100038.,Medium,Billing
TKT-11453,Upgrade plan request,I'd like to upgrade from the Growth to the Business plan. We currently have 50 users and need the additional features. What's the process?,Urgent,Account
TKT-10649,Wrong item shipped,I ordered USB-C hub but received HDMI cable instead. Order #700149. I need the correct item sent and a return label for the wrong one.,High,Shipping
TKT-11377,Report generation timeout,"Generating the monthly summary report times out after 120 seconds. The report covers 50,000 records. This worked fine last month with similar data volume.",Medium,Technical
TKT-10682,Data export failing,"When I try to export reports as CSV, the download starts but fails at about 60%. File size should be around 50MB. Using Safari on macOS Sonoma.",Urgent,Technical
TKT-10035,Beta feature feedback,"I've been testing the new advanced analytics beta. Overall it's great, but I found 3 issues: the filter doesn't apply to grouped views, and export drops the last column.",Urgent,Product
TKT-11511,Promo code not applied,I entered promo code LOYALTY10 during checkout but the discount wasn't applied. I was charged the full $149.00. Please adjust my bill.,Medium,Billing
TKT-11837,Wrong amount on subscription renewal,My Business plan renewed at $59.99 instead of $75.00. I didn't authorize any changes. Account AC-100040. Also the dashboard shows the old plan features.,High,Billing
TKT-11342,Report generation timeout,"Generating the monthly summary report times out after 45 seconds. The report covers 250,000 records. This worked fine last month with similar data volume.",Low,Technical
TKT-10398,Upgrade plan request,I'd like to upgrade from the Professional to the Professional plan. We currently have 25 users and need the additional features. What's the process?,Medium,Account
TKT-11692,Mobile app sync issues,Changes made in the mobile app on iOS 16 aren't syncing to the web version. I've checked my internet connection and it's stable. App version 4.1.2.,Low,Technical
TKT-11115,Feature request: bulk import,"We'd love the ability to bulk import records via CSV upload. Currently we have to add entries one by one, which is impractical for our 250,000-record dataset.",Low,Product
TKT-10200,Beta feature feedback,"I've been testing the new workflow automation beta. Overall it's great, but I found 2 issues: the filter doesn't apply to grouped views, and export drops the last column.",Medium,Product
TKT-10644,Return shipping label needed,I'd like to return order #700144 (monitor stand). It doesn't fit our requirements. Could you please email a prepaid return label to ops@startup.dev?,Urgent,Shipping
TKT-10128,Cancel my subscription,I need to cancel my Starter subscription effective two days ago. Please confirm the cancellation and any remaining balance. Account holder: John Doe.,High,Account
TKT-11456,Unexpected price increase,My monthly bill went from $49.00 to $59.99 without any prior notice. I'm on the Growth plan. Please explain this increase or revert it.,High,Billing
TKT-11306,Promo code not applied,I entered promo code LOYALTY10 during checkout but the discount wasn't applied. I was charged the full $12.99. Please adjust my bill.,Medium,Billing
TKT-10909,Change shipping address,"I need to update the shipping address for order #700102 from Seattle to Boston. The order hasn't shipped yet. New address: 789 Pine Rd, Unit B.",Urgent,Shipping
TKT-10115,Onboarding guidance needed,We just signed up for the Professional plan with 50 users. Could you recommend the best way to onboard our team? We primarily need custom dashboards and audit logging.,Medium,Product
TKT-10245,Comparison with competitor,"I'm evaluating your product against Salesforce. Can you provide a comparison of features, especially around advanced analytics and audit logging? We're a 150-person company.",Medium,Product
TKT-10860,Beta feature feedback,"I've been testing the new team collaboration beta. Overall it's great, but I found 4 issues: the filter doesn't apply to grouped views, and export drops the last column.",Medium,Product
TKT-10170,Suggestion for UI improvement,The current layout of the workflow automation page requires too many clicks to accomplish basic tasks. Suggest adding a quick-action toolbar or keyboard shortcuts for power users.,Urgent,Product
TKT-10270,Suggestion for UI improvement,The current layout of the advanced analytics page requires too many clicks to accomplish basic tasks. Suggest adding a quick-action toolbar or keyboard shortcuts for power users.,Low,Product
TKT-10363,Add team members,I need to add 10 new users to our Professional plan. Their email addresses are attached. Please confirm if this affects our pricing.,Medium,Account
TKT-11508,Reset my password,I've been locked out of my account (maria.g@retailco.com) after too many failed login attempts. The password reset email isn't arriving. Can you manually reset it?,Urgent,Account
TKT-11446,Promo code not applied,I entered promo code ANNUAL30 during checkout but the discount wasn't applied. I was charged the full $75.00. Please adjust my bill.,Low,Billing
TKT-10314,Return shipping label needed,I'd like to return order #700105 (USB-C hub). It doesn't fit our requirements. Could you please email a prepaid return label to ops@startup.dev?,Urgent,Shipping
TKT-11461,Billing cycle change request,Can I switch my billing cycle from monthly to annual? I'd like to take advantage of the yearly discount for the Starter plan.,High,Billing
TKT-11256,Promo code not applied,I entered promo code LOYALTY10 during checkout but the discount wasn't applied. I was charged the full $99.95. Please adjust my bill.,Low,Billing
TKT-10060,Integration with third-party tool,Do you support integration with Jira? We use it heavily for customer onboarding and having a native connector would save us hours of manual data transfer each monthly.,Low,Product
TKT-10757,Application crashes on startup,"After the latest update, the desktop app crashes immediately on launch. I'm running macOS Ventura version 2.8.5. Error code: RATE_LIMIT_429. I've tried reinstalling but the issue persists.",High,Billing
TKT-10079,Partial order received,Order #700122 was supposed to contain 5 items but only 2 arrived. Missing: USB-C hub. The packing slip shows all items were included.,Low,Shipping
TKT-10213,Add team members,I need to add 15 new users to our Enterprise plan. Their email addresses are attached. Please confirm if this affects our pricing.,Low,Account
TKT-11908,Unhappy customer,"I've been having nothing but problems. The workflow automation doesn't work, I was overcharged $199.50, and my last order #700109 never arrived. Please fix all of this.",High,Product
TKT-11538,Add team members,I need to add 15 new users to our Starter plan. Their email addresses are attached. Please confirm if this affects our pricing.,Medium,Account
TKT-11327,Data export failing,"When I try to export reports as CSV, the download starts but fails at about 60%. File size should be around 15MB. Using Firefox on Windows 10.",Medium,Technical
TKT-11536,Need to update payment method,I'd like to update the credit card on file for account AC-100019. My current card ending in 4242 has expired.,High,Billing
TKT-11740,Need to cancel and get refund,I want to cancel my Business subscription and get a prorated refund for the remaining 5 days. Account jdoe@acmecorp.com. Please process ASAP.,Low,Account
TKT-10356,Payment not reflected,I made a payment of $75.00 on last Monday via credit card but it still shows as outstanding on my account AC-100012. Can you confirm receipt?,High,Billing
TKT-11005,Suggestion for UI improvement,The current layout of the advanced analytics page requires too many clicks to accomplish basic tasks. Suggest adding a quick-action toolbar or keyboard shortcuts for power users.,Medium,Product
TKT-10931,Payment not reflected,I made a payment of $99.95 on March 10 via wire transfer but it still shows as outstanding on my account AC-100009. Can you confirm receipt?,Low,Technical
TKT-11295,Integration with third-party tool,Do you support integration with Salesforce? We use it heavily for project management and having a native connector would save us hours of manual data transfer each Monday morning.,Medium,Product
TKT-11245,Suggestion for UI improvement,The current layout of the team collaboration page requires too many clicks to accomplish basic tasks. Suggest adding a quick-action toolbar or keyboard shortcuts for power users.,High,Product
TKT-10965,Beta feature feedback,"I've been testing the new team collaboration beta. Overall it's great, but I found 4 issues: the filter doesn't apply to grouped views, and export drops the last column.",Medium,Product
TKT-11471,Request for invoice copy,Could you please send me a copy of my invoice for December? I need it for my expense report. Account AC-100010.,Low,Billing
TKT-10063,Account merger request,We have two separate accounts (maria.g@retailco.com and backup@acmecorp.com) that need to be merged. The jsmith@techfirm.io account was created by mistake. Please consolidate under maria.g@retailco.com.,Medium,Account
TKT-11172,SSO login not working,Our team cannot log in via SSO since yesterday. We use Okta as our identity provider. Regular email/password login still works. Error message: 'Identity provider returned invalid response'.,Low,Technical
TKT-10118,Change account owner,We need to transfer account ownership from admin@techfirm.io to cto@startup.dev. Maria Garcia has left the company and Rachel Adams will be the new admin.,High,Account
TKT-11281,Unexpected price increase,My monthly bill went from $12.99 to $199.00 without any prior notice. I'm on the Enterprise plan. Please explain this increase or revert it.,Medium,Billing
TKT-10562,Mobile app sync issues,Changes made in the mobile app on Android 13 aren't syncing to the web version. I've checked my internet connection and it's stable. App version 3.1.0.,High,Technical
TKT-10519,Damaged package,My order #700127 arrived with significant damage to the packaging and the monitor stand inside is broken. I've attached photos. Please send a replacement.,Medium,Shipping
TKT-11443,Cancel my subscription,I need to cancel my Growth subscription effective March 15. Please confirm the cancellation and any remaining balance. Account holder: Alex Kim.,Medium,Account
TKT-11425,Feature request: bulk import,"We'd love the ability to bulk import records via CSV upload. Currently we have to add entries one by one, which is impractical for our 100,000-record dataset.",Medium,Product
TKT-10090,Comparison with competitor,"I'm evaluating your product against Freshdesk. Can you provide a comparison of features, especially around team collaboration and audit logging? We're a 50-person company.",High,Product
TKT-10816,Promo code not applied,I entered promo code ANNUAL30 during checkout but the discount wasn't applied. I was charged the full $349.00. Please adjust my bill.,Low,Account
TKT-10981,Unexpected price increase,My monthly bill went from $149.00 to $249.50 without any prior notice. I'm on the Business plan. Please explain this increase or revert it.,Low,Billing
TKT-11315,How to set up automated reports,I'm trying to configure scheduled reports to be emailed to my team every bi-weekly. I can't find this option in the Enterprise plan. Is it available or do I need to upgrade?,Low,Product
TKT-10564,Wrong item shipped,I ordered docking station but received mouse pad instead. Order #700148. I need the correct item sent and a return label for the wrong one.,Medium,Shipping
TKT-11326,Payment not reflected,I made a payment of $49.00 on March 15 via credit card but it still shows as outstanding on my account AC-100031. Can you confirm receipt?,Medium,Billing
TKT-10069,Order not received,My order #700105 was supposed to arrive by March 1 but I still haven't received it. Tracking number 1Z9999917 shows it's been in transit for 5 days.,Low,Shipping
TKT-10560,Comparison with competitor,"I'm evaluating your product against Freshdesk. Can you provide a comparison of features, especially around advanced analytics and audit logging? We're a 25-person company.",Urgent,Product
TKT-11243,Data deletion request,"Per our company policy, I'm requesting complete deletion of all data associated with account ops@startup.dev. Please confirm when this is done and provide a confirmation reference.",Low,Account
TKT-10027,SSO login not working,Our team cannot log in via SSO since February 28. We use Okta as our identity provider. Regular email/password login still works. Error message: 'Certificate mismatch'.,High,Technical
TKT-11030,Beta feature feedback,"I've been testing the new team collaboration beta. Overall it's great, but I found 2 issues: the filter doesn't apply to grouped views, and export drops the last column.",Low,Product
TKT-10520,Onboarding guidance needed,We just signed up for the Starter plan with 15 users. Could you recommend the best way to onboard our team? We primarily need advanced analytics and API rate limits.,High,Product
TKT-10756,Promo code not applied,I entered promo code SPRING25 during checkout but the discount wasn't applied. I was charged the full $12.99. Please adjust my bill.,Medium,Billing
TKT-11805,Wrong amount on subscription renewal,My Business plan renewed at $199.00 instead of $12.99. I didn't authorize any changes. Account AC-100010. Also the dashboard shows the old plan features.,Urgent,Billing
TKT-10673,Account merger request,We have two separate accounts (jdoe@acmecorp.com and team@retailco.com) that need to be merged. The jsmith@techfirm.io account was created by mistake. Please consolidate under jdoe@acmecorp.com.,Urgent,Account
TKT-10636,Promo code not applied,I entered promo code SAVE20 during checkout but the discount wasn't applied. I was charged the full $75.00. Please adjust my bill.,Medium,Billing
TKT-11201,Duplicate charge,I was charged twice for the same transaction on March 1. The duplicate charge is $49.00. Please refund the extra charge to my ACH.,Urgent,Billing
TKT-11811,Charged for item I returned,I returned order #700147 on March 15 but I was charged $199.50 again. The laptop sleeve was sent back via PayPal. Need a refund.,High,Billing
TKT-10400,Onboarding guidance needed,We just signed up for the Starter plan with 10 users. Could you recommend the best way to onboard our team? We primarily need workflow automation and white-label options.,Urgent,Product
TKT-11078,Cancel my subscription,I need to cancel my Growth subscription effective February 28. Please confirm the cancellation and any remaining balance. Account holder: Alex Kim.,High,Account
TKT-10740,Beta feature feedback,"I've been testing the new team collaboration beta. Overall it's great, but I found 4 issues: the filter doesn't apply to grouped views, and export drops the last column.",Urgent,Product
TKT-10906,Payment not reflected,I made a payment of $49.00 on two days ago via bank transfer but it still shows as outstanding on my account AC-100034. Can you confirm receipt?,Low,Billing
TKT-10402,Slow dashboard loading,"The analytics dashboard takes over 90 seconds to load. This happens in both Safari and Chrome. Other pages load normally. Our dataset has about 250,000 rows.",High,Technical
TKT-10022,Slow dashboard loading,"The analytics dashboard takes over 120 seconds to load. This happens in both Edge and Firefox. Other pages load normally. Our dataset has about 50,000 rows.",Urgent,Technical
TKT-11532,SSO login not working,Our team cannot log in via SSO since last Friday. We use OneLogin as our identity provider. Regular email/password login still works. Error message: 'Certificate mismatch'.,Urgent,Technical
TKT-10367,Slow dashboard loading,"The analytics dashboard takes over 45 seconds to load. This happens in both Safari and Firefox. Other pages load normally. Our dataset has about 50,000 rows.",Low,Technical
TKT-10767,Report generation timeout,"Generating the monthly summary report times out after 60 seconds. The report covers 1,000,000 records. This worked fine last month with similar data volume.",Medium,Technical
TKT-11984,Need help,I have an issue with my account AC-100045. Something isn't working right. Can someone look into it?,Medium,Account
TKT-10392,SSO login not working,Our team cannot log in via SSO since yesterday. We use OneLogin as our identity provider. Regular email/password login still works. Error message: 'Certificate mismatch'.,Medium,Technical
TKT-11147,Mobile app sync issues,Changes made in the mobile app on iOS 16 aren't syncing to the web version. I've checked my internet connection and it's stable. App version 3.1.0.,High,Technical
TKT-11264,Wrong item shipped,I ordered docking station but received headset instead. Order #700105. I need the correct item sent and a return label for the wrong one.,Medium,Shipping
TKT-10438,Permission issue for team member,User jdoe@acmecorp.com should have admin-level access but can only view dashboards. I've checked the role settings and they show 'Admin'. Please investigate.,Urgent,Account
TKT-11873,Technical issue with billing portal,The billing page returns TIMEOUT_408 on Edge. I can't view or download invoices for account AC-100044. This has been happening since two days ago.,Low,Technical
TKT-11492,Webhook delivery failures,We're not receiving webhooks at our endpoint since two days ago. The webhook URL is correctly configured. Our server returns 200 OK but your dashboard shows delivery failures.,Medium,Technical
TKT-10709,Partial order received,Order #700112 was supposed to contain 3 items but only 1 arrived. Missing: USB-C hub. The packing slip shows all items were included.,Low,Shipping
TKT-11373,Add team members,I need to add 50 new users to our Growth plan. Their email addresses are attached. Please confirm if this affects our pricing.,Medium,Account
TKT-11579,Order not received,My order #700114 was supposed to arrive by February 28 but I still haven't received it. Tracking number 1Z9999902 shows it's been in transit for 14 days.,Medium,Shipping
TKT-10955,How to set up automated reports,I'm trying to configure scheduled reports to be emailed to my team every weekly. I can't find this option in the Enterprise plan. Is it available or do I need to upgrade?,High,Product
TKT-10749,Request expedited shipping,Is it possible to upgrade order #700147 to expedited shipping? I need it by March 15. Happy to pay the difference.,Medium,Shipping
TKT-10052,Report generation timeout,"Generating the monthly summary report times out after 60 seconds. The report covers 500,000 records. This worked fine last month with similar data volume.",High,Technical
TKT-10365,Suggestion for UI improvement,The current layout of the workflow automation page requires too many clicks to accomplish basic tasks. Suggest adding a quick-action toolbar or keyboard shortcuts for power users.,High,Product
TKT-10714,Order not received,My order #700116 was supposed to arrive by last Friday but I still haven't received it. Tracking number 1Z9999929 shows it's been in transit for 10 days.,Medium,Shipping
TKT-11905,Urgent issue,Please call me back regarding my recent order and billing. Account admin@techfirm.io. This needs immediate attention.,Low,Billing
TKT-11857,Product feedback and bug report,"The new custom dashboards is great but it crashes when exporting to CSV on Ubuntu 22.04. Error: RATE_LIMIT_429. Also, it would be useful to add API rate limits support.",Medium,Technical
TKT-11143,Reset my password,I've been locked out of my account (maria.g@retailco.com) after too many failed login attempts. The password reset email isn't arriving. Can you manually reset it?,Urgent,Account
TKT-10247,Cannot connect to API,Our integration is returning RATE_LIMIT_429 errors when calling the /v2/data endpoint. This started around 2:15 PM UTC today. API key is still valid. Please check server-side logs.,Medium,Technical
TKT-11404,International shipping inquiry,I'm trying to place an order for delivery to Germany. Your website says shipping is unavailable for my region. Do you have plans to expand international shipping?,Medium,Shipping
TKT-10514,Wrong item shipped,I ordered monitor stand but received headset instead. Order #700105. I need the correct item sent and a return label for the wrong one.,Medium,Shipping
TKT-11616,Need to update payment method,I'd like to update the credit card on file for account AC-100044. My current card ending in 9012 has expired.,High,Billing
TKT-11424,Request expedited shipping,Is it possible to upgrade order #700131 to expedited shipping? I need it by last Friday. Happy to pay the difference.,Medium,Shipping
TKT-11948,Question about my account,"Hi, I have some questions about my Business plan. Can you explain the features and also why my bill is $349.00? Account admin@techfirm.io.",Medium,Account
TKT-10905,Onboarding guidance needed,We just signed up for the Enterprise plan with 15 users. Could you recommend the best way to onboard our team? We primarily need advanced analytics and audit logging.,Medium,Product
TKT-11925,Unhappy customer,"I've been having nothing but problems. The workflow automation doesn't work, I was overcharged $29.99, and my last order #700106 never arrived. Please fix all of this.",Medium,Product
TKT-10896,Payment not reflected,I made a payment of $149.00 on two days ago via bank transfer but it still shows as outstanding on my account AC-100007. Can you confirm receipt?,Low,Billing
TKT-10293,Account merger request,We have two separate accounts (maria.g@retailco.com and team@retailco.com) that need to be merged. The team@retailco.com account was created by mistake. Please consolidate under ops@startup.dev.,Medium,Account
TKT-11457,Data export failing,"When I try to export reports as CSV, the download starts but fails at about 60%. File size should be around 50MB. Using Safari on macOS Sonoma.",Urgent,Technical
TKT-10569,Order not received,My order #700148 was supposed to arrive by last Friday but I still haven't received it. Tracking number 1Z9999934 shows it's been in transit for 7 days.,Urgent,Shipping
TKT-11298,Permission issue for team member,User admin@techfirm.io should have admin-level access but can only view dashboards. I've checked the role settings and they show 'Admin'. Please investigate.,High,Account
TKT-11880,Can't access account after plan change,I upgraded to Enterprise yesterday and now I get ERR_502 when I try to log in. My email is maria.g@retailco.com. Was the upgrade processed correctly?,Low,Account
TKT-10439,Partial order received,Order #700103 was supposed to contain 6 items but only 2 arrived. Missing: docking station. The packing slip shows all items were included.,Medium,Shipping
TKT-11240,Beta feature feedback,"I've been testing the new advanced analytics beta. Overall it's great, but I found 3 issues: the filter doesn't apply to grouped views, and export drops the last column.",High,Product
TKT-10161,Promo code not applied,I entered promo code SAVE20 during checkout but the discount wasn't applied. I was charged the full $149.00. Please adjust my bill.,Urgent,Billing
TKT-11087,Webhook delivery failures,We're not receiving webhooks at our endpoint since March 10. The webhook URL is correctly configured. Our server returns 200 OK but your dashboard shows delivery failures.,High,Technical
TKT-10650,How to set up automated reports,I'm trying to configure scheduled reports to be emailed to my team every weekly. I can't find this option in the Starter plan. Is it available or do I need to upgrade?,Low,Product
TKT-11755,Need to cancel and get refund,I want to cancel my Business subscription and get a prorated refund for the remaining 10 days. Account jdoe@acmecorp.com. Please process ASAP.,Medium,Account
TKT-11810,Product feedback and bug report,"The new workflow automation is great but it crashes when exporting to CSV on macOS Ventura. Error: AUTH_401. Also, it would be useful to add audit logging support.",Medium,Technical
TKT-10728,Upgrade plan request,I'd like to upgrade from the Enterprise to the Business plan. We currently have 10 users and need the additional features. What's the process?,Medium,Account
TKT-10972,SSO login not working,Our team cannot log in via SSO since last Friday. We use OneLogin as our identity provider. Regular email/password login still works. Error message: 'User not found in directory'.,High,Technical
TKT-11447,SSO login not working,Our team cannot log in via SSO since March 10. We use Okta as our identity provider. Regular email/password login still works. Error message: 'SAML assertion expired'.,Low,Technical
TKT-10790,Comparison with competitor,"I'm evaluating your product against Freshdesk. Can you provide a comparison of features, especially around custom dashboards and API rate limits? We're a 25-person company.",Medium,Product
TKT-11585,Onboarding guidance needed,We just signed up for the Starter plan with 15 users. Could you recommend the best way to onboard our team? We primarily need custom dashboards and white-label options.,High,Product
TKT-10773,Upgrade plan request,I'd like to upgrade from the Enterprise to the Business plan. We currently have 50 users and need the additional features. What's the process?,Low,Account
TKT-10806,Request for invoice copy,Could you please send me a copy of my invoice for March? I need it for my expense report. Account AC-100002.,Urgent,Billing
TKT-11148,Reset my password,I've been locked out of my account (jdoe@acmecorp.com) after too many failed login attempts. The password reset email isn't arriving. Can you manually reset it?,Medium,Account
TKT-10494,Change shipping address,"I need to update the shipping address for order #700119 from New York to Los Angeles. The order hasn't shipped yet. New address: 123 Main St, Suite 400.",Medium,Shipping
TKT-11858,Wrong amount on subscription renewal,My Business plan renewed at $199.00 instead of $349.00. I didn't authorize any changes. Account AC-100019. Also the dashboard shows the old plan features.,Medium,Billing
TKT-11557,Mobile app sync issues,Changes made in the mobile app on Android 13 aren't syncing to the web version. I've checked my internet connection and it's stable. App version 3.1.0.,Low,Technical
TKT-11025,Comparison with competitor,"I'm evaluating your product against Salesforce. Can you provide a comparison of features, especially around custom dashboards and role-based access? We're a 50-person company.",Medium,Product
TKT-10620,Comparison with competitor,"I'm evaluating your product against Zendesk. Can you provide a comparison of features, especially around custom dashboards and API rate limits? We're a 25-person company.",Low,Product
TKT-10670,Documentation unclear,The docs for the workflow automation API endpoint are missing examples for lead tracking. I've spent 5 hours trying to figure out the correct request format. Can you provide a working example?,High,Product
TKT-11831,Need to cancel and get refund,I want to cancel my Business subscription and get a prorated refund for the remaining 7 days. Account admin@techfirm.io. Please process ASAP.,Urgent,Account
TKT-11362,Mobile app sync issues,Changes made in the mobile app on Android 14 aren't syncing to the web version. I've checked my internet connection and it's stable. App version 4.1.2.,Urgent,Technical
TKT-11891,Can't access account after plan change,I upgraded to Enterprise yesterday and now I get NULL_REF_500 when I try to log in. My email is ops@startup.dev. Was the upgrade processed correctly?,Urgent,Account
TKT-10901,Need to update payment method,I'd like to update the credit card on file for account AC-100039. My current card ending in 5678 has expired.,High,Technical
TKT-11744,"Shipped to wrong address, need rebill",Order #700137 went to New York instead of Los Angeles. I need it reshipped and the extra charge on my credit card reversed. Account AC-100002.,Medium,Shipping
TKT-11048,Cancel my subscription,I need to cancel my Business subscription effective March 10. Please confirm the cancellation and any remaining balance. Account holder: Sarah Chen.,Urgent,Account
TKT-10281,Unexpected price increase,My monthly bill went from $75.00 to $129.95 without any prior notice. I'm on the Professional plan. Please explain this increase or revert it.,Medium,Billing
TKT-10107,Cannot connect to API,Our integration is returning TIMEOUT_408 errors when calling the /v2/data endpoint. This started around 2:15 PM UTC today. API key is still valid. Please check server-side logs.,Medium,Technical
TKT-10160,Onboarding guidance needed,We just signed up for the Business plan with 5 users. Could you recommend the best way to onboard our team? We primarily need workflow automation and white-label options.,High,Product
TKT-10663,Upgrade plan request,I'd like to upgrade from the Starter to the Professional plan. We currently have 10 users and need the additional features. What's the process?,Urgent,Account
TKT-10001,Request for invoice copy,Could you please send me a copy of my invoice for January? I need it for my expense report. Account AC-100047.,Medium,Billing
TKT-10974,Wrong item shipped,I ordered laptop sleeve but received HDMI cable instead. Order #700143. I need the correct item sent and a return label for the wrong one.,High,Shipping
TKT-10338,Add team members,I need to add 5 new users to our Enterprise plan. Their email addresses are attached. Please confirm if this affects our pricing.,Low,Account
TKT-10294,International shipping inquiry,I'm trying to place an order for delivery to India. Your website says shipping is unavailable for my region. Do you have plans to expand international shipping?,Low,Shipping
TKT-10301,Incorrect charge on my account,I noticed a charge of $75.00 on my last statement that I don't recognize. My account number is AC-100019. Please investigate and issue a refund if this is an error.,Low,Billing
TKT-11849,Wrong amount on subscription renewal,My Enterprise plan renewed at $59.99 instead of $49.00. I didn't authorize any changes. Account AC-100031. Also the dashboard shows the old plan features.,Low,Billing
TKT-11646,Request for invoice copy,Could you please send me a copy of my invoice for September? I need it for my expense report. Account AC-100002.,Medium,Billing
TKT-10188,Change account owner,We need to transfer account ownership from maria.g@retailco.com to cto@startup.dev. Alex Kim has left the company and Rachel Adams will be the new admin.,Urgent,Account
TKT-11763,Charged for item I returned,I returned order #700123 on March 10 but I was charged $49.00 again. The monitor stand was sent back via credit card. Need a refund.,Medium,Billing
TKT-10475,Onboarding guidance needed,We just signed up for the Enterprise plan with 5 users. Could you recommend the best way to onboard our team? We primarily need team collaboration and white-label options.,Urgent,Product
TKT-11605,Beta feature feedback,"I've been testing the new advanced analytics beta. Overall it's great, but I found 4 issues: the filter doesn't apply to grouped views, and export drops the last column.",Low,Product
TKT-10006,Incorrect charge on my account,I noticed a charge of $99.95 on my last statement that I don't recognize. My account number is AC-100044. Please investigate and issue a refund if this is an error.,Medium,Billing
TKT-10345,Comparison with competitor,"I'm evaluating your product against HubSpot. Can you provide a comparison of features, especially around custom dashboards and API rate limits? We're a 25-person company.",Medium,Product
TKT-11913,Urgent issue,Please call me back regarding my recent order and billing. Account admin@techfirm.io. This needs immediate attention.,High,Billing
TKT-11940,Question about my account,"Hi, I have some questions about my Growth plan. Can you explain the features and also why my bill is $49.00? Account admin@techfirm.io.",Urgent,Account
TKT-11370,Beta feature feedback,"I've been testing the new workflow automation beta. Overall it's great, but I found 3 issues: the filter doesn't apply to grouped views, and export drops the last column.",High,Product
TKT-11262,Webhook delivery failures,We're not receiving webhooks at our endpoint since March 15. The webhook URL is correctly configured. Our server returns 200 OK but your dashboard shows delivery failures.,Medium,Technical
TKT-11510,How to set up automated reports,I'm trying to configure scheduled reports to be emailed to my team every daily. I can't find this option in the Business plan. Is it available or do I need to upgrade?,Medium,Product
TKT-11654,Return shipping label needed,I'd like to return order #700126 (laptop sleeve). It doesn't fit our requirements. Could you please email a prepaid return label to ops@startup.dev?,Urgent,Shipping
TKT-10568,Upgrade plan request,I'd like to upgrade from the Business to the Premium plan. We currently have 15 users and need the additional features. What's the process?,Medium,Account
TKT-11833,Need to cancel and get refund,I want to cancel my Professional subscription and get a prorated refund for the remaining 5 days. Account ops@startup.dev. Please process ASAP.,High,Account
TKT-11213,Cancel my subscription,I need to cancel my Business subscription effective two days ago. Please confirm the cancellation and any remaining balance. Account holder: Maria Garcia.,High,Account
TKT-11582,Slow dashboard loading,"The analytics dashboard takes over 30 seconds to load. This happens in both Safari and Firefox. Other pages load normally. Our dataset has about 100,000 rows.",Urgent,Technical
TKT-11179,Change shipping address,"I need to update the shipping address for order #700144 from San Francisco to Miami. The order hasn't shipped yet. New address: 123 Main St, Suite 400.",Low,Shipping
TKT-11828,Shipping delay affecting our project,Order #700105 with wireless keyboard was supposed to arrive March 1. Our team can't proceed without it. Can we get an updated ETA? Also considering canceling if delayed further.,Low,Shipping
TKT-10785,Integration with third-party tool,Do you support integration with Salesforce? We use it heavily for project management and having a native connector would save us hours of manual data transfer each Monday morning.,Medium,Product
TKT-11569,Return shipping label needed,I'd like to return order #700142 (monitor stand). It doesn't fit our requirements. Could you please email a prepaid return label to admin@techfirm.io?,Urgent,Shipping
TKT-11321,Promo code not applied,I entered promo code ANNUAL30 during checkout but the discount wasn't applied. I was charged the full $99.95. Please adjust my bill.,High,Billing
TKT-11203,Add team members,I need to add 10 new users to our Growth plan. Their email addresses are attached. Please confirm if this affects our pricing.,Medium,Account
TKT-11070,Onboarding guidance needed,We just signed up for the Professional plan with 5 users. Could you recommend the best way to onboard our team? We primarily need custom dashboards and audit logging.,High,Product
TKT-11633,Data deletion request,"Per our company policy, I'm requesting complete deletion of all data associated with account ops@startup.dev. Please confirm when this is done and provide a confirmation reference.",High,Account
TKT-10260,Comparison with competitor,"I'm evaluating your product against HubSpot. Can you provide a comparison of features, especially around custom dashboards and API rate limits? We're a 25-person company.",Low,Product
TKT-10210,Integration with third-party tool,Do you support integration with Jira? We use it heavily for project management and having a native connector would save us hours of manual data transfer each daily.,Medium,Product
TKT-11846,Charged for item I returned,I returned order #700133 on March 1 but I was charged $199.50 again. The wireless keyboard was sent back via bank transfer. Need a refund.,High,Billing
TKT-10539,International shipping inquiry,I'm trying to place an order for delivery to Australia. Your website says shipping is unavailable for my region. Do you have plans to expand international shipping?,Low,Shipping
TKT-10366,Request for invoice copy,Could you please send me a copy of my invoice for September? I need it for my expense report. Account AC-100041.,Low,Billing
TKT-10574,Damaged package,My order #700113 arrived with significant damage to the packaging and the USB-C hub inside is broken. I've attached photos. Please send a replacement.,High,Shipping
TKT-10444,Partial order received,Order #700102 was supposed to contain 5 items but only 4 arrived. Missing: USB-C hub. The packing slip shows all items were included.,High,Shipping
TKT-11497,Mobile app sync issues,Changes made in the mobile app on iOS 16 aren't syncing to the web version. I've checked my internet connection and it's stable. App version 3.2.1.,High,Technical
TKT-10211,Payment not reflected,I made a payment of $49.00 on March 10 via PayPal but it still shows as outstanding on my account AC-100028. Can you confirm receipt?,Low,Billing
TKT-10313,Add team members,I need to add 25 new users to our Growth plan. Their email addresses are attached. Please confirm if this affects our pricing.,Low,Account
TKT-11214,Wrong item shipped,I ordered monitor stand but received HDMI cable instead. Order #700110. I need the correct item sent and a return label for the wrong one.,Medium,Shipping
TKT-11889,Shipping delay affecting our project,Order #700100 with monitor stand was supposed to arrive March 10. Our team can't proceed without it. Can we get an updated ETA? Also considering canceling if delayed further.,High,Shipping
TKT-10415,How to set up automated reports,I'm trying to configure scheduled reports to be emailed to my team every daily. I can't find this option in the Professional plan. Is it available or do I need to upgrade?,Medium,Product
TKT-11351,Unexpected price increase,My monthly bill went from $12.99 to $79.00 without any prior notice. I'm on the Starter plan. Please explain this increase or revert it.,Medium,Billing
TKT-11314,Return shipping label needed,I'd like to return order #700142 (USB-C hub). It doesn't fit our requirements. Could you please email a prepaid return label to maria.g@retailco.com?,High,Shipping
TKT-11109,Change shipping address,"I need to update the shipping address for order #700112 from Chicago to Denver. The order hasn't shipped yet. New address: 789 Pine Rd, Unit B.",Urgent,Shipping
TKT-11150,Feature request: bulk import,"We'd love the ability to bulk import records via CSV upload. Currently we have to add entries one by one, which is impractical for our 100,000-record dataset.",Medium,Product
TKT-10522,Slow dashboard loading,"The analytics dashboard takes over 60 seconds to load. This happens in both Chrome and Edge. Other pages load normally. Our dataset has about 250,000 rows.",High,Technical
TKT-11943,Following up,I contacted you March 15 about a problem but haven't heard back. My ticket was about wireless keyboard and charges on my account. Reference AC-100008.,Medium,Billing
TKT-11571,Payment not reflected,I made a payment of $349.00 on yesterday via ACH but it still shows as outstanding on my account AC-100008. Can you confirm receipt?,Low,Billing
TKT-11279,Wrong item shipped,I ordered wireless keyboard but received HDMI cable instead. Order #700129. I need the correct item sent and a return label for the wrong one.,Medium,Shipping
TKT-10753,Account merger request,We have two separate accounts (admin@techfirm.io and backup@acmecorp.com) that need to be merged. The jsmith@techfirm.io account was created by mistake. Please consolidate under maria.g@retailco.com.,High,Account
TKT-10627,Slow dashboard loading,"The analytics dashboard takes over 60 seconds to load. This happens in both Chrome and Firefox. Other pages load normally. Our dataset has about 100,000 rows.",High,Technical
TKT-11494,International shipping inquiry,I'm trying to place an order for delivery to Germany. Your website says shipping is unavailable for my region. Do you have plans to expand international shipping?,High,Shipping
TKT-11197,Webhook delivery failures,We're not receiving webhooks at our endpoint since yesterday. The webhook URL is correctly configured. Our server returns 200 OK but your dashboard shows delivery failures.,Low,Technical
TKT-10873,Permission issue for team member,User admin@techfirm.io should have admin-level access but can only view dashboards. I've checked the role settings and they show 'Admin'. Please investigate.,Urgent,Account
TKT-11778,Need to cancel and get refund,I want to cancel my Growth subscription and get a prorated refund for the remaining 14 days. Account ops@startup.dev. Please process ASAP.,Medium,Account
TKT-11681,Payment not reflected,I made a payment of $75.00 on March 15 via wire transfer but it still shows as outstanding on my account AC-100026. Can you confirm receipt?,Low,Billing
TKT-11990,Urgent issue,Please call me back regarding my recent order and billing. Account jdoe@acmecorp.com. This needs immediate attention.,Medium,Billing
TKT-10563,Data deletion request,"Per our company policy, I'm requesting complete deletion of all data associated with account ops@startup.dev. Please confirm when this is done and provide a confirmation reference.",Medium,Account
TKT-10395,Feature request: bulk import,"We'd love the ability to bulk import records via CSV upload. Currently we have to add entries one by one, which is impractical for our 1,000,000-record dataset.",Medium,Shipping
TKT-10029,Order not received,My order #700138 was supposed to arrive by yesterday but I still haven't received it. Tracking number 1Z9999931 shows it's been in transit for 5 days.,Low,Shipping
TKT-11288,Reset my password,I've been locked out of my account (jdoe@acmecorp.com) after too many failed login attempts. The password reset email isn't arriving. Can you manually reset it?,High,Account
TKT-10707,Report generation timeout,"Generating the monthly summary report times out after 45 seconds. The report covers 50,000 records. This worked fine last month with similar data volume.",Medium,Technical
TKT-10463,Account merger request,We have two separate accounts (ops@startup.dev and jsmith@techfirm.io) that need to be merged. The jsmith@techfirm.io account was created by mistake. Please consolidate under maria.g@retailco.com.,Urgent,Account
TKT-11146,Billing cycle change request,Can I switch my billing cycle from monthly to annual? I'd like to take advantage of the yearly discount for the Enterprise plan.,High,Billing
TKT-11304,Order not received,My order #700102 was supposed to arrive by March 1 but I still haven't received it. Tracking number 1Z9999917 shows it's been in transit for 7 days.,High,Shipping
TKT-10718,Data deletion request,"Per our company policy, I'm requesting complete deletion of all data associated with account ops@startup.dev. Please confirm when this is done and provide a confirmation reference.",Urgent,Account
TKT-10137,Report generation timeout,"Generating the monthly summary report times out after 60 seconds. The report covers 100,000 records. This worked fine last month with similar data volume.",Medium,Technical
TKT-10321,Payment not reflected,I made a payment of $12.99 on March 15 via PayPal but it still shows as outstanding on my account AC-100015. Can you confirm receipt?,Medium,Billing
TKT-11218,Add team members,I need to add 50 new users to our Professional plan. Their email addresses are attached. Please confirm if this affects our pricing.,Low,Account
TKT-10960,Beta feature feedback,"I've been testing the new team collaboration beta. Overall it's great, but I found 4 issues: the filter doesn't apply to grouped views, and export drops the last column.",High,Product
TKT-11280,Suggestion for UI improvement,The current layout of the team collaboration page requires too many clicks to accomplish basic tasks. Suggest adding a quick-action toolbar or keyboard shortcuts for power users.,High,Product
TKT-10126,Incorrect charge on my account,I noticed a charge of $199.50 on my last statement that I don't recognize. My account number is AC-100036. Please investigate and issue a refund if this is an error.,High,Billing
TKT-10194,Return shipping label needed,I'd like to return order #700141 (wireless keyboard). It doesn't fit our requirements. Could you please email a prepaid return label to maria.g@retailco.com?,Urgent,Shipping
TKT-10678,Change account owner,We need to transfer account ownership from maria.g@retailco.com to backup@acmecorp.com. Maria Garcia has left the company and James Park will be the new admin.,Medium,Account
TKT-10940,How to set up automated reports,I'm trying to configure scheduled reports to be emailed to my team every Monday morning. I can't find this option in the Enterprise plan. Is it available or do I need to upgrade?,High,Product
TKT-11102,Mobile app sync issues,Changes made in the mobile app on Android 14 aren't syncing to the web version. I've checked my internet connection and it's stable. App version 4.0.0.,Medium,Technical
TKT-10193,Account merger request,We have two separate accounts (jdoe@acmecorp.com and cto@startup.dev) that need to be merged. The team@retailco.com account was created by mistake. Please consolidate under maria.g@retailco.com.,High,Account
TKT-11422,Slow dashboard loading,"The analytics dashboard takes over 45 seconds to load. This happens in both Firefox and Edge. Other pages load normally. Our dataset has about 250,000 rows.",Medium,Technical
TKT-10409,Change shipping address,"I need to update the shipping address for order #700112 from Seattle to Boston. The order hasn't shipped yet. New address: 789 Pine Rd, Unit B.",High,Shipping
TKT-10385,Onboarding guidance needed,We just signed up for the Growth plan with 15 users. Could you recommend the best way to onboard our team? We primarily need custom dashboards and API rate limits.,Urgent,Product
TKT-11437,Slow dashboard loading,"The analytics dashboard takes over 30 seconds to load. This happens in both Firefox and Chrome. Other pages load normally. Our dataset has about 250,000 rows.",High,Technical
TKT-10639,Change shipping address,"I need to update the shipping address for order #700109 from New York to Portland. The order hasn't shipped yet. New address: 123 Main St, Suite 400.",Medium,Product
TKT-11916,Urgent issue,Please call me back regarding my recent order and billing. Account jdoe@acmecorp.com. This needs immediate attention.,Medium,Billing
TKT-10138,Change account owner,We need to transfer account ownership from maria.g@retailco.com to team@retailco.com. Maria Garcia has left the company and Rachel Adams will be the new admin.,Medium,Account
TKT-10964,Order not received,My order #700110 was supposed to arrive by March 15 but I still haven't received it. Tracking number 1Z9999917 shows it's been in transit for 14 days.,Medium,Shipping
TKT-10308,Permission issue for team member,User admin@techfirm.io should have admin-level access but can only view dashboards. I've checked the role settings and they show 'Admin'. Please investigate.,Medium,Account
TKT-10368,Add team members,I need to add 10 new users to our Growth plan. Their email addresses are attached. Please confirm if this affects our pricing.,Medium,Account
TKT-10853,Data deletion request,"Per our company policy, I'm requesting complete deletion of all data associated with account admin@techfirm.io. Please confirm when this is done and provide a confirmation reference.",Low,Account
TKT-10651,Promo code not applied,I entered promo code SPRING25 during checkout but the discount wasn't applied. I was charged the full $12.99. Please adjust my bill.,Low,Billing
TKT-10021,Duplicate charge,I was charged twice for the same transaction on March 1. The duplicate charge is $12.99. Please refund the extra charge to my PayPal.,Medium,Billing
TKT-10971,Need to update payment method,I'd like to update the credit card on file for account AC-100007. My current card ending in 3456 has expired.,Urgent,Billing
TKT-11699,Damaged package,My order #700101 arrived with significant damage to the packaging and the monitor stand inside is broken. I've attached photos. Please send a replacement.,High,Shipping
TKT-11465,Suggestion for UI improvement,The current layout of the team collaboration page requires too many clicks to accomplish basic tasks. Suggest adding a quick-action toolbar or keyboard shortcuts for power users.,Medium,Product
TKT-11074,Return shipping label needed,I'd like to return order #700123 (wireless keyboard). It doesn't fit our requirements. Could you please email a prepaid return label to maria.g@retailco.com?,Medium,Shipping
TKT-10337,Report generation timeout,"Generating the monthly summary report times out after 90 seconds. The report covers 250,000 records. This worked fine last month with similar data volume.",Urgent,Technical
TKT-10278,Upgrade plan request,I'd like to upgrade from the Professional to the Growth plan. We currently have 50 users and need the additional features. What's the process?,Medium,Account
TKT-11746,Product feedback and bug report,"The new custom dashboards is great but it crashes when exporting to CSV on Windows 11. Error: ERR_502. Also, it would be useful to add role-based access support.",Medium,Account
TKT-11855,Need to cancel and get refund,I want to cancel my Enterprise subscription and get a prorated refund for the remaining 14 days. Account admin@techfirm.io. Please process ASAP.,Medium,Account
TKT-11530,Integration with third-party tool,Do you support integration with Salesforce? We use it heavily for compliance reporting and having a native connector would save us hours of manual data transfer each weekly.,Urgent,Product
TKT-10677,Mobile app sync issues,Changes made in the mobile app on iOS 16 aren't syncing to the web version. I've checked my internet connection and it's stable. App version 4.0.0.,Low,Technical
TKT-10432,Webhook delivery failures,We're not receiving webhooks at our endpoint since March 1. The webhook URL is correctly configured. Our server returns 200 OK but your dashboard shows delivery failures.,High,Technical
TKT-10948,Data deletion request,"Per our company policy, I'm requesting complete deletion of all data associated with account admin@techfirm.io. Please confirm when this is done and provide a confirmation reference.",High,Account
TKT-10967,Webhook delivery failures,We're not receiving webhooks at our endpoint since yesterday. The webhook URL is correctly configured. Our server returns 200 OK but your dashboard shows delivery failures.,Urgent,Technical
TKT-10515,Integration with third-party tool,Do you support integration with Zapier? We use it heavily for lead tracking and having a native connector would save us hours of manual data transfer each bi-weekly.,Medium,Product
TKT-11239,Wrong item shipped,I ordered docking station but received mouse pad instead. Order #700143. I need the correct item sent and a return label for the wrong one.,High,Shipping
TKT-11064,International shipping inquiry,I'm trying to place an order for delivery to India. Your website says shipping is unavailable for my region. Do you have plans to expand international shipping?,Medium,Shipping
TKT-10761,Duplicate charge,I was charged twice for the same transaction on last Monday. The duplicate charge is $99.95. Please refund the extra charge to my wire transfer.,High,Billing
TKT-11975,Following up,I contacted you last Friday about a problem but haven't heard back. My ticket was about docking station and charges on my account. Reference AC-100018.,Medium,Billing
TKT-11258,Account merger request,We have two separate accounts (ops@startup.dev and cto@startup.dev) that need to be merged. The cto@startup.dev account was created by mistake. Please consolidate under ops@startup.dev.,Medium,Account
TKT-11869,Can't access account after plan change,I upgraded to Growth yesterday and now I get NULL_REF_500 when I try to log in. My email is jdoe@acmecorp.com. Was the upgrade processed correctly?,Medium,Account
TKT-10419,Wrong item shipped,I ordered monitor stand but received phone charger instead. Order #700129. I need the correct item sent and a return label for the wrong one.,Urgent,Shipping
TKT-11403,Account merger request,We have two separate accounts (ops@startup.dev and team@retailco.com) that need to be merged. The jsmith@techfirm.io account was created by mistake. Please consolidate under jdoe@acmecorp.com.,Urgent,Account
TKT-11939,Question about my account,"Hi, I have some questions about my Growth plan. Can you explain the features and also why my bill is $349.00? Account jdoe@acmecorp.com.",Medium,Account
TKT-10595,Documentation unclear,The docs for the team collaboration API endpoint are missing examples for lead tracking. I've spent 3 hours trying to figure out the correct request format. Can you provide a working example?,High,Product
TKT-11944,Urgent issue,Please call me back regarding my recent order and billing. Account jdoe@acmecorp.com. This needs immediate attention.,Medium,Billing
TKT-10340,How to set up automated reports,I'm trying to configure scheduled reports to be emailed to my team every bi-weekly. I can't find this option in the Business plan. Is it available or do I need to upgrade?,Medium,Product
TKT-11332,Slow dashboard loading,"The analytics dashboard takes over 90 seconds to load. This happens in both Firefox and Firefox. Other pages load normally. Our dataset has about 100,000 rows.",Low,Technical
TKT-11155,Comparison with competitor,"I'm evaluating your product against HubSpot. Can you provide a comparison of features, especially around team collaboration and white-label options? We're a 500-person company.",Low,Product
TKT-10762,Application crashes on startup,"After the latest update, the desktop app crashes immediately on launch. I'm running macOS Ventura version 3.1.0. Error code: AUTH_401. I've tried reinstalling but the issue persists.",High,Technical
TKT-11822,Technical issue with billing portal,The billing page returns TIMEOUT_408 on Firefox. I can't view or download invoices for account AC-100001. This has been happening since March 15.,Low,Technical
TKT-11260,Onboarding guidance needed,We just signed up for the Professional plan with 50 users. Could you recommend the best way to onboard our team? We primarily need advanced analytics and audit logging.,Urgent,Product
TKT-10661,Unexpected price increase,My monthly bill went from $99.95 to $79.00 without any prior notice. I'm on the Enterprise plan. Please explain this increase or revert it.,Medium,Billing
TKT-11071,Duplicate charge,I was charged twice for the same transaction on March 10. The duplicate charge is $75.00. Please refund the extra charge to my bank transfer.,High,Shipping
TKT-10556,Need to update payment method,I'd like to update the credit card on file for account AC-100007. My current card ending in 1234 has expired.,Medium,Billing
TKT-11386,Request for invoice copy,Could you please send me a copy of my invoice for February? I need it for my expense report. Account AC-100010.,Medium,Billing
TKT-11803,Can't access account after plan change,I upgraded to Growth yesterday and now I get AUTH_401 when I try to log in. My email is admin@techfirm.io. Was the upgrade processed correctly?,Medium,Account
TKT-11475,Suggestion for UI improvement,The current layout of the team collaboration page requires too many clicks to accomplish basic tasks. Suggest adding a quick-action toolbar or keyboard shortcuts for power users.,Medium,Product
TKT-10603,Data deletion request,"Per our company policy, I'm requesting complete deletion of all data associated with account maria.g@retailco.com. Please confirm when this is done and provide a confirmation reference.",Urgent,Account
TKT-10892,Slow dashboard loading,"The analytics dashboard takes over 60 seconds to load. This happens in both Safari and Firefox. Other pages load normally. Our dataset has about 1,000,000 rows.",Urgent,Technical
TKT-10241,Incorrect charge on my account,I noticed a charge of $29.99 on my last statement that I don't recognize. My account number is AC-100030. Please investigate and issue a refund if this is an error.,High,Billing
TKT-10608,Cancel my subscription,I need to cancel my Enterprise subscription effective March 1. Please confirm the cancellation and any remaining balance. Account holder: John Doe.,Medium,Account
TKT-10019,Wrong item shipped,I ordered USB-C hub but received headset instead. Order #700145. I need the correct item sent and a return label for the wrong one.,Medium,Shipping
TKT-10818,Account merger request,We have two separate accounts (ops@startup.dev and cto@startup.dev) that need to be merged. The backup@acmecorp.com account was created by mistake. Please consolidate under ops@startup.dev.,Medium,Account
TKT-10857,Cannot connect to API,Our integration is returning RATE_LIMIT_429 errors when calling the /v2/data endpoint. This started around 2:15 PM UTC today. API key is still valid. Please check server-side logs.,High,Technical
TKT-11121,Promo code not applied,I entered promo code ANNUAL30 during checkout but the discount wasn't applied. I was charged the full $29.99. Please adjust my bill.,Low,Billing
TKT-11791,Charged for item I returned,I returned order #700130 on February 28 but I was charged $12.99 again. The USB-C hub was sent back via bank transfer. Need a refund.,High,Billing
TKT-11534,Wrong item shipped,I ordered monitor stand but received headset instead. Order #700127. I need the correct item sent and a return label for the wrong one.,Medium,Shipping
TKT-10287,Application crashes on startup,"After the latest update, the desktop app crashes immediately on launch. I'm running Ubuntu 22.04 version 2.8.5. Error code: ERR_502. I've tried reinstalling but the issue persists.",High,Technical
TKT-10998,Account merger request,We have two separate accounts (ops@startup.dev and backup@acmecorp.com) that need to be merged. The jsmith@techfirm.io account was created by mistake. Please consolidate under ops@startup.dev.,Medium,Account
TKT-11075,How to set up automated reports,I'm trying to configure scheduled reports to be emailed to my team every bi-weekly. I can't find this option in the Starter plan. Is it available or do I need to upgrade?,Urgent,Account
TKT-11645,How to set up automated reports,I'm trying to configure scheduled reports to be emailed to my team every Monday morning. I can't find this option in the Growth plan. Is it available or do I need to upgrade?,High,Product
TKT-11283,Permission issue for team member,User ops@startup.dev should have admin-level access but can only view dashboards. I've checked the role settings and they show 'Admin'. Please investigate.,High,Account
TKT-10350,Comparison with competitor,"I'm evaluating your product against HubSpot. Can you provide a comparison of features, especially around team collaboration and role-based access? We're a 150-person company.",High,Product
TKT-11015,Beta feature feedback,"I've been testing the new custom dashboards beta. Overall it's great, but I found 2 issues: the filter doesn't apply to grouped views, and export drops the last column.",Low,Product
TKT-10869,International shipping inquiry,I'm trying to place an order for delivery to India. Your website says shipping is unavailable for my region. Do you have plans to expand international shipping?,Medium,Shipping
TKT-11814,Charged for item I returned,I returned order #700115 on February 28 but I was charged $199.50 again. The docking station was sent back via PayPal. Need a refund.,High,Billing
TKT-10080,Documentation unclear,The docs for the team collaboration API endpoint are missing examples for customer onboarding. I've spent 5 hours trying to figure out the correct request format. Can you provide a working example?,Urgent,Product
TKT-10233,Cancel my subscription,I need to cancel my Starter subscription effective last Monday. Please confirm the cancellation and any remaining balance. Account holder: Sarah Chen.,High,Account
TKT-11782,Can't access account after plan change,I upgraded to Enterprise yesterday and now I get NULL_REF_500 when I try to log in. My email is maria.g@retailco.com. Was the upgrade processed correctly?,Medium,Account
TKT-10897,Application crashes on startup,"After the latest update, the desktop app crashes immediately on launch. I'm running macOS Ventura version 3.1.0. Error code: RATE_LIMIT_429. I've tried reinstalling but the issue persists.",Low,Technical
TKT-10405,Onboarding guidance needed,We just signed up for the Business plan with 25 users. Could you recommend the best way to onboard our team? We primarily need advanced analytics and white-label options.,Medium,Product
TKT-10341,Billing cycle change request,Can I switch my billing cycle from monthly to annual? I'd like to take advantage of the yearly discount for the Professional plan.,High,Billing
TKT-10249,Wrong item shipped,I ordered monitor stand but received webcam instead. Order #700120. I need the correct item sent and a return label for the wrong one.,High,Shipping
TKT-11533,Reset my password,I've been locked out of my account (ops@startup.dev) after too many failed login attempts. The password reset email isn't arriving. Can you manually reset it?,Medium,Account
TKT-11065,How to set up automated reports,I'm trying to configure scheduled reports to be emailed to my team every daily. I can't find this option in the Enterprise plan. Is it available or do I need to upgrade?,Low,Product
TKT-10332,Data export failing,"When I try to export reports as CSV, the download starts but fails at about 60%. File size should be around 15MB. Using Safari on Ubuntu 22.04.",Medium,Technical
TKT-10028,Cancel my subscription,I need to cancel my Professional subscription effective yesterday. Please confirm the cancellation and any remaining balance. Account holder: Sarah Chen.,Medium,Account
TKT-11551,Payment not reflected,I made a payment of $199.50 on February 28 via wire transfer but it still shows as outstanding on my account AC-100020. Can you confirm receipt?,High,Billing
TKT-10261,Unexpected price increase,My monthly bill went from $12.99 to $199.00 without any prior notice. I'm on the Enterprise plan. Please explain this increase or revert it.,Medium,Technical
TKT-10770,Integration with third-party tool,Do you support integration with Slack? We use it heavily for project management and having a native connector would save us hours of manual data transfer each bi-weekly.,Medium,Product
TKT-10159,Wrong item shipped,I ordered USB-C hub but received mouse pad instead. Order #700126. I need the correct item sent and a return label for the wrong one.,Medium,Shipping
TKT-11433,Change account owner,We need to transfer account ownership from ops@startup.dev to jsmith@techfirm.io. Maria Garcia has left the company and James Park will be the new admin.,Low,Shipping
TKT-10872,Data export failing,"When I try to export reports as CSV, the download starts but fails at about 60%. File size should be around 250MB. Using Chrome on Windows 11.",High,Technical
TKT-10216,Promo code not applied,I entered promo code SPRING25 during checkout but the discount wasn't applied. I was charged the full $75.00. Please adjust my bill.,High,Billing
TKT-11887,Product feedback and bug report,"The new workflow automation is great but it crashes when exporting to CSV on Windows 11. Error: RATE_LIMIT_429. Also, it would be useful to add role-based access support.",Urgent,Technical
TKT-10167,SSO login not working,Our team cannot log in via SSO since March 10. We use Okta as our identity provider. Regular email/password login still works. Error message: 'SAML assertion expired'.,Urgent,Technical
TKT-11502,Report generation timeout,"Generating the monthly summary report times out after 120 seconds. The report covers 50,000 records. This worked fine last month with similar data volume.",Urgent,Technical
TKT-11515,Onboarding guidance needed,We just signed up for the Professional plan with 25 users. Could you recommend the best way to onboard our team? We primarily need advanced analytics and audit logging.,Urgent,Product
TKT-11759,Need to cancel and get refund,I want to cancel my Growth subscription and get a prorated refund for the remaining 10 days. Account ops@startup.dev. Please process ASAP.,Medium,Account
TKT-11137,Application crashes on startup,"After the latest update, the desktop app crashes immediately on launch. I'm running macOS Ventura version 4.1.2. Error code: AUTH_401. I've tried reinstalling but the issue persists.",High,Technical
TKT-11054,International shipping inquiry,I'm trying to place an order for delivery to Brazil. Your website says shipping is unavailable for my region. Do you have plans to expand international shipping?,Low,Shipping
TKT-11991,Unhappy customer,"I've been having nothing but problems. The advanced analytics doesn't work, I was overcharged $199.50, and my last order #700113 never arrived. Please fix all of this.",Low,Product
TKT-11452,Application crashes on startup,"After the latest update, the desktop app crashes immediately on launch. I'm running Windows 11 version 2.8.5. Error code: ERR_502. I've tried reinstalling but the issue persists.",High,Technical
TKT-10945,Documentation unclear,The docs for the custom dashboards API endpoint are missing examples for customer onboarding. I've spent 8 hours trying to figure out the correct request format. Can you provide a working example?,Urgent,Product
TKT-10660,How to set up automated reports,I'm trying to configure scheduled reports to be emailed to my team every weekly. I can't find this option in the Starter plan. Is it available or do I need to upgrade?,Low,Product
TKT-10483,Permission issue for team member,User admin@techfirm.io should have admin-level access but can only view dashboards. I've checked the role settings and they show 'Admin'. Please investigate.,Urgent,Account
TKT-11336,Promo code not applied,I entered promo code WELCOME15 during checkout but the discount wasn't applied. I was charged the full $149.00. Please adjust my bill.,Low,Billing
TKT-10642,Data export failing,"When I try to export reports as CSV, the download starts but fails at about 60%. File size should be around 250MB. Using Edge on Windows 11.",Urgent,Technical
TKT-11024,Wrong item shipped,I ordered laptop sleeve but received phone charger instead. Order #700123. I need the correct item sent and a return label for the wrong one.,Medium,Shipping
TKT-11118,Change account owner,We need to transfer account ownership from jdoe@acmecorp.com to backup@acmecorp.com. Maria Garcia has left the company and Miguel Torres will be the new admin.,Medium,Account
TKT-11001,Payment not reflected,I made a payment of $29.99 on last Monday via PayPal but it still shows as outstanding on my account AC-100030. Can you confirm receipt?,High,Billing
TKT-11628,Upgrade plan request,I'd like to upgrade from the Business to the Growth plan. We currently have 25 users and need the additional features. What's the process?,Low,Account
TKT-11152,SSO login not working,Our team cannot log in via SSO since last Friday. We use Azure AD as our identity provider. Regular email/password login still works. Error message: 'User not found in directory'.,Medium,Technical
TKT-11547,Slow dashboard loading,"The analytics dashboard takes over 90 seconds to load. This happens in both Firefox and Firefox. Other pages load normally. Our dataset has about 500,000 rows.",Medium,Technical
TKT-10429,Request expedited shipping,Is it possible to upgrade order #700144 to expedited shipping? I need it by March 15. Happy to pay the difference.,High,Shipping
TKT-11414,Order not received,My order #700118 was supposed to arrive by yesterday but I still haven't received it. Tracking number 1Z9999922 shows it's been in transit for 10 days.,Urgent,Shipping
TKT-10550,Documentation unclear,The docs for the team collaboration API endpoint are missing examples for compliance reporting. I've spent 5 hours trying to figure out the correct request format. Can you provide a working example?,Low,Product
TKT-10012,Webhook delivery failures,We're not receiving webhooks at our endpoint since last Monday. The webhook URL is correctly configured. Our server returns 200 OK but your dashboard shows delivery failures.,High,Technical
TKT-11785,Wrong amount on subscription renewal,My Enterprise plan renewed at $79.00 instead of $199.50. I didn't authorize any changes. Account AC-100041. Also the dashboard shows the old plan features.,Low,Billing
TKT-11994,Need help,I have an issue with my account AC-100039. Something isn't working right. Can someone look into it?,Medium,Account
TKT-11227,Slow dashboard loading,"The analytics dashboard takes over 120 seconds to load. This happens in both Safari and Chrome. Other pages load normally. Our dataset has about 500,000 rows.",Low,Technical
TKT-11158,Account merger request,We have two separate accounts (jdoe@acmecorp.com and backup@acmecorp.com) that need to be merged. The backup@acmecorp.com account was created by mistake. Please consolidate under ops@startup.dev.,High,Account
TKT-11412,Webhook delivery failures,We're not receiving webhooks at our endpoint since March 10. The webhook URL is correctly configured. Our server returns 200 OK but your dashboard shows delivery failures.,Urgent,Technical
TKT-10659,Return shipping label needed,I'd like to return order #700128 (docking station). It doesn't fit our requirements. Could you please email a prepaid return label to admin@techfirm.io?,Low,Shipping
TKT-10075,Beta feature feedback,"I've been testing the new workflow automation beta. Overall it's great, but I found 2 issues: the filter doesn't apply to grouped views, and export drops the last column.",Urgent,Product
TKT-10309,Partial order received,Order #700129 was supposed to contain 5 items but only 4 arrived. Missing: docking station. The packing slip shows all items were included.,Medium,Shipping
TKT-11709,Product feedback and bug report,"The new custom dashboards is great but it crashes when exporting to CSV on Ubuntu 22.04. Error: ERR_502. Also, it would be useful to add white-label options support.",Medium,Technical
TKT-10692,Data export failing,"When I try to export reports as CSV, the download starts but fails at about 60%. File size should be around 120MB. Using Safari on macOS Sonoma.",High,Technical
TKT-11517,Data export failing,"When I try to export reports as CSV, the download starts but fails at about 60%. File size should be around 50MB. Using Safari on Windows 10.",Medium,Technical
TKT-10638,Permission issue for team member,User admin@techfirm.io should have admin-level access but can only view dashboards. I've checked the role settings and they show 'Admin'. Please investigate.,High,Account
TKT-10844,International shipping inquiry,I'm trying to place an order for delivery to India. Your website says shipping is unavailable for my region. Do you have plans to expand international shipping?,Urgent,Shipping
TKT-10517,Data export failing,"When I try to export reports as CSV, the download starts but fails at about 60%. File size should be around 50MB. Using Edge on macOS Sonoma.",Low,Technical
TKT-11011,Need to update payment method,I'd like to update the credit card on file for account AC-100047. My current card ending in 3456 has expired.,Medium,Billing
TKT-11572,Mobile app sync issues,Changes made in the mobile app on Android 14 aren't syncing to the web version. I've checked my internet connection and it's stable. App version 2.8.5.,Low,Technical
TKT-10121,Request for invoice copy,Could you please send me a copy of my invoice for November? I need it for my expense report. Account AC-100002.,High,Billing
TKT-10477,Data export failing,"When I try to export reports as CSV, the download starts but fails at about 60%. File size should be around 50MB. Using Chrome on Ubuntu 22.04.",Medium,Product
TKT-11558,Cancel my subscription,I need to cancel my Professional subscription effective two days ago. Please confirm the cancellation and any remaining balance. Account holder: Maria Garcia.,High,Account
TKT-11161,Payment not reflected,I made a payment of $99.95 on February 28 via bank transfer but it still shows as outstanding on my account AC-100049. Can you confirm receipt?,High,Shipping
TKT-11720,Need to cancel and get refund,I want to cancel my Business subscription and get a prorated refund for the remaining 14 days. Account maria.g@retailco.com. Please process ASAP.,Medium,Account
TKT-11481,Request for invoice copy,Could you please send me a copy of my invoice for November? I need it for my expense report. Account AC-100048.,Medium,Billing
TKT-11072,Cannot connect to API,Our integration is returning ERR_502 errors when calling the /v2/data endpoint. This started around 2:15 PM UTC today. API key is still valid. Please check server-side logs.,High,Technical
TKT-10970,How to set up automated reports,I'm trying to configure scheduled reports to be emailed to my team every daily. I can't find this option in the Starter plan. Is it available or do I need to upgrade?,Medium,Product
TKT-11717,Technical issue with billing portal,The billing page returns ERR_502 on Firefox. I can't view or download invoices for account AC-100047. This has been happening since March 15.,Medium,Technical
TKT-11263,Upgrade plan request,I'd like to upgrade from the Professional to the Premium plan. We currently have 15 users and need the additional features. What's the process?,Medium,Product
TKT-10826,Promo code not applied,I entered promo code ANNUAL30 during checkout but the discount wasn't applied. I was charged the full $349.00. Please adjust my bill.,Low,Billing
TKT-10290,Feature request: bulk import,"We'd love the ability to bulk import records via CSV upload. Currently we have to add entries one by one, which is impractical for our 500,000-record dataset.",Low,Product
TKT-11955,Urgent issue,Please call me back regarding my recent order and billing. Account ops@startup.dev. This needs immediate attention.,Medium,Billing
TKT-10512,SSO login not working,Our team cannot log in via SSO since March 15. We use Azure AD as our identity provider. Regular email/password login still works. Error message: 'Identity provider returned invalid response'.,Low,Shipping
TKT-11216,Request for invoice copy,Could you please send me a copy of my invoice for April? I need it for my expense report. Account AC-100034.,Medium,Billing
TKT-11004,Change shipping address,"I need to update the shipping address for order #700136 from Seattle to Miami. The order hasn't shipped yet. New address: 123 Main St, Suite 400.",Urgent,Shipping
TKT-11930,Urgent issue,Please call me back regarding my recent order and billing. Account ops@startup.dev. This needs immediate attention.,High,Billing
TKT-11772,Shipping delay affecting our project,Order #700134 with laptop sleeve was supposed to arrive yesterday. Our team can't proceed without it. Can we get an updated ETA? Also considering canceling if delayed further.,Medium,Shipping
TKT-10426,Promo code not applied,I entered promo code SPRING25 during checkout but the discount wasn't applied. I was charged the full $75.00. Please adjust my bill.,Medium,Billing
TKT-10347,Application crashes on startup,"After the latest update, the desktop app crashes immediately on launch. I'm running macOS Ventura version 4.0.0. Error code: NULL_REF_500. I've tried reinstalling but the issue persists.",Urgent,Technical
TKT-11993,Question about my account,"Hi, I have some questions about my Starter plan. Can you explain the features and also why my bill is $349.00? Account ops@startup.dev.",Low,Account
TKT-10196,Promo code not applied,I entered promo code ANNUAL30 during checkout but the discount wasn't applied. I was charged the full $29.99. Please adjust my bill.,High,Billing
TKT-10172,Report generation timeout,"Generating the monthly summary report times out after 60 seconds. The report covers 500,000 records. This worked fine last month with similar data volume.",Medium,Technical
TKT-11291,Incorrect charge on my account,I noticed a charge of $49.00 on my last statement that I don't recognize. My account number is AC-100003. Please investigate and issue a refund if this is an error.,Urgent,Billing
TKT-11659,Request expedited shipping,Is it possible to upgrade order #700146 to expedited shipping? I need it by yesterday. Happy to pay the difference.,Urgent,Shipping
TKT-10295,Integration with third-party tool,Do you support integration with Slack? We use it heavily for customer onboarding and having a native connector would save us hours of manual data transfer each Monday morning.,Medium,Product
TKT-10681,Incorrect charge on my account,I noticed a charge of $349.00 on my last statement that I don't recognize. My account number is AC-100000. Please investigate and issue a refund if this is an error.,Medium,Billing
TKT-10637,SSO login not working,Our team cannot log in via SSO since last Monday. We use OneLogin as our identity provider. Regular email/password login still works. Error message: 'Certificate mismatch'.,Medium,Technical
TKT-11317,Application crashes on startup,"After the latest update, the desktop app crashes immediately on launch. I'm running macOS Ventura version 4.0.0. Error code: NULL_REF_500. I've tried reinstalling but the issue persists.",Medium,Technical
TKT-10224,Wrong item shipped,I ordered USB-C hub but received mouse pad instead. Order #700102. I need the correct item sent and a return label for the wrong one.,Medium,Shipping
TKT-11154,Partial order received,Order #700105 was supposed to contain 3 items but only 2 arrived. Missing: docking station. The packing slip shows all items were included.,Urgent,Billing
TKT-10977,Webhook delivery failures,We're not receiving webhooks at our endpoint since March 15. The webhook URL is correctly configured. Our server returns 200 OK but your dashboard shows delivery failures.,Medium,Technical
TKT-10758,Add team members,I need to add 15 new users to our Starter plan. Their email addresses are attached. Please confirm if this affects our pricing.,Medium,Account
TKT-10916,Unexpected price increase,My monthly bill went from $49.00 to $129.95 without any prior notice. I'm on the Business plan. Please explain this increase or revert it.,Medium,Billing
TKT-10476,Need to update payment method,I'd like to update the credit card on file for account AC-100020. My current card ending in 9012 has expired.,Low,Billing
TKT-11580,Onboarding guidance needed,We just signed up for the Enterprise plan with 5 users. Could you recommend the best way to onboard our team? We primarily need team collaboration and role-based access.,Medium,Product
TKT-10814,Damaged package,My order #700107 arrived with significant damage to the packaging and the USB-C hub inside is broken. I've attached photos. Please send a replacement.,High,Shipping
TKT-10051,Billing cycle change request,Can I switch my billing cycle from monthly to annual? I'd like to take advantage of the yearly discount for the Business plan.,Urgent,Billing
TKT-11184,Damaged package,My order #700139 arrived with significant damage to the packaging and the USB-C hub inside is broken. I've attached photos. Please send a replacement.,High,Shipping
TKT-10459,Damaged package,My order #700140 arrived with significant damage to the packaging and the laptop sleeve inside is broken. I've attached photos. Please send a replacement.,Medium,Shipping
TKT-10927,SSO login not working,Our team cannot log in via SSO since last Monday. We use Azure AD as our identity provider. Regular email/password login still works. Error message: 'SAML assertion expired'.,Low,Technical
TKT-10222,Webhook delivery failures,We're not receiving webhooks at our endpoint since last Monday. The webhook URL is correctly configured. Our server returns 200 OK but your dashboard shows delivery failures.,High,Technical
TKT-11464,Partial order received,Order #700107 was supposed to contain 6 items but only 3 arrived. Missing: laptop sleeve. The packing slip shows all items were included.,High,Shipping
TKT-11120,How to set up automated reports,I'm trying to configure scheduled reports to be emailed to my team every weekly. I can't find this option in the Professional plan. Is it available or do I need to upgrade?,Medium,Product
TKT-11563,Permission issue for team member,User jdoe@acmecorp.com should have admin-level access but can only view dashboards. I've checked the role settings and they show 'Admin'. Please investigate.,Low,Shipping
TKT-10764,Request expedited shipping,Is it possible to upgrade order #700126 to expedited shipping? I need it by March 1. Happy to pay the difference.,Medium,Shipping
TKT-11949,Following up,I contacted you yesterday about a problem but haven't heard back. My ticket was about docking station and charges on my account. Reference AC-100034.,Medium,Billing
TKT-10807,Webhook delivery failures,We're not receiving webhooks at our endpoint since yesterday. The webhook URL is correctly configured. Our server returns 200 OK but your dashboard shows delivery failures.,Medium,Shipping
TKT-11491,Promo code not applied,I entered promo code ANNUAL30 during checkout but the discount wasn't applied. I was charged the full $12.99. Please adjust my bill.,High,Billing
TKT-11018,Account merger request,We have two separate accounts (jdoe@acmecorp.com and cto@startup.dev) that need to be merged. The team@retailco.com account was created by mistake. Please consolidate under admin@techfirm.io.,Medium,Account
TKT-10036,Promo code not applied,I entered promo code SAVE20 during checkout but the discount wasn't applied. I was charged the full $149.00. Please adjust my bill.,Medium,Billing
TKT-10784,Change shipping address,"I need to update the shipping address for order #700101 from New York to Denver. The order hasn't shipped yet. New address: 123 Main St, Suite 400.",High,Shipping
TKT-10501,Billing cycle change request,Can I switch my billing cycle from monthly to annual? I'd like to take advantage of the yearly discount for the Starter plan.,Medium,Billing
TKT-11038,Add team members,I need to add 15 new users to our Professional plan. Their email addresses are attached. Please confirm if this affects our pricing.,High,Account
TKT-11093,Upgrade plan request,I'd like to upgrade from the Growth to the Enterprise plan. We currently have 5 users and need the additional features. What's the process?,High,Account
TKT-11440,Suggestion for UI improvement,The current layout of the advanced analytics page requires too many clicks to accomplish basic tasks. Suggest adding a quick-action toolbar or keyboard shortcuts for power users.,High,Product
TKT-11859,Product feedback and bug report,"The new team collaboration is great but it crashes when exporting to CSV on Windows 11. Error: AUTH_401. Also, it would be useful to add API rate limits support.",High,Technical
TKT-10583,Change account owner,We need to transfer account ownership from ops@startup.dev to cto@startup.dev. Maria Garcia has left the company and Lisa Wang will be the new admin.,Urgent,Account
TKT-10990,How to set up automated reports,I'm trying to configure scheduled reports to be emailed to my team every bi-weekly. I can't find this option in the Business plan. Is it available or do I need to upgrade?,High,Product
TKT-10571,Incorrect charge on my account,I noticed a charge of $349.00 on my last statement that I don't recognize. My account number is AC-100016. Please investigate and issue a refund if this is an error.,Medium,Billing
TKT-11149,Order not received,My order #700115 was supposed to arrive by March 1 but I still haven't received it. Tracking number 1Z9999947 shows it's been in transit for 5 days.,Medium,Shipping
TKT-10833,Permission issue for team member,User maria.g@retailco.com should have admin-level access but can only view dashboards. I've checked the role settings and they show 'Admin'. Please investigate.,High,Account
TKT-11981,Unhappy customer,"I've been having nothing but problems. The custom dashboards doesn't work, I was overcharged $12.99, and my last order #700143 never arrived. Please fix all of this.",Medium,Product
TKT-10456,Unexpected price increase,My monthly bill went from $75.00 to $249.50 without any prior notice. I'm on the Growth plan. Please explain this increase or revert it.,High,Billing
TKT-10191,Payment not reflected,I made a payment of $75.00 on March 15 via ACH but it still shows as outstanding on my account AC-100006. Can you confirm receipt?,Medium,Shipping
TKT-10880,How to set up automated reports,I'm trying to configure scheduled reports to be emailed to my team every weekly. I can't find this option in the Growth plan. Is it available or do I need to upgrade?,High,Product
TKT-10597,Cannot connect to API,Our integration is returning TIMEOUT_408 errors when calling the /v2/data endpoint. This started around 4:45 PM GMT today. API key is still valid. Please check server-side logs.,Low,Technical
TKT-10772,SSO login not working,Our team cannot log in via SSO since last Friday. We use Okta as our identity provider. Regular email/password login still works. Error message: 'User not found in directory'.,Low,Technical
