date,region,product_line,rep_id,revenue,units_sold,discount_pct,customer_satisfaction,deal_cycle_days
2024-01-01,Northeast,Enterprise SaaS,NO-001,62948.46,79,0.1436,3.67,44
2024-01-01,Northeast,Enterprise SaaS,NO-002,64918.93,82,0.0569,4.14,36
2024-01-01,Northeast,Enterprise SaaS,NO-003,69709.98,80,0.0399,3.97,49
2024-01-01,Northeast,Enterprise SaaS,NO-004,52258.58,64,0.036,4.06,37
2024-01-01,Northeast,Enterprise SaaS,NO-005,57989.34,73,0.0801,4.03,52
2024-01-01,Northeast,Enterprise SaaS,NO-006,55839.75,66,0.1137,3.72,39
2024-01-01,Northeast,Enterprise SaaS,NO-007,59298.53,63,0.1136,4.04,51
2024-01-01,Northeast,Enterprise SaaS,NO-008,55436.42,62,0.1383,3.51,49
2024-01-01,Northeast,Enterprise SaaS,NO-009,59907.0,67,0.0754,3.78,41
2024-01-01,Northeast,Enterprise SaaS,NO-010,46783.73,57,0.0388,4.28,44
2024-01-01,Northeast,Enterprise SaaS,NO-011,56603.72,55,0.0254,3.85,41
2024-01-01,Northeast,Enterprise SaaS,NO-012,71398.42,90,0.0421,4.33,29
2024-01-01,Northeast,SMB Platform,NO-001,41544.7,122,0.0214,4.14,23
2024-01-01,Northeast,SMB Platform,NO-002,43013.28,136,0.0565,4.47,13
2024-01-01,Northeast,SMB Platform,NO-003,35531.42,106,0.0208,3.83,19
2024-01-01,Northeast,SMB Platform,NO-004,42704.66,172,0.1463,3.52,16
2024-01-01,Northeast,SMB Platform,NO-005,42634.28,147,0.0936,3.77,17
2024-01-01,Northeast,SMB Platform,NO-006,48715.74,167,0.0603,4.66,15
2024-01-01,Northeast,SMB Platform,NO-007,46063.47,157,0.0793,4.1,16
2024-01-01,Northeast,SMB Platform,NO-008,38651.04,122,0.1357,4.18,18
2024-01-01,Northeast,SMB Platform,NO-009,51222.97,166,0.171,4.18,24
2024-01-01,Northeast,SMB Platform,NO-010,36903.03,132,0.0208,4.14,17
2024-01-01,Northeast,SMB Platform,NO-011,39615.62,124,0.0909,3.56,14
2024-01-01,Northeast,SMB Platform,NO-012,53209.53,144,0.0553,3.94,21
2024-01-01,Northeast,Professional Services,NO-001,36481.59,29,0.0347,3.77,30
2024-01-01,Northeast,Professional Services,NO-002,35968.6,35,0.0545,4.13,37
2024-01-01,Northeast,Professional Services,NO-003,33184.51,21,0.0661,4.34,29
2024-01-01,Northeast,Professional Services,NO-004,31323.06,31,0.012,3.81,27
2024-01-01,Northeast,Professional Services,NO-005,30234.32,22,0.0465,4.02,21
2024-01-01,Northeast,Professional Services,NO-006,24480.66,20,0.0309,4.21,30
2024-01-01,Northeast,Professional Services,NO-007,33527.16,28,0.0374,3.86,23
2024-01-01,Northeast,Professional Services,NO-008,35803.99,31,0.0104,4.03,31
2024-01-01,Northeast,Professional Services,NO-009,31938.97,26,0.0344,4.03,31
2024-01-01,Northeast,Professional Services,NO-010,27215.18,18,0.1185,3.75,29
2024-01-01,Northeast,Professional Services,NO-011,32349.41,30,0.0637,4.53,32
2024-01-01,Northeast,Professional Services,NO-012,33883.7,28,0.0558,3.98,37
2024-01-01,Southeast,Enterprise SaaS,SO-001,51413.35,64,0.0235,4.58,50
2024-01-01,Southeast,Enterprise SaaS,SO-002,55015.95,64,0.0207,4.32,24
2024-01-01,Southeast,Enterprise SaaS,SO-003,54346.16,66,0.1525,3.27,58
2024-01-01,Southeast,Enterprise SaaS,SO-004,60787.21,67,0.0916,4.01,37
2024-01-01,Southeast,Enterprise SaaS,SO-005,48970.4,59,0.1091,3.65,37
2024-01-01,Southeast,Enterprise SaaS,SO-006,63576.98,74,0.099,4.6,43
2024-01-01,Southeast,Enterprise SaaS,SO-007,51284.83,57,0.1085,3.39,37
2024-01-01,Southeast,Enterprise SaaS,SO-008,51374.99,62,0.0566,4.07,51
2024-01-01,Southeast,Enterprise SaaS,SO-009,64685.89,70,0.0436,4.23,42
2024-01-01,Southeast,Enterprise SaaS,SO-010,45806.95,43,0.0514,4.27,42
2024-01-01,Southeast,Enterprise SaaS,SO-011,64552.66,86,0.0616,4.04,37
2024-01-01,Southeast,Enterprise SaaS,SO-012,40696.78,43,0.0296,4.23,35
2024-01-01,Southeast,SMB Platform,SO-001,30920.27,78,0.1175,3.65,19
2024-01-01,Southeast,SMB Platform,SO-002,41397.63,134,0.1699,3.59,22
2024-01-01,Southeast,SMB Platform,SO-003,32526.27,105,0.1466,4.08,14
2024-01-01,Southeast,SMB Platform,SO-004,39865.46,128,0.0697,3.85,16
2024-01-01,Southeast,SMB Platform,SO-005,41203.55,116,0.0833,4.14,16
2024-01-01,Southeast,SMB Platform,SO-006,35438.89,110,0.1351,3.97,17
2024-01-01,Southeast,SMB Platform,SO-007,36155.65,117,0.0269,4.44,19
2024-01-01,Southeast,SMB Platform,SO-008,36160.59,109,0.112,3.42,22
2024-01-01,Southeast,SMB Platform,SO-009,31053.71,82,0.1872,3.17,16
2024-01-01,Southeast,SMB Platform,SO-010,40127.28,135,0.0934,4.41,14
2024-01-01,Southeast,SMB Platform,SO-011,48079.65,147,0.0886,4.01,23
2024-01-01,Southeast,SMB Platform,SO-012,30427.86,90,0.0683,4.34,9
2024-01-01,Southeast,Professional Services,SO-001,19309.4,14,0.0781,4.03,23
2024-01-01,Southeast,Professional Services,SO-002,28640.21,24,0.0505,3.96,25
2024-01-01,Southeast,Professional Services,SO-003,27487.29,20,0.0588,4.29,34
2024-01-01,Southeast,Professional Services,SO-004,20553.13,18,0.0715,3.72,31
2024-01-01,Southeast,Professional Services,SO-005,35348.85,33,0.0578,4.24,41
2024-01-01,Southeast,Professional Services,SO-006,24382.49,20,0.1182,3.72,26
2024-01-01,Southeast,Professional Services,SO-007,32593.3,22,0.0598,3.83,33
2024-01-01,Southeast,Professional Services,SO-008,31313.54,21,0.0798,4.09,25
2024-01-01,Southeast,Professional Services,SO-009,31014.75,26,0.0463,4.14,26
2024-01-01,Southeast,Professional Services,SO-010,20809.44,16,0.2102,4.33,27
2024-01-01,Southeast,Professional Services,SO-011,27053.25,21,0.0464,3.61,34
2024-01-01,Southeast,Professional Services,SO-012,32558.36,26,0.0985,3.79,41
2024-01-01,Midwest,Enterprise SaaS,MI-001,47212.28,49,0.1107,4.23,42
2024-01-01,Midwest,Enterprise SaaS,MI-002,57670.79,61,0.0865,4.09,40
2024-01-01,Midwest,Enterprise SaaS,MI-003,56879.41,68,0.0285,4.83,48
2024-01-01,Midwest,Enterprise SaaS,MI-004,53760.53,68,0.1024,3.74,41
2024-01-01,Midwest,Enterprise SaaS,MI-005,45343.92,61,0.0411,4.36,24
2024-01-01,Midwest,Enterprise SaaS,MI-006,38473.23,34,0.0316,4.03,35
2024-01-01,Midwest,Enterprise SaaS,MI-007,50441.93,53,0.0334,4.1,51
2024-01-01,Midwest,Enterprise SaaS,MI-008,55815.7,64,0.0184,3.84,44
2024-01-01,Midwest,Enterprise SaaS,MI-009,37055.64,37,0.028,3.77,34
2024-01-01,Midwest,Enterprise SaaS,MI-010,53165.47,65,0.0526,4.28,30
2024-01-01,Midwest,Enterprise SaaS,MI-011,55232.76,72,0.0271,4.66,49
2024-01-01,Midwest,Enterprise SaaS,MI-012,50249.99,59,0.0365,4.35,50
2024-01-01,Midwest,SMB Platform,MI-001,39878.68,132,0.086,3.97,15
2024-01-01,Midwest,SMB Platform,MI-002,43100.31,157,0.089,3.99,14
2024-01-01,Midwest,SMB Platform,MI-003,30437.17,82,0.0364,4.09,18
2024-01-01,Midwest,SMB Platform,MI-004,39500.7,110,0.0838,4.07,11
2024-01-01,Midwest,SMB Platform,MI-005,30374.14,104,0.1322,3.91,19
2024-01-01,Midwest,SMB Platform,MI-006,41340.92,127,0.0207,3.96,18
2024-01-01,Midwest,SMB Platform,MI-007,31880.4,102,0.0435,3.93,23
2024-01-01,Midwest,SMB Platform,MI-008,40868.72,112,0.0069,4.14,22
2024-01-01,Midwest,SMB Platform,MI-009,39277.96,141,0.0327,4.0,23
2024-01-01,Midwest,SMB Platform,MI-010,37217.93,138,0.0657,4.11,29
2024-01-01,Midwest,SMB Platform,MI-011,33943.26,116,0.0371,4.17,18
2024-01-01,Midwest,SMB Platform,MI-012,31175.46,78,0.134,3.82,15
2024-01-01,Midwest,Professional Services,MI-001,19180.73,15,0.0376,4.3,30
2024-01-01,Midwest,Professional Services,MI-002,20535.64,17,0.0544,4.32,23
2024-01-01,Midwest,Professional Services,MI-003,26295.0,22,0.2083,3.33,26
2024-01-01,Midwest,Professional Services,MI-004,21194.32,17,0.134,3.34,32
2024-01-01,Midwest,Professional Services,MI-005,26614.55,25,0.0429,4.09,23
2024-01-01,Midwest,Professional Services,MI-006,21943.0,19,0.028,3.83,33
2024-01-01,Midwest,Professional Services,MI-007,18638.78,15,0.0391,4.65,28
2024-01-01,Midwest,Professional Services,MI-008,24291.9,20,0.0449,4.16,33
2024-01-01,Midwest,Professional Services,MI-009,21391.46,19,0.0795,4.32,31
2024-01-01,Midwest,Professional Services,MI-010,25369.93,14,0.1284,3.96,23
2024-01-01,Midwest,Professional Services,MI-011,22198.35,17,0.149,3.79,23
2024-01-01,Midwest,Professional Services,MI-012,25678.13,18,0.04,4.0,29
2024-01-01,West,Enterprise SaaS,WE-001,69323.87,73,0.0315,4.24,49
2024-01-01,West,Enterprise SaaS,WE-002,65865.03,83,0.1166,3.76,40
2024-01-01,West,Enterprise SaaS,WE-003,71089.5,98,0.1105,3.9,46
2024-01-01,West,Enterprise SaaS,WE-004,66475.29,72,0.0469,4.26,41
2024-01-01,West,Enterprise SaaS,WE-005,75745.74,78,0.1829,3.35,45
2024-01-01,West,Enterprise SaaS,WE-006,61119.83,76,0.0682,3.36,41
2024-01-01,West,Enterprise SaaS,WE-007,72266.42,84,0.1025,4.04,40
2024-01-01,West,Enterprise SaaS,WE-008,85638.01,95,0.1246,4.04,45
2024-01-01,West,Enterprise SaaS,WE-009,60010.76,66,0.0757,3.91,45
2024-01-01,West,Enterprise SaaS,WE-010,60938.62,82,0.0663,3.96,58
2024-01-01,West,Enterprise SaaS,WE-011,84787.78,93,0.0526,4.02,43
2024-01-01,West,Enterprise SaaS,WE-012,57338.92,56,0.0205,3.96,57
2024-01-01,West,SMB Platform,WE-001,40319.48,131,0.0734,3.52,20
2024-01-01,West,SMB Platform,WE-002,45512.3,142,0.1147,3.84,23
2024-01-01,West,SMB Platform,WE-003,57983.18,203,0.0964,3.58,20
2024-01-01,West,SMB Platform,WE-004,52299.18,184,0.1057,3.81,18
2024-01-01,West,SMB Platform,WE-005,61924.43,186,0.0679,3.77,17
2024-01-01,West,SMB Platform,WE-006,39259.77,144,0.1138,3.78,15
2024-01-01,West,SMB Platform,WE-007,40724.6,143,0.0667,4.52,9
2024-01-01,West,SMB Platform,WE-008,41860.77,131,0.1017,4.2,18
2024-01-01,West,SMB Platform,WE-009,60256.7,177,0.0921,3.19,12
2024-01-01,West,SMB Platform,WE-010,42521.44,129,0.0225,4.67,16
2024-01-01,West,SMB Platform,WE-011,36699.7,92,0.0594,3.79,18
2024-01-01,West,SMB Platform,WE-012,46273.63,125,0.0843,3.53,16
2024-01-01,West,Professional Services,WE-001,38320.7,31,0.1378,4.37,41
2024-01-01,West,Professional Services,WE-002,28060.1,26,0.0318,4.07,26
2024-01-01,West,Professional Services,WE-003,30205.43,22,0.137,3.73,25
2024-01-01,West,Professional Services,WE-004,25790.62,17,0.0036,4.58,32
2024-01-01,West,Professional Services,WE-005,38384.8,33,0.0807,3.79,23
2024-01-01,West,Professional Services,WE-006,34729.91,29,0.0288,4.58,37
2024-01-01,West,Professional Services,WE-007,40557.26,32,0.1195,3.79,20
2024-01-01,West,Professional Services,WE-008,37939.81,29,0.0897,3.92,40
2024-01-01,West,Professional Services,WE-009,32290.77,27,0.0978,3.66,33
2024-01-01,West,Professional Services,WE-010,37556.96,36,0.1158,3.86,26
2024-01-01,West,Professional Services,WE-011,38077.06,31,0.1849,3.66,31
2024-01-01,West,Professional Services,WE-012,32113.4,32,0.1097,3.23,31
2024-01-01,Southwest,Enterprise SaaS,SO-001,46877.34,51,0.024,3.36,50
2024-01-01,Southwest,Enterprise SaaS,SO-002,43988.38,38,0.0812,3.6,52
2024-01-01,Southwest,Enterprise SaaS,SO-003,52987.37,65,0.1326,4.16,38
2024-01-01,Southwest,Enterprise SaaS,SO-004,48178.86,47,0.0661,3.96,51
2024-01-01,Southwest,Enterprise SaaS,SO-005,38755.15,49,0.0444,4.26,69
2024-01-01,Southwest,Enterprise SaaS,SO-006,44606.63,54,0.1081,3.97,38
2024-01-01,Southwest,Enterprise SaaS,SO-007,41270.79,47,0.0783,4.1,41
2024-01-01,Southwest,Enterprise SaaS,SO-008,51008.69,58,0.0853,3.83,48
2024-01-01,Southwest,Enterprise SaaS,SO-009,59318.83,78,0.0843,3.47,44
2024-01-01,Southwest,Enterprise SaaS,SO-010,52819.89,63,0.0531,3.95,43
2024-01-01,Southwest,Enterprise SaaS,SO-011,43038.46,56,0.0361,4.53,40
2024-01-01,Southwest,Enterprise SaaS,SO-012,33183.3,46,0.0754,4.33,42
2024-01-01,Southwest,SMB Platform,SO-001,26730.13,78,0.0775,4.12,16
2024-01-01,Southwest,SMB Platform,SO-002,29579.41,104,0.0731,4.27,18
2024-01-01,Southwest,SMB Platform,SO-003,35198.67,114,0.1532,4.02,20
2024-01-01,Southwest,SMB Platform,SO-004,27414.49,77,0.0299,3.98,7
2024-01-01,Southwest,SMB Platform,SO-005,35003.1,102,0.0523,4.13,26
2024-01-01,Southwest,SMB Platform,SO-006,31117.2,91,0.0518,4.48,17
2024-01-01,Southwest,SMB Platform,SO-007,37170.37,136,0.095,4.05,21
2024-01-01,Southwest,SMB Platform,SO-008,29042.75,78,0.0175,4.14,9
2024-01-01,Southwest,SMB Platform,SO-009,36912.28,139,0.0102,4.34,18
2024-01-01,Southwest,SMB Platform,SO-010,37885.01,108,0.0921,3.74,17
2024-01-01,Southwest,SMB Platform,SO-011,30124.17,90,0.0387,3.73,15
2024-01-01,Southwest,SMB Platform,SO-012,32019.63,103,0.1072,4.48,18
2024-01-01,Southwest,Professional Services,SO-001,20116.84,18,0.0078,4.57,28
2024-01-01,Southwest,Professional Services,SO-002,23300.27,14,0.061,4.38,28
2024-01-01,Southwest,Professional Services,SO-003,23510.16,20,0.1054,3.6,34
2024-01-01,Southwest,Professional Services,SO-004,23839.06,22,0.0488,4.46,28
2024-01-01,Southwest,Professional Services,SO-005,19842.32,17,0.0969,3.8,21
2024-01-01,Southwest,Professional Services,SO-006,22836.44,20,0.1076,3.63,23
2024-01-01,Southwest,Professional Services,SO-007,19189.01,14,0.111,3.8,32
2024-01-01,Southwest,Professional Services,SO-008,19008.21,13,0.1262,4.18,29
2024-01-01,Southwest,Professional Services,SO-009,23983.73,19,0.0105,4.03,21
2024-01-01,Southwest,Professional Services,SO-010,25522.3,19,0.0715,4.46,23
2024-01-01,Southwest,Professional Services,SO-011,27169.8,25,0.0118,4.22,28
2024-01-01,Southwest,Professional Services,SO-012,25932.26,21,0.0747,4.85,19
2024-02-01,Northeast,Enterprise SaaS,NO-001,57234.73,71,0.046,4.4,23
2024-02-01,Northeast,Enterprise SaaS,NO-002,58281.6,75,0.0218,4.22,54
2024-02-01,Northeast,Enterprise SaaS,NO-003,74701.23,87,0.047,3.92,50
2024-02-01,Northeast,Enterprise SaaS,NO-004,57098.16,66,0.1344,4.18,49
2024-02-01,Northeast,Enterprise SaaS,NO-005,66735.26,66,0.0639,4.72,35
2024-02-01,Northeast,Enterprise SaaS,NO-006,76652.91,100,0.0375,3.88,44
2024-02-01,Northeast,Enterprise SaaS,NO-007,76511.31,94,0.0401,3.86,42
2024-02-01,Northeast,Enterprise SaaS,NO-008,51767.12,57,0.0996,3.98,43
2024-02-01,Northeast,Enterprise SaaS,NO-009,71607.7,70,0.018,4.27,40
2024-02-01,Northeast,Enterprise SaaS,NO-010,49112.18,58,0.024,4.2,62
2024-02-01,Northeast,Enterprise SaaS,NO-011,63512.66,82,0.1165,3.82,35
2024-02-01,Northeast,Enterprise SaaS,NO-012,70292.04,78,0.0667,3.8,62
2024-02-01,Northeast,SMB Platform,NO-001,37923.97,107,0.0424,4.06,17
2024-02-01,Northeast,SMB Platform,NO-002,47184.35,160,0.026,4.01,23
2024-02-01,Northeast,SMB Platform,NO-003,46152.99,153,0.0317,4.37,15
2024-02-01,Northeast,SMB Platform,NO-004,50021.0,147,0.0727,3.67,18
2024-02-01,Northeast,SMB Platform,NO-005,45829.47,134,0.0283,4.37,14
2024-02-01,Northeast,SMB Platform,NO-006,47968.16,150,0.0147,3.75,18
2024-02-01,Northeast,SMB Platform,NO-007,52731.54,178,0.0891,4.3,21
2024-02-01,Northeast,SMB Platform,NO-008,45534.01,156,0.0124,3.61,16
2024-02-01,Northeast,SMB Platform,NO-009,46075.49,135,0.0401,3.96,18
2024-02-01,Northeast,SMB Platform,NO-010,42016.28,131,0.1168,3.93,17
2024-02-01,Northeast,SMB Platform,NO-011,39537.99,131,0.1098,4.1,22
2024-02-01,Northeast,SMB Platform,NO-012,42647.6,142,0.1248,4.05,18
2024-02-01,Northeast,Professional Services,NO-001,30453.11,26,0.0713,3.72,26
2024-02-01,Northeast,Professional Services,NO-002,28916.04,20,0.0205,4.02,33
2024-02-01,Northeast,Professional Services,NO-003,28160.08,22,0.1096,4.18,32
2024-02-01,Northeast,Professional Services,NO-004,34840.39,25,0.1164,3.79,34
2024-02-01,Northeast,Professional Services,NO-005,32989.47,29,0.0623,3.46,34
2024-02-01,Northeast,Professional Services,NO-006,35048.97,24,0.1054,3.28,31
2024-02-01,Northeast,Professional Services,NO-007,33682.32,23,0.1059,3.24,28
2024-02-01,Northeast,Professional Services,NO-008,24736.11,21,0.0546,4.22,29
2024-02-01,Northeast,Professional Services,NO-009,33697.79,28,0.0604,4.17,33
2024-02-01,Northeast,Professional Services,NO-010,39639.57,22,0.0444,3.74,36
2024-02-01,Northeast,Professional Services,NO-011,39450.81,32,0.0337,4.32,19
2024-02-01,Northeast,Professional Services,NO-012,29131.59,27,0.0201,3.94,25
2024-02-01,Southeast,Enterprise SaaS,SO-001,64927.64,67,0.0128,3.89,37
2024-02-01,Southeast,Enterprise SaaS,SO-002,54746.7,65,0.0108,4.44,34
2024-02-01,Southeast,Enterprise SaaS,SO-003,55628.25,66,0.0424,4.22,47
2024-02-01,Southeast,Enterprise SaaS,SO-004,45490.95,57,0.0517,3.64,51
2024-02-01,Southeast,Enterprise SaaS,SO-005,47235.18,64,0.0969,3.83,37
2024-02-01,Southeast,Enterprise SaaS,SO-006,45222.74,49,0.0301,4.18,53
2024-02-01,Southeast,Enterprise SaaS,SO-007,62762.15,76,0.0317,3.91,48
2024-02-01,Southeast,Enterprise SaaS,SO-008,41954.56,54,0.0417,3.7,60
2024-02-01,Southeast,Enterprise SaaS,SO-009,54446.86,74,0.0837,4.09,45
2024-02-01,Southeast,Enterprise SaaS,SO-010,66097.79,77,0.0168,4.21,40
2024-02-01,Southeast,Enterprise SaaS,SO-011,62949.31,78,0.038,4.38,36
2024-02-01,Southeast,Enterprise SaaS,SO-012,53515.22,67,0.1946,3.81,49
2024-02-01,Southeast,SMB Platform,SO-001,41512.28,139,0.0097,4.19,20
2024-02-01,Southeast,SMB Platform,SO-002,39499.79,115,0.1275,3.77,21
2024-02-01,Southeast,SMB Platform,SO-003,33020.94,101,0.095,3.93,13
2024-02-01,Southeast,SMB Platform,SO-004,37569.41,92,0.0273,4.17,21
2024-02-01,Southeast,SMB Platform,SO-005,45705.81,136,0.0373,4.13,20
2024-02-01,Southeast,SMB Platform,SO-006,46246.26,157,0.0213,3.62,15
2024-02-01,Southeast,SMB Platform,SO-007,31275.73,92,0.1492,3.87,19
2024-02-01,Southeast,SMB Platform,SO-008,39114.74,128,0.0508,4.28,19
2024-02-01,Southeast,SMB Platform,SO-009,36809.4,115,0.0332,4.23,21
2024-02-01,Southeast,SMB Platform,SO-010,42129.32,126,0.0838,4.2,19
2024-02-01,Southeast,SMB Platform,SO-011,40332.33,121,0.204,3.31,21
2024-02-01,Southeast,SMB Platform,SO-012,32847.28,101,0.1247,4.01,19
2024-02-01,Southeast,Professional Services,SO-001,30030.95,23,0.0292,4.29,37
2024-02-01,Southeast,Professional Services,SO-002,20090.7,15,0.0574,3.66,32
2024-02-01,Southeast,Professional Services,SO-003,25761.03,22,0.0508,3.49,23
2024-02-01,Southeast,Professional Services,SO-004,30300.06,24,0.038,3.81,24
2024-02-01,Southeast,Professional Services,SO-005,25163.61,17,0.0593,3.86,28
2024-02-01,Southeast,Professional Services,SO-006,27455.8,25,0.0449,3.94,34
2024-02-01,Southeast,Professional Services,SO-007,36278.08,35,0.0322,3.91,21
2024-02-01,Southeast,Professional Services,SO-008,27162.8,22,0.032,4.28,43
2024-02-01,Southeast,Professional Services,SO-009,30287.36,22,0.0295,4.1,29
2024-02-01,Southeast,Professional Services,SO-010,23626.45,22,0.0254,3.94,20
2024-02-01,Southeast,Professional Services,SO-011,22394.66,20,0.0221,4.44,22
2024-02-01,Southeast,Professional Services,SO-012,28309.14,26,0.1063,3.82,32
2024-02-01,Midwest,Enterprise SaaS,MI-001,48002.04,55,0.0671,4.04,17
2024-02-01,Midwest,Enterprise SaaS,MI-002,50872.83,56,0.0086,4.26,49
2024-02-01,Midwest,Enterprise SaaS,MI-003,56827.36,82,0.0933,4.28,41
2024-02-01,Midwest,Enterprise SaaS,MI-004,58549.32,86,0.0396,3.81,20
2024-02-01,Midwest,Enterprise SaaS,MI-005,52499.51,58,0.1128,4.11,47
2024-02-01,Midwest,Enterprise SaaS,MI-006,49801.37,61,0.0694,3.91,48
2024-02-01,Midwest,Enterprise SaaS,MI-007,50810.35,59,0.0107,4.22,53
2024-02-01,Midwest,Enterprise SaaS,MI-008,49906.39,60,0.0596,4.27,54
2024-02-01,Midwest,Enterprise SaaS,MI-009,46366.43,53,0.0059,4.13,38
2024-02-01,Midwest,Enterprise SaaS,MI-010,45049.48,56,0.0842,3.29,46
2024-02-01,Midwest,Enterprise SaaS,MI-011,50420.3,68,0.1426,4.53,58
2024-02-01,Midwest,Enterprise SaaS,MI-012,43369.45,46,0.1024,4.37,41
2024-02-01,Midwest,SMB Platform,MI-001,40531.66,117,0.0696,3.53,16
2024-02-01,Midwest,SMB Platform,MI-002,36659.11,96,0.0919,4.14,12
2024-02-01,Midwest,SMB Platform,MI-003,33720.11,93,0.0565,3.9,21
2024-02-01,Midwest,SMB Platform,MI-004,35649.6,101,0.0157,3.99,14
2024-02-01,Midwest,SMB Platform,MI-005,32004.97,85,0.1331,3.99,9
2024-02-01,Midwest,SMB Platform,MI-006,38051.19,137,0.0328,3.93,17
2024-02-01,Midwest,SMB Platform,MI-007,28053.44,96,0.0304,3.81,18
2024-02-01,Midwest,SMB Platform,MI-008,29010.63,91,0.071,4.77,16
2024-02-01,Midwest,SMB Platform,MI-009,40708.44,137,0.0361,3.97,18
2024-02-01,Midwest,SMB Platform,MI-010,33496.34,85,0.0157,3.8,15
2024-02-01,Midwest,SMB Platform,MI-011,30545.89,108,0.1025,3.99,20
2024-02-01,Midwest,SMB Platform,MI-012,40555.18,100,0.0771,3.7,18
2024-02-01,Midwest,Professional Services,MI-001,23594.69,19,0.0454,4.13,29
2024-02-01,Midwest,Professional Services,MI-002,28046.96,25,0.0184,3.49,26
2024-02-01,Midwest,Professional Services,MI-003,28134.21,24,0.0784,4.42,32
2024-02-01,Midwest,Professional Services,MI-004,25413.25,19,0.1155,3.68,30
2024-02-01,Midwest,Professional Services,MI-005,29539.18,20,0.0579,4.59,34
2024-02-01,Midwest,Professional Services,MI-006,19453.92,17,0.0359,4.14,28
2024-02-01,Midwest,Professional Services,MI-007,19776.17,15,0.0116,4.29,28
2024-02-01,Midwest,Professional Services,MI-008,24491.02,19,0.0891,3.43,29
2024-02-01,Midwest,Professional Services,MI-009,23502.58,20,0.0374,4.53,32
2024-02-01,Midwest,Professional Services,MI-010,31849.2,31,0.1064,3.34,32
2024-02-01,Midwest,Professional Services,MI-011,23573.19,22,0.0627,3.72,37
2024-02-01,Midwest,Professional Services,MI-012,26005.01,23,0.0516,4.07,38
2024-02-01,West,Enterprise SaaS,WE-001,83321.08,89,0.1368,3.54,56
2024-02-01,West,Enterprise SaaS,WE-002,57499.07,74,0.0437,4.42,36
2024-02-01,West,Enterprise SaaS,WE-003,78308.08,99,0.0155,4.04,28
2024-02-01,West,Enterprise SaaS,WE-004,73168.07,94,0.0442,4.53,46
2024-02-01,West,Enterprise SaaS,WE-005,72322.92,96,0.1283,3.52,44
2024-02-01,West,Enterprise SaaS,WE-006,88979.29,117,0.0409,4.25,44
2024-02-01,West,Enterprise SaaS,WE-007,73638.43,99,0.0661,4.72,35
2024-02-01,West,Enterprise SaaS,WE-008,64618.57,85,0.0407,3.79,43
2024-02-01,West,Enterprise SaaS,WE-009,73183.65,80,0.0563,3.91,42
2024-02-01,West,Enterprise SaaS,WE-010,53807.62,67,0.1123,3.97,59
2024-02-01,West,Enterprise SaaS,WE-011,62662.39,77,0.0916,3.48,46
2024-02-01,West,Enterprise SaaS,WE-012,69444.86,92,0.0142,4.05,57
2024-02-01,West,SMB Platform,WE-001,56818.11,180,0.0623,4.26,22
2024-02-01,West,SMB Platform,WE-002,48827.07,158,0.0014,4.41,17
2024-02-01,West,SMB Platform,WE-003,47151.98,148,0.05,4.1,22
2024-02-01,West,SMB Platform,WE-004,45539.84,133,0.0511,3.67,13
2024-02-01,West,SMB Platform,WE-005,68890.95,205,0.082,4.69,23
2024-02-01,West,SMB Platform,WE-006,43911.49,125,0.008,4.04,17
2024-02-01,West,SMB Platform,WE-007,53295.68,173,0.046,3.7,20
2024-02-01,West,SMB Platform,WE-008,49116.9,166,0.0448,3.9,15
2024-02-01,West,SMB Platform,WE-009,63191.45,213,0.082,3.9,16
2024-02-01,West,SMB Platform,WE-010,50171.78,149,0.0548,4.19,21
2024-02-01,West,SMB Platform,WE-011,42123.46,131,0.0691,3.96,15
2024-02-01,West,SMB Platform,WE-012,58636.03,195,0.0737,3.9,21
2024-02-01,West,Professional Services,WE-001,31489.49,23,0.1195,3.43,26
2024-02-01,West,Professional Services,WE-002,31162.8,24,0.0983,4.13,35
2024-02-01,West,Professional Services,WE-003,32253.09,28,0.0288,4.69,20
2024-02-01,West,Professional Services,WE-004,39243.47,35,0.0922,4.09,31
2024-02-01,West,Professional Services,WE-005,42747.14,35,0.092,3.61,26
2024-02-01,West,Professional Services,WE-006,38176.04,34,0.038,3.84,39
2024-02-01,West,Professional Services,WE-007,28748.28,23,0.0258,5.0,23
2024-02-01,West,Professional Services,WE-008,38281.57,36,0.1143,3.53,18
2024-02-01,West,Professional Services,WE-009,23397.45,16,0.0377,4.35,34
2024-02-01,West,Professional Services,WE-010,41926.15,35,0.0937,3.67,32
2024-02-01,West,Professional Services,WE-011,27009.13,21,0.0225,4.38,26
2024-02-01,West,Professional Services,WE-012,39471.8,31,0.0335,3.74,33
2024-02-01,Southwest,Enterprise SaaS,SO-001,58044.69,68,0.003,4.74,35
2024-02-01,Southwest,Enterprise SaaS,SO-002,36131.25,43,0.0274,4.36,47
2024-02-01,Southwest,Enterprise SaaS,SO-003,44868.81,48,0.0763,3.15,29
2024-02-01,Southwest,Enterprise SaaS,SO-004,37543.36,40,0.1343,3.76,47
2024-02-01,Southwest,Enterprise SaaS,SO-005,51905.45,65,0.0944,3.82,22
2024-02-01,Southwest,Enterprise SaaS,SO-006,42291.23,52,0.0391,4.07,47
2024-02-01,Southwest,Enterprise SaaS,SO-007,38502.94,38,0.0779,4.27,44
2024-02-01,Southwest,Enterprise SaaS,SO-008,42213.38,50,0.1116,3.83,39
2024-02-01,Southwest,Enterprise SaaS,SO-009,41543.47,56,0.0834,4.38,46
2024-02-01,Southwest,Enterprise SaaS,SO-010,41959.99,56,0.091,3.78,38
2024-02-01,Southwest,Enterprise SaaS,SO-011,48173.64,61,0.0404,3.61,42
2024-02-01,Southwest,Enterprise SaaS,SO-012,36628.67,47,0.0267,3.99,46
2024-02-01,Southwest,SMB Platform,SO-001,29391.19,86,0.179,4.11,19
2024-02-01,Southwest,SMB Platform,SO-002,27316.31,85,0.1174,3.82,20
2024-02-01,Southwest,SMB Platform,SO-003,31874.36,110,0.0851,3.92,22
2024-02-01,Southwest,SMB Platform,SO-004,32498.7,96,0.0615,4.28,23
2024-02-01,Southwest,SMB Platform,SO-005,26938.19,76,0.0846,3.8,15
2024-02-01,Southwest,SMB Platform,SO-006,29714.14,94,0.1804,3.74,19
2024-02-01,Southwest,SMB Platform,SO-007,37128.84,125,0.0571,3.77,17
2024-02-01,Southwest,SMB Platform,SO-008,31060.38,107,0.042,3.93,20
2024-02-01,Southwest,SMB Platform,SO-009,36767.59,116,0.1236,3.59,24
2024-02-01,Southwest,SMB Platform,SO-010,38291.7,111,0.0219,4.11,18
2024-02-01,Southwest,SMB Platform,SO-011,39449.2,107,0.0233,4.36,19
2024-02-01,Southwest,SMB Platform,SO-012,28793.03,88,0.0301,4.32,19
2024-02-01,Southwest,Professional Services,SO-001,20936.43,17,0.0719,3.78,30
2024-02-01,Southwest,Professional Services,SO-002,18382.08,13,0.1036,3.83,48
2024-02-01,Southwest,Professional Services,SO-003,19111.48,15,0.0804,4.03,31
2024-02-01,Southwest,Professional Services,SO-004,25742.69,21,0.0187,3.71,25
2024-02-01,Southwest,Professional Services,SO-005,20709.18,18,0.0833,3.76,24
2024-02-01,Southwest,Professional Services,SO-006,21351.87,19,0.0861,4.2,31
2024-02-01,Southwest,Professional Services,SO-007,23861.75,17,0.0138,3.75,24
2024-02-01,Southwest,Professional Services,SO-008,18725.05,13,0.0177,4.11,36
2024-02-01,Southwest,Professional Services,SO-009,23743.24,21,0.033,4.43,32
2024-02-01,Southwest,Professional Services,SO-010,25743.52,22,0.1056,4.09,23
2024-02-01,Southwest,Professional Services,SO-011,23485.01,16,0.0905,3.95,20
2024-02-01,Southwest,Professional Services,SO-012,23537.68,18,0.0254,3.99,39
2024-03-01,Northeast,Enterprise SaaS,NO-001,59980.66,67,0.07,3.64,55
2024-03-01,Northeast,Enterprise SaaS,NO-002,57629.71,69,0.1048,4.15,46
2024-03-01,Northeast,Enterprise SaaS,NO-003,76842.22,77,0.0956,4.41,37
2024-03-01,Northeast,Enterprise SaaS,NO-004,68931.95,72,0.0876,3.11,44
2024-03-01,Northeast,Enterprise SaaS,NO-005,67593.67,88,0.0564,3.69,53
2024-03-01,Northeast,Enterprise SaaS,NO-006,63413.19,71,0.1573,3.51,54
2024-03-01,Northeast,Enterprise SaaS,NO-007,76322.09,86,0.0253,4.29,39
2024-03-01,Northeast,Enterprise SaaS,NO-008,80025.62,93,0.0388,4.37,53
2024-03-01,Northeast,Enterprise SaaS,NO-009,80794.78,99,0.1041,4.08,43
2024-03-01,Northeast,Enterprise SaaS,NO-010,62920.66,80,0.0403,3.6,42
2024-03-01,Northeast,Enterprise SaaS,NO-011,76148.43,97,0.0728,3.9,45
2024-03-01,Northeast,Enterprise SaaS,NO-012,57605.31,65,0.0697,3.67,30
2024-03-01,Northeast,SMB Platform,NO-001,57179.86,208,0.102,3.95,19
2024-03-01,Northeast,SMB Platform,NO-002,40551.86,132,0.1071,3.69,16
2024-03-01,Northeast,SMB Platform,NO-003,45626.46,141,0.0077,3.79,18
2024-03-01,Northeast,SMB Platform,NO-004,46277.92,146,0.0846,3.94,15
2024-03-01,Northeast,SMB Platform,NO-005,56540.15,159,0.047,3.86,17
2024-03-01,Northeast,SMB Platform,NO-006,44162.17,131,0.0232,3.89,14
2024-03-01,Northeast,SMB Platform,NO-007,51725.64,147,0.0612,4.26,15
2024-03-01,Northeast,SMB Platform,NO-008,45966.31,125,0.1022,4.04,17
2024-03-01,Northeast,SMB Platform,NO-009,46288.54,146,0.0479,4.34,18
2024-03-01,Northeast,SMB Platform,NO-010,49735.67,153,0.0553,4.15,19
2024-03-01,Northeast,SMB Platform,NO-011,60844.84,159,0.1211,3.99,15
2024-03-01,Northeast,SMB Platform,NO-012,52256.57,194,0.1482,4.09,16
2024-03-01,Northeast,Professional Services,NO-001,41414.99,32,0.0497,4.27,38
2024-03-01,Northeast,Professional Services,NO-002,35749.33,26,0.0521,3.65,21
2024-03-01,Northeast,Professional Services,NO-003,39111.31,37,0.0072,4.09,36
2024-03-01,Northeast,Professional Services,NO-004,33919.07,29,0.0046,4.04,35
2024-03-01,Northeast,Professional Services,NO-005,44463.12,40,0.1025,3.82,22
2024-03-01,Northeast,Professional Services,NO-006,32356.96,27,0.0998,3.83,33
2024-03-01,Northeast,Professional Services,NO-007,35946.19,31,0.0141,4.29,33
2024-03-01,Northeast,Professional Services,NO-008,32798.68,23,0.0355,4.23,29
2024-03-01,Northeast,Professional Services,NO-009,35633.63,27,0.1041,4.36,32
2024-03-01,Northeast,Professional Services,NO-010,27621.52,22,0.0977,4.05,21
2024-03-01,Northeast,Professional Services,NO-011,34536.25,31,0.0302,4.23,28
2024-03-01,Northeast,Professional Services,NO-012,33446.08,30,0.0455,4.37,19
2024-03-01,Southeast,Enterprise SaaS,SO-001,64586.02,74,0.1004,3.93,33
2024-03-01,Southeast,Enterprise SaaS,SO-002,62365.26,85,0.0817,4.17,52
2024-03-01,Southeast,Enterprise SaaS,SO-003,50440.72,55,0.1042,4.5,45
2024-03-01,Southeast,Enterprise SaaS,SO-004,57322.93,81,0.0367,4.07,57
2024-03-01,Southeast,Enterprise SaaS,SO-005,62608.46,70,0.1906,4.05,53
2024-03-01,Southeast,Enterprise SaaS,SO-006,49053.45,66,0.1078,4.11,44
2024-03-01,Southeast,Enterprise SaaS,SO-007,53476.07,59,0.0434,4.33,55
2024-03-01,Southeast,Enterprise SaaS,SO-008,49787.57,57,0.098,3.89,63
2024-03-01,Southeast,Enterprise SaaS,SO-009,59942.91,79,0.0652,3.97,43
2024-03-01,Southeast,Enterprise SaaS,SO-010,65598.4,87,0.1142,3.83,39
2024-03-01,Southeast,Enterprise SaaS,SO-011,60249.65,80,0.0469,4.14,52
2024-03-01,Southeast,Enterprise SaaS,SO-012,54563.97,66,0.0712,3.99,48
2024-03-01,Southeast,SMB Platform,SO-001,37869.93,116,0.0226,4.17,19
2024-03-01,Southeast,SMB Platform,SO-002,51385.24,129,0.0286,3.91,18
2024-03-01,Southeast,SMB Platform,SO-003,40997.65,129,0.0421,4.2,27
2024-03-01,Southeast,SMB Platform,SO-004,48013.77,148,0.0061,3.97,17
2024-03-01,Southeast,SMB Platform,SO-005,44330.93,137,0.0412,4.01,17
2024-03-01,Southeast,SMB Platform,SO-006,42529.48,129,0.0856,3.71,14
2024-03-01,Southeast,SMB Platform,SO-007,37871.07,123,0.0609,4.29,17
2024-03-01,Southeast,SMB Platform,SO-008,43834.33,145,0.0916,4.78,16
2024-03-01,Southeast,SMB Platform,SO-009,42541.87,126,0.1453,3.54,11
2024-03-01,Southeast,SMB Platform,SO-010,50877.58,153,0.0176,4.06,15
2024-03-01,Southeast,SMB Platform,SO-011,40651.92,124,0.0461,4.18,11
2024-03-01,Southeast,SMB Platform,SO-012,40662.66,130,0.0641,4.14,21
2024-03-01,Southeast,Professional Services,SO-001,30685.98,22,0.0594,3.75,32
2024-03-01,Southeast,Professional Services,SO-002,22526.9,19,0.0067,3.82,28
2024-03-01,Southeast,Professional Services,SO-003,26879.47,21,0.0504,3.61,28
2024-03-01,Southeast,Professional Services,SO-004,32138.48,29,0.076,4.06,35
2024-03-01,Southeast,Professional Services,SO-005,28742.62,24,0.0541,3.88,28
2024-03-01,Southeast,Professional Services,SO-006,26957.7,20,0.0385,4.37,37
2024-03-01,Southeast,Professional Services,SO-007,27572.2,22,0.0491,3.72,24
2024-03-01,Southeast,Professional Services,SO-008,27178.28,20,0.1097,3.78,28
2024-03-01,Southeast,Professional Services,SO-009,30178.5,25,0.2288,4.34,35
2024-03-01,Southeast,Professional Services,SO-010,25514.71,19,0.0192,3.8,30
2024-03-01,Southeast,Professional Services,SO-011,27826.98,20,0.0608,3.69,32
2024-03-01,Southeast,Professional Services,SO-012,25373.79,22,0.0732,3.6,32
2024-03-01,Midwest,Enterprise SaaS,MI-001,53149.78,54,0.0508,4.42,38
2024-03-01,Midwest,Enterprise SaaS,MI-002,42009.91,47,0.0772,3.27,35
2024-03-01,Midwest,Enterprise SaaS,MI-003,41258.53,41,0.0629,3.94,30
2024-03-01,Midwest,Enterprise SaaS,MI-004,45604.85,48,0.018,4.0,33
2024-03-01,Midwest,Enterprise SaaS,MI-005,52133.47,59,0.0344,4.0,35
2024-03-01,Midwest,Enterprise SaaS,MI-006,54354.79,69,0.1404,3.46,51
2024-03-01,Midwest,Enterprise SaaS,MI-007,64829.3,79,0.0621,4.46,46
2024-03-01,Midwest,Enterprise SaaS,MI-008,50618.66,63,0.0853,3.93,44
2024-03-01,Midwest,Enterprise SaaS,MI-009,74205.89,86,0.035,3.87,53
2024-03-01,Midwest,Enterprise SaaS,MI-010,50677.93,67,0.135,3.55,36
2024-03-01,Midwest,Enterprise SaaS,MI-011,54763.12,57,0.0142,3.96,47
2024-03-01,Midwest,Enterprise SaaS,MI-012,49953.48,63,0.1023,3.48,37
2024-03-01,Midwest,SMB Platform,MI-001,33946.93,110,0.1071,3.79,15
2024-03-01,Midwest,SMB Platform,MI-002,29842.39,102,0.079,4.23,18
2024-03-01,Midwest,SMB Platform,MI-003,44469.7,134,0.0657,4.11,18
2024-03-01,Midwest,SMB Platform,MI-004,46967.42,149,0.0438,4.07,18
2024-03-01,Midwest,SMB Platform,MI-005,30772.14,81,0.0394,4.03,18
2024-03-01,Midwest,SMB Platform,MI-006,43924.12,145,0.0838,3.94,15
2024-03-01,Midwest,SMB Platform,MI-007,38490.34,118,0.0822,3.9,15
2024-03-01,Midwest,SMB Platform,MI-008,31101.85,105,0.0691,4.11,21
2024-03-01,Midwest,SMB Platform,MI-009,39428.97,122,0.0876,3.99,19
2024-03-01,Midwest,SMB Platform,MI-010,43270.56,133,0.0062,4.61,13
2024-03-01,Midwest,SMB Platform,MI-011,32589.91,96,0.0341,4.12,16
2024-03-01,Midwest,SMB Platform,MI-012,41421.89,118,0.0098,4.19,15
2024-03-01,Midwest,Professional Services,MI-001,27736.99,19,0.0761,4.14,31
2024-03-01,Midwest,Professional Services,MI-002,26603.79,21,0.0688,4.0,33
2024-03-01,Midwest,Professional Services,MI-003,20835.84,18,0.024,3.92,25
2024-03-01,Midwest,Professional Services,MI-004,30215.91,22,0.0792,3.87,28
2024-03-01,Midwest,Professional Services,MI-005,33098.07,25,0.1041,4.3,31
2024-03-01,Midwest,Professional Services,MI-006,22562.35,18,0.0884,4.53,29
2024-03-01,Midwest,Professional Services,MI-007,29449.59,28,0.0948,4.02,38
2024-03-01,Midwest,Professional Services,MI-008,22866.36,16,0.0332,4.19,23
2024-03-01,Midwest,Professional Services,MI-009,28400.82,24,0.1066,3.62,25
2024-03-01,Midwest,Professional Services,MI-010,29251.52,25,0.0957,3.94,21
2024-03-01,Midwest,Professional Services,MI-011,27802.23,24,0.0972,4.21,34
2024-03-01,Midwest,Professional Services,MI-012,20238.1,19,0.0586,4.12,25
2024-03-01,West,Enterprise SaaS,WE-001,77990.58,111,0.1233,4.17,41
2024-03-01,West,Enterprise SaaS,WE-002,81376.32,101,0.0564,4.39,49
2024-03-01,West,Enterprise SaaS,WE-003,83637.94,114,0.1186,3.97,48
2024-03-01,West,Enterprise SaaS,WE-004,78479.76,100,0.143,4.14,50
2024-03-01,West,Enterprise SaaS,WE-005,62144.1,72,0.1128,3.64,46
2024-03-01,West,Enterprise SaaS,WE-006,88517.24,109,0.0433,4.21,28
2024-03-01,West,Enterprise SaaS,WE-007,96295.01,93,0.1217,4.17,40
2024-03-01,West,Enterprise SaaS,WE-008,70845.08,79,0.024,3.75,35
2024-03-01,West,Enterprise SaaS,WE-009,75301.96,92,0.0516,3.76,57
2024-03-01,West,Enterprise SaaS,WE-010,91441.26,102,0.0592,3.98,48
2024-03-01,West,Enterprise SaaS,WE-011,70145.88,75,0.1065,3.68,60
2024-03-01,West,Enterprise SaaS,WE-012,58909.67,76,0.0365,4.17,63
2024-03-01,West,SMB Platform,WE-001,35900.99,115,0.0574,4.02,17
2024-03-01,West,SMB Platform,WE-002,47634.71,134,0.1898,3.67,14
2024-03-01,West,SMB Platform,WE-003,47516.74,155,0.0534,4.5,21
2024-03-01,West,SMB Platform,WE-004,46215.82,146,0.0487,4.39,17
2024-03-01,West,SMB Platform,WE-005,51367.14,166,0.0276,4.06,13
2024-03-01,West,SMB Platform,WE-006,40985.3,114,0.0403,4.67,19
2024-03-01,West,SMB Platform,WE-007,45100.3,132,0.0053,4.14,20
2024-03-01,West,SMB Platform,WE-008,51369.56,142,0.2202,3.5,16
2024-03-01,West,SMB Platform,WE-009,55956.74,180,0.0676,3.91,20
2024-03-01,West,SMB Platform,WE-010,72995.02,232,0.1476,3.83,18
2024-03-01,West,SMB Platform,WE-011,48733.42,133,0.0746,3.95,22
2024-03-01,West,SMB Platform,WE-012,57025.29,177,0.0136,3.93,17
2024-03-01,West,Professional Services,WE-001,37310.53,32,0.0566,3.6,25
2024-03-01,West,Professional Services,WE-002,35755.0,30,0.0329,3.6,33
2024-03-01,West,Professional Services,WE-003,43961.65,43,0.0802,3.67,31
2024-03-01,West,Professional Services,WE-004,44930.22,33,0.0589,4.44,30
2024-03-01,West,Professional Services,WE-005,40706.8,29,0.0414,4.0,26
2024-03-01,West,Professional Services,WE-006,33667.42,27,0.086,3.94,28
2024-03-01,West,Professional Services,WE-007,33414.94,28,0.0271,4.27,31
2024-03-01,West,Professional Services,WE-008,45709.89,39,0.0631,4.03,26
2024-03-01,West,Professional Services,WE-009,34583.26,30,0.0671,3.71,31
2024-03-01,West,Professional Services,WE-010,38148.15,24,0.112,3.47,34
2024-03-01,West,Professional Services,WE-011,50722.8,45,0.0233,4.08,37
2024-03-01,West,Professional Services,WE-012,37268.01,34,0.1048,3.57,31
2024-03-01,Southwest,Enterprise SaaS,SO-001,45300.45,58,0.0222,4.56,53
2024-03-01,Southwest,Enterprise SaaS,SO-002,49466.87,49,0.0821,3.62,51
2024-03-01,Southwest,Enterprise SaaS,SO-003,44997.0,43,0.0292,4.02,56
2024-03-01,Southwest,Enterprise SaaS,SO-004,53543.75,69,0.034,4.59,48
2024-03-01,Southwest,Enterprise SaaS,SO-005,50915.3,52,0.0824,4.1,46
2024-03-01,Southwest,Enterprise SaaS,SO-006,42576.44,53,0.1185,3.98,54
2024-03-01,Southwest,Enterprise SaaS,SO-007,50349.57,44,0.0501,4.09,56
2024-03-01,Southwest,Enterprise SaaS,SO-008,52075.18,64,0.1428,4.24,47
2024-03-01,Southwest,Enterprise SaaS,SO-009,45698.75,58,0.0344,4.32,45
2024-03-01,Southwest,Enterprise SaaS,SO-010,44621.16,51,0.0489,3.92,45
2024-03-01,Southwest,Enterprise SaaS,SO-011,50041.74,54,0.0193,3.81,44
2024-03-01,Southwest,Enterprise SaaS,SO-012,56002.92,78,0.0633,3.7,29
2024-03-01,Southwest,SMB Platform,SO-001,37818.21,104,0.0863,4.4,15
2024-03-01,Southwest,SMB Platform,SO-002,41574.54,129,0.043,4.0,14
2024-03-01,Southwest,SMB Platform,SO-003,32518.79,97,0.0884,3.75,14
2024-03-01,Southwest,SMB Platform,SO-004,28716.35,94,0.0285,4.35,24
2024-03-01,Southwest,SMB Platform,SO-005,26183.79,78,0.0798,4.08,20
2024-03-01,Southwest,SMB Platform,SO-006,28342.05,102,0.08,3.75,13
2024-03-01,Southwest,SMB Platform,SO-007,38158.4,112,0.1036,3.85,19
2024-03-01,Southwest,SMB Platform,SO-008,34220.47,118,0.0728,4.06,20
2024-03-01,Southwest,SMB Platform,SO-009,39695.8,119,0.0297,4.44,14
2024-03-01,Southwest,SMB Platform,SO-010,43076.65,146,0.0466,3.79,17
2024-03-01,Southwest,SMB Platform,SO-011,35116.94,122,0.0455,4.02,16
2024-03-01,Southwest,SMB Platform,SO-012,25660.79,77,0.0481,4.04,17
2024-03-01,Southwest,Professional Services,SO-001,22461.45,18,0.0441,3.75,19
2024-03-01,Southwest,Professional Services,SO-002,24765.97,21,0.0225,4.39,24
2024-03-01,Southwest,Professional Services,SO-003,27026.53,28,0.0537,3.74,36
2024-03-01,Southwest,Professional Services,SO-004,23649.86,20,0.0019,4.41,24
2024-03-01,Southwest,Professional Services,SO-005,21950.29,18,0.0646,4.03,20
2024-03-01,Southwest,Professional Services,SO-006,25592.75,25,0.201,3.57,36
2024-03-01,Southwest,Professional Services,SO-007,23748.56,21,0.0454,4.06,35
2024-03-01,Southwest,Professional Services,SO-008,20800.67,20,0.0413,3.96,29
2024-03-01,Southwest,Professional Services,SO-009,26519.3,16,0.1288,3.67,25
2024-03-01,Southwest,Professional Services,SO-010,28270.39,25,0.0422,3.51,22
2024-03-01,Southwest,Professional Services,SO-011,20310.38,15,0.0316,4.47,32
2024-03-01,Southwest,Professional Services,SO-012,19740.34,13,0.0188,4.33,25
2024-04-01,Northeast,Enterprise SaaS,NO-001,75080.8,86,0.16,3.28,39
2024-04-01,Northeast,Enterprise SaaS,NO-002,83965.07,83,0.0764,4.0,36
2024-04-01,Northeast,Enterprise SaaS,NO-003,100406.07,119,0.0385,3.77,41
2024-04-01,Northeast,Enterprise SaaS,NO-004,75854.25,93,0.0237,4.05,48
2024-04-01,Northeast,Enterprise SaaS,NO-005,82857.26,113,0.0472,3.73,37
2024-04-01,Northeast,Enterprise SaaS,NO-006,66736.44,83,0.1306,3.83,45
2024-04-01,Northeast,Enterprise SaaS,NO-007,90333.07,119,0.1099,3.64,49
2024-04-01,Northeast,Enterprise SaaS,NO-008,67624.27,89,0.0676,4.29,41
2024-04-01,Northeast,Enterprise SaaS,NO-009,68971.93,70,0.0125,4.61,54
2024-04-01,Northeast,Enterprise SaaS,NO-010,65868.68,90,0.1022,3.39,51
2024-04-01,Northeast,Enterprise SaaS,NO-011,65510.16,73,0.055,4.45,48
2024-04-01,Northeast,Enterprise SaaS,NO-012,78399.01,102,0.0635,4.63,45
2024-04-01,Northeast,SMB Platform,NO-001,51645.45,146,0.0355,3.9,18
2024-04-01,Northeast,SMB Platform,NO-002,46142.86,139,0.115,3.03,16
2024-04-01,Northeast,SMB Platform,NO-003,57026.75,188,0.0966,3.4,24
2024-04-01,Northeast,SMB Platform,NO-004,53076.92,172,0.0586,4.0,15
2024-04-01,Northeast,SMB Platform,NO-005,45879.1,158,0.0487,3.98,16
2024-04-01,Northeast,SMB Platform,NO-006,55362.73,177,0.0129,4.25,20
2024-04-01,Northeast,SMB Platform,NO-007,41259.66,150,0.1006,3.54,21
2024-04-01,Northeast,SMB Platform,NO-008,52847.67,158,0.0733,3.93,20
2024-04-01,Northeast,SMB Platform,NO-009,47822.4,161,0.092,4.14,15
2024-04-01,Northeast,SMB Platform,NO-010,57046.37,178,0.0635,4.42,21
2024-04-01,Northeast,SMB Platform,NO-011,56911.91,195,0.0593,4.03,17
2024-04-01,Northeast,SMB Platform,NO-012,51331.1,161,0.0507,3.98,16
2024-04-01,Northeast,Professional Services,NO-001,35266.92,32,0.0446,4.64,28
2024-04-01,Northeast,Professional Services,NO-002,34499.44,29,0.0802,3.77,30
2024-04-01,Northeast,Professional Services,NO-003,31812.98,29,0.0485,4.15,32
2024-04-01,Northeast,Professional Services,NO-004,35917.57,31,0.0274,3.81,24
2024-04-01,Northeast,Professional Services,NO-005,39421.42,32,0.0495,3.97,33
2024-04-01,Northeast,Professional Services,NO-006,34616.65,28,0.0829,3.89,25
2024-04-01,Northeast,Professional Services,NO-007,34289.74,24,0.0587,4.17,38
2024-04-01,Northeast,Professional Services,NO-008,30446.89,22,0.0957,3.82,32
2024-04-01,Northeast,Professional Services,NO-009,37076.73,32,0.0644,3.5,30
2024-04-01,Northeast,Professional Services,NO-010,34309.21,28,0.0215,4.54,33
2024-04-01,Northeast,Professional Services,NO-011,30292.13,26,0.0405,4.56,31
2024-04-01,Northeast,Professional Services,NO-012,35382.62,23,0.0132,4.13,27
2024-04-01,Southeast,Enterprise SaaS,SO-001,88902.54,102,0.2168,3.35,44
2024-04-01,Southeast,Enterprise SaaS,SO-002,83259.85,87,0.0719,3.67,45
2024-04-01,Southeast,Enterprise SaaS,SO-003,53415.56,66,0.1225,3.65,43
2024-04-01,Southeast,Enterprise SaaS,SO-004,52669.46,56,0.0256,3.82,41
2024-04-01,Southeast,Enterprise SaaS,SO-005,61987.18,78,0.0358,3.86,55
2024-04-01,Southeast,Enterprise SaaS,SO-006,69061.62,88,0.0076,4.29,45
2024-04-01,Southeast,Enterprise SaaS,SO-007,69804.42,79,0.1148,3.67,42
2024-04-01,Southeast,Enterprise SaaS,SO-008,54425.47,59,0.0687,4.24,54
2024-04-01,Southeast,Enterprise SaaS,SO-009,68931.97,89,0.078,4.48,58
2024-04-01,Southeast,Enterprise SaaS,SO-010,50933.05,62,0.0206,4.41,49
2024-04-01,Southeast,Enterprise SaaS,SO-011,68874.3,80,0.0129,4.42,54
2024-04-01,Southeast,Enterprise SaaS,SO-012,71818.85,78,0.0125,4.76,31
2024-04-01,Southeast,SMB Platform,SO-001,36290.39,123,0.0982,4.18,24
2024-04-01,Southeast,SMB Platform,SO-002,34362.22,111,0.1278,3.8,20
2024-04-01,Southeast,SMB Platform,SO-003,45266.54,130,0.0723,4.02,16
2024-04-01,Southeast,SMB Platform,SO-004,52624.73,148,0.0293,4.43,20
2024-04-01,Southeast,SMB Platform,SO-005,42201.05,135,0.1097,3.88,23
2024-04-01,Southeast,SMB Platform,SO-006,46811.37,153,0.0772,4.47,21
2024-04-01,Southeast,SMB Platform,SO-007,40916.16,139,0.0716,4.02,10
2024-04-01,Southeast,SMB Platform,SO-008,45413.67,125,0.1264,3.91,21
2024-04-01,Southeast,SMB Platform,SO-009,53781.82,167,0.1013,3.86,16
2024-04-01,Southeast,SMB Platform,SO-010,50725.72,153,0.0872,3.94,24
2024-04-01,Southeast,SMB Platform,SO-011,43064.24,133,0.0302,4.01,17
2024-04-01,Southeast,SMB Platform,SO-012,55750.78,162,0.0242,3.75,17
2024-04-01,Southeast,Professional Services,SO-001,27375.25,26,0.0229,4.22,33
2024-04-01,Southeast,Professional Services,SO-002,32190.61,22,0.0958,3.91,31
2024-04-01,Southeast,Professional Services,SO-003,29037.33,24,0.0204,3.98,35
2024-04-01,Southeast,Professional Services,SO-004,32926.26,29,0.1413,3.42,28
2024-04-01,Southeast,Professional Services,SO-005,38831.37,30,0.0277,3.66,31
2024-04-01,Southeast,Professional Services,SO-006,40463.97,30,0.0391,4.23,29
2024-04-01,Southeast,Professional Services,SO-007,38647.61,32,0.1666,4.09,30
2024-04-01,Southeast,Professional Services,SO-008,27588.11,27,0.023,4.51,33
2024-04-01,Southeast,Professional Services,SO-009,37197.75,30,0.0377,4.33,38
2024-04-01,Southeast,Professional Services,SO-010,34686.53,28,0.0506,3.73,24
2024-04-01,Southeast,Professional Services,SO-011,37012.19,27,0.0905,4.17,34
2024-04-01,Southeast,Professional Services,SO-012,31369.03,23,0.0845,3.78,34
2024-04-01,Midwest,Enterprise SaaS,MI-001,60817.71,75,0.1064,3.55,38
2024-04-01,Midwest,Enterprise SaaS,MI-002,48259.85,53,0.0197,4.14,31
2024-04-01,Midwest,Enterprise SaaS,MI-003,46459.9,52,0.0519,4.25,50
2024-04-01,Midwest,Enterprise SaaS,MI-004,71753.74,83,0.0172,4.14,38
2024-04-01,Midwest,Enterprise SaaS,MI-005,61994.36,74,0.0998,4.07,34
2024-04-01,Midwest,Enterprise SaaS,MI-006,59776.65,74,0.0138,4.45,48
2024-04-01,Midwest,Enterprise SaaS,MI-007,63054.3,73,0.0902,4.0,49
2024-04-01,Midwest,Enterprise SaaS,MI-008,52196.66,71,0.0173,3.78,43
2024-04-01,Midwest,Enterprise SaaS,MI-009,62572.81,71,0.0107,4.29,40
2024-04-01,Midwest,Enterprise SaaS,MI-010,67069.44,81,0.1115,3.91,39
2024-04-01,Midwest,Enterprise SaaS,MI-011,47016.02,49,0.0498,4.19,47
2024-04-01,Midwest,Enterprise SaaS,MI-012,62786.92,76,0.0335,4.21,44
2024-04-01,Midwest,SMB Platform,MI-001,44048.86,139,0.0555,3.83,23
2024-04-01,Midwest,SMB Platform,MI-002,47379.93,146,0.0508,4.1,20
2024-04-01,Midwest,SMB Platform,MI-003,35482.51,124,0.0606,4.22,24
2024-04-01,Midwest,SMB Platform,MI-004,48363.49,109,0.1857,3.99,19
2024-04-01,Midwest,SMB Platform,MI-005,43160.52,109,0.0684,3.54,14
2024-04-01,Midwest,SMB Platform,MI-006,45280.08,147,0.0148,4.1,10
2024-04-01,Midwest,SMB Platform,MI-007,45713.81,145,0.0842,4.25,17
2024-04-01,Midwest,SMB Platform,MI-008,41636.18,121,0.076,3.88,16
2024-04-01,Midwest,SMB Platform,MI-009,38341.76,124,0.0839,3.83,14
2024-04-01,Midwest,SMB Platform,MI-010,40394.2,145,0.1511,3.64,17
2024-04-01,Midwest,SMB Platform,MI-011,46342.97,176,0.0868,3.86,22
2024-04-01,Midwest,SMB Platform,MI-012,36293.55,102,0.0635,3.77,21
2024-04-01,Midwest,Professional Services,MI-001,24971.86,26,0.0165,4.46,32
2024-04-01,Midwest,Professional Services,MI-002,30851.56,25,0.1927,3.46,36
2024-04-01,Midwest,Professional Services,MI-003,26979.48,22,0.1327,3.94,33
2024-04-01,Midwest,Professional Services,MI-004,31181.92,27,0.0952,4.17,19
2024-04-01,Midwest,Professional Services,MI-005,27063.74,22,0.0579,3.76,31
2024-04-01,Midwest,Professional Services,MI-006,32356.29,27,0.0521,4.08,27
2024-04-01,Midwest,Professional Services,MI-007,28199.36,23,0.1166,4.61,31
2024-04-01,Midwest,Professional Services,MI-008,26577.43,25,0.0683,3.84,29
2024-04-01,Midwest,Professional Services,MI-009,33050.51,25,0.0258,3.99,36
2024-04-01,Midwest,Professional Services,MI-010,26746.87,27,0.063,3.59,34
2024-04-01,Midwest,Professional Services,MI-011,29187.26,23,0.0358,4.66,32
2024-04-01,Midwest,Professional Services,MI-012,28992.34,26,0.0511,4.15,27
2024-04-01,West,Enterprise SaaS,WE-001,76627.88,88,0.0072,4.06,40
2024-04-01,West,Enterprise SaaS,WE-002,87411.98,104,0.0684,3.76,44
2024-04-01,West,Enterprise SaaS,WE-003,73341.84,83,0.0412,4.37,58
2024-04-01,West,Enterprise SaaS,WE-004,66814.37,86,0.1563,3.65,52
2024-04-01,West,Enterprise SaaS,WE-005,85043.24,113,0.1475,3.62,49
2024-04-01,West,Enterprise SaaS,WE-006,58689.94,67,0.0752,4.71,46
2024-04-01,West,Enterprise SaaS,WE-007,77331.33,101,0.0298,4.45,41
2024-04-01,West,Enterprise SaaS,WE-008,69635.17,88,0.0839,3.88,52
2024-04-01,West,Enterprise SaaS,WE-009,93447.96,122,0.0537,4.17,49
2024-04-01,West,Enterprise SaaS,WE-010,64067.45,74,0.0729,3.72,51
2024-04-01,West,Enterprise SaaS,WE-011,105609.47,126,0.0752,3.99,46
2024-04-01,West,Enterprise SaaS,WE-012,76979.48,88,0.1785,3.38,44
2024-04-01,West,SMB Platform,WE-001,71623.08,227,0.0906,3.45,13
2024-04-01,West,SMB Platform,WE-002,71016.56,227,0.1324,2.97,22
2024-04-01,West,SMB Platform,WE-003,58745.96,167,0.1688,3.63,18
2024-04-01,West,SMB Platform,WE-004,63553.94,169,0.163,3.69,24
2024-04-01,West,SMB Platform,WE-005,57040.2,176,0.0594,3.96,17
2024-04-01,West,SMB Platform,WE-006,67109.25,201,0.0668,4.45,17
2024-04-01,West,SMB Platform,WE-007,47617.32,157,0.0532,3.4,21
2024-04-01,West,SMB Platform,WE-008,50039.13,141,0.0104,3.75,18
2024-04-01,West,SMB Platform,WE-009,69475.88,230,0.0303,3.62,20
2024-04-01,West,SMB Platform,WE-010,48054.8,137,0.0497,4.0,17
2024-04-01,West,SMB Platform,WE-011,60265.6,199,0.0195,4.4,10
2024-04-01,West,SMB Platform,WE-012,71642.27,256,0.0942,4.08,15
2024-04-01,West,Professional Services,WE-001,52382.39,43,0.0155,4.42,26
2024-04-01,West,Professional Services,WE-002,33104.28,25,0.0266,4.31,26
2024-04-01,West,Professional Services,WE-003,43093.37,39,0.0412,4.1,32
2024-04-01,West,Professional Services,WE-004,37910.66,33,0.1204,3.44,34
2024-04-01,West,Professional Services,WE-005,35422.35,21,0.1004,3.66,16
2024-04-01,West,Professional Services,WE-006,42157.25,31,0.0153,3.95,31
2024-04-01,West,Professional Services,WE-007,34755.2,27,0.0626,4.31,29
2024-04-01,West,Professional Services,WE-008,43837.86,34,0.1343,4.53,37
2024-04-01,West,Professional Services,WE-009,36022.62,29,0.0603,3.63,23
2024-04-01,West,Professional Services,WE-010,32249.46,32,0.1131,3.43,34
2024-04-01,West,Professional Services,WE-011,48054.25,39,0.0438,4.29,29
2024-04-01,West,Professional Services,WE-012,40571.23,33,0.1162,3.84,35
2024-04-01,Southwest,Enterprise SaaS,SO-001,58081.1,63,0.0097,3.82,43
2024-04-01,Southwest,Enterprise SaaS,SO-002,71833.87,70,0.0365,3.9,45
2024-04-01,Southwest,Enterprise SaaS,SO-003,61739.51,76,0.0925,4.32,28
2024-04-01,Southwest,Enterprise SaaS,SO-004,42643.95,58,0.0658,4.01,21
2024-04-01,Southwest,Enterprise SaaS,SO-005,59490.26,75,0.0066,4.25,45
2024-04-01,Southwest,Enterprise SaaS,SO-006,51981.59,60,0.105,3.84,52
2024-04-01,Southwest,Enterprise SaaS,SO-007,46166.77,55,0.1239,3.81,30
2024-04-01,Southwest,Enterprise SaaS,SO-008,47796.36,62,0.0415,4.44,53
2024-04-01,Southwest,Enterprise SaaS,SO-009,52343.38,59,0.0479,4.5,42
2024-04-01,Southwest,Enterprise SaaS,SO-010,63074.37,74,0.0391,4.04,45
2024-04-01,Southwest,Enterprise SaaS,SO-011,49685.52,69,0.0594,3.71,40
2024-04-01,Southwest,Enterprise SaaS,SO-012,47557.8,53,0.0859,3.79,61
2024-04-01,Southwest,SMB Platform,SO-001,30467.23,102,0.1004,3.55,18
2024-04-01,Southwest,SMB Platform,SO-002,38248.57,112,0.0988,3.56,19
2024-04-01,Southwest,SMB Platform,SO-003,37815.21,115,0.0672,3.96,17
2024-04-01,Southwest,SMB Platform,SO-004,40402.96,138,0.2138,3.17,22
2024-04-01,Southwest,SMB Platform,SO-005,41650.24,118,0.041,3.73,11
2024-04-01,Southwest,SMB Platform,SO-006,42399.17,145,0.053,3.72,21
2024-04-01,Southwest,SMB Platform,SO-007,30213.16,114,0.0079,4.35,22
2024-04-01,Southwest,SMB Platform,SO-008,32305.08,106,0.1422,3.5,21
2024-04-01,Southwest,SMB Platform,SO-009,44955.98,141,0.021,4.01,21
2024-04-01,Southwest,SMB Platform,SO-010,37169.68,118,0.0891,4.05,13
2024-04-01,Southwest,SMB Platform,SO-011,39889.11,121,0.0433,4.43,19
2024-04-01,Southwest,SMB Platform,SO-012,34847.06,108,0.0451,4.53,17
2024-04-01,Southwest,Professional Services,SO-001,33947.1,31,0.0189,4.15,26
2024-04-01,Southwest,Professional Services,SO-002,27921.49,20,0.0247,3.99,30
2024-04-01,Southwest,Professional Services,SO-003,29961.45,20,0.093,3.65,34
2024-04-01,Southwest,Professional Services,SO-004,30596.09,30,0.1445,3.75,21
2024-04-01,Southwest,Professional Services,SO-005,23142.1,22,0.079,4.18,36
2024-04-01,Southwest,Professional Services,SO-006,27865.43,20,0.0634,3.67,26
2024-04-01,Southwest,Professional Services,SO-007,30393.52,25,0.0503,4.46,29
2024-04-01,Southwest,Professional Services,SO-008,26568.19,22,0.0848,4.39,35
2024-04-01,Southwest,Professional Services,SO-009,33283.52,27,0.0334,4.2,31
2024-04-01,Southwest,Professional Services,SO-010,32085.95,28,0.1201,3.81,30
2024-04-01,Southwest,Professional Services,SO-011,25763.6,21,0.0357,4.0,31
2024-04-01,Southwest,Professional Services,SO-012,20480.63,17,0.057,4.32,28
2024-05-01,Northeast,Enterprise SaaS,NO-001,65552.07,67,0.0471,4.27,47
2024-05-01,Northeast,Enterprise SaaS,NO-002,58845.62,57,0.0684,3.92,43
2024-05-01,Northeast,Enterprise SaaS,NO-003,71082.48,98,0.0922,3.69,38
2024-05-01,Northeast,Enterprise SaaS,NO-004,85189.39,89,0.1126,4.12,49
2024-05-01,Northeast,Enterprise SaaS,NO-005,86153.78,116,0.1792,3.49,45
2024-05-01,Northeast,Enterprise SaaS,NO-006,79461.18,87,0.0395,3.64,34
2024-05-01,Northeast,Enterprise SaaS,NO-007,76855.15,92,0.0835,4.01,54
2024-05-01,Northeast,Enterprise SaaS,NO-008,79995.98,106,0.0321,4.53,34
2024-05-01,Northeast,Enterprise SaaS,NO-009,77379.9,88,0.0124,4.03,44
2024-05-01,Northeast,Enterprise SaaS,NO-010,94265.94,79,0.0433,4.03,39
2024-05-01,Northeast,Enterprise SaaS,NO-011,70705.54,81,0.0457,4.2,40
2024-05-01,Northeast,Enterprise SaaS,NO-012,94504.5,124,0.0437,4.44,58
2024-05-01,Northeast,SMB Platform,NO-001,51389.48,159,0.1354,3.21,16
2024-05-01,Northeast,SMB Platform,NO-002,47061.79,144,0.0446,4.08,19
2024-05-01,Northeast,SMB Platform,NO-003,53850.04,188,0.0434,3.77,22
2024-05-01,Northeast,SMB Platform,NO-004,62122.82,206,0.1064,3.86,20
2024-05-01,Northeast,SMB Platform,NO-005,46033.64,128,0.0373,4.11,17
2024-05-01,Northeast,SMB Platform,NO-006,52782.88,162,0.0127,3.95,17
2024-05-01,Northeast,SMB Platform,NO-007,56555.33,167,0.0436,3.67,18
2024-05-01,Northeast,SMB Platform,NO-008,63476.5,202,0.0817,3.78,14
2024-05-01,Northeast,SMB Platform,NO-009,47631.77,137,0.1098,3.73,14
2024-05-01,Northeast,SMB Platform,NO-010,58133.64,206,0.0343,4.69,26
2024-05-01,Northeast,SMB Platform,NO-011,58671.7,170,0.0411,3.8,17
2024-05-01,Northeast,SMB Platform,NO-012,55244.49,144,0.1549,3.9,24
2024-05-01,Northeast,Professional Services,NO-001,41603.67,29,0.0838,3.62,38
2024-05-01,Northeast,Professional Services,NO-002,32729.85,28,0.0268,4.03,27
2024-05-01,Northeast,Professional Services,NO-003,45051.01,34,0.0977,3.91,27
2024-05-01,Northeast,Professional Services,NO-004,39165.62,37,0.1094,3.57,23
2024-05-01,Northeast,Professional Services,NO-005,39110.72,26,0.0439,3.65,32
2024-05-01,Northeast,Professional Services,NO-006,36557.66,29,0.1178,3.75,21
2024-05-01,Northeast,Professional Services,NO-007,41286.65,40,0.1366,4.23,25
2024-05-01,Northeast,Professional Services,NO-008,45132.76,38,0.051,4.26,29
2024-05-01,Northeast,Professional Services,NO-009,38665.15,32,0.1163,4.31,35
2024-05-01,Northeast,Professional Services,NO-010,41609.24,39,0.0285,4.65,21
2024-05-01,Northeast,Professional Services,NO-011,46964.16,39,0.038,4.06,22
2024-05-01,Northeast,Professional Services,NO-012,51238.61,42,0.0277,3.59,26
2024-05-01,Southeast,Enterprise SaaS,SO-001,61675.43,77,0.0608,3.87,62
2024-05-01,Southeast,Enterprise SaaS,SO-002,72883.52,72,0.1019,4.08,51
2024-05-01,Southeast,Enterprise SaaS,SO-003,83434.32,90,0.0874,3.95,35
2024-05-01,Southeast,Enterprise SaaS,SO-004,56785.24,63,0.0728,3.68,66
2024-05-01,Southeast,Enterprise SaaS,SO-005,76970.09,101,0.01,4.1,46
2024-05-01,Southeast,Enterprise SaaS,SO-006,61443.87,75,0.0737,3.95,60
2024-05-01,Southeast,Enterprise SaaS,SO-007,65457.9,76,0.0549,3.12,56
2024-05-01,Southeast,Enterprise SaaS,SO-008,78701.5,92,0.0211,4.63,65
2024-05-01,Southeast,Enterprise SaaS,SO-009,59605.83,61,0.1395,3.61,46
2024-05-01,Southeast,Enterprise SaaS,SO-010,88671.23,103,0.1168,4.08,37
2024-05-01,Southeast,Enterprise SaaS,SO-011,66914.12,79,0.0098,4.1,46
2024-05-01,Southeast,Enterprise SaaS,SO-012,57449.53,67,0.116,4.13,44
2024-05-01,Southeast,SMB Platform,SO-001,43936.78,120,0.0401,3.86,19
2024-05-01,Southeast,SMB Platform,SO-002,59241.62,166,0.0338,3.92,20
2024-05-01,Southeast,SMB Platform,SO-003,42424.63,121,0.0591,4.44,12
2024-05-01,Southeast,SMB Platform,SO-004,42855.27,133,0.0314,4.17,12
2024-05-01,Southeast,SMB Platform,SO-005,46409.15,147,0.1487,3.7,17
2024-05-01,Southeast,SMB Platform,SO-006,44354.67,130,0.0557,4.26,22
2024-05-01,Southeast,SMB Platform,SO-007,51819.18,191,0.1091,3.77,20
2024-05-01,Southeast,SMB Platform,SO-008,51853.77,123,0.1255,3.91,23
2024-05-01,Southeast,SMB Platform,SO-009,66866.44,231,0.1002,4.33,11
2024-05-01,Southeast,SMB Platform,SO-010,52886.21,197,0.063,4.13,13
2024-05-01,Southeast,SMB Platform,SO-011,54615.27,149,0.047,4.27,21
2024-05-01,Southeast,SMB Platform,SO-012,47767.84,150,0.1054,3.82,15
2024-05-01,Southeast,Professional Services,SO-001,32285.84,22,0.0798,3.84,27
2024-05-01,Southeast,Professional Services,SO-002,29616.4,28,0.0808,4.32,26
2024-05-01,Southeast,Professional Services,SO-003,28769.44,24,0.1225,3.98,28
2024-05-01,Southeast,Professional Services,SO-004,36352.42,29,0.0382,4.41,22
2024-05-01,Southeast,Professional Services,SO-005,34213.69,22,0.1474,3.98,31
2024-05-01,Southeast,Professional Services,SO-006,33264.63,32,0.0662,4.78,26
2024-05-01,Southeast,Professional Services,SO-007,32631.78,30,0.041,4.21,35
2024-05-01,Southeast,Professional Services,SO-008,40854.34,35,0.0796,4.32,16
2024-05-01,Southeast,Professional Services,SO-009,34012.68,25,0.0574,4.29,35
2024-05-01,Southeast,Professional Services,SO-010,26305.85,20,0.1293,4.06,26
2024-05-01,Southeast,Professional Services,SO-011,30591.5,22,0.0543,3.64,33
2024-05-01,Southeast,Professional Services,SO-012,28295.73,23,0.068,3.7,35
2024-05-01,Midwest,Enterprise SaaS,MI-001,59722.18,59,0.0828,3.53,50
2024-05-01,Midwest,Enterprise SaaS,MI-002,57024.93,69,0.0678,3.77,40
2024-05-01,Midwest,Enterprise SaaS,MI-003,53459.37,61,0.0228,3.96,74
2024-05-01,Midwest,Enterprise SaaS,MI-004,65665.88,83,0.0333,4.58,50
2024-05-01,Midwest,Enterprise SaaS,MI-005,76311.58,85,0.0852,4.2,46
2024-05-01,Midwest,Enterprise SaaS,MI-006,72889.57,75,0.0669,4.01,51
2024-05-01,Midwest,Enterprise SaaS,MI-007,58265.68,59,0.1441,3.62,58
2024-05-01,Midwest,Enterprise SaaS,MI-008,66264.81,77,0.0933,3.79,47
2024-05-01,Midwest,Enterprise SaaS,MI-009,75455.27,83,0.108,3.55,54
2024-05-01,Midwest,Enterprise SaaS,MI-010,66626.72,88,0.0581,4.28,51
2024-05-01,Midwest,Enterprise SaaS,MI-011,58890.66,65,0.0266,4.13,42
2024-05-01,Midwest,Enterprise SaaS,MI-012,56049.97,63,0.0519,4.02,37
2024-05-01,Midwest,SMB Platform,MI-001,53769.92,178,0.0633,4.04,13
2024-05-01,Midwest,SMB Platform,MI-002,42283.64,144,0.0712,4.1,22
2024-05-01,Midwest,SMB Platform,MI-003,39282.24,145,0.0693,3.29,13
2024-05-01,Midwest,SMB Platform,MI-004,34734.24,113,0.1302,3.52,17
2024-05-01,Midwest,SMB Platform,MI-005,34793.42,126,0.0522,4.4,22
2024-05-01,Midwest,SMB Platform,MI-006,39927.06,130,0.0518,4.6,19
2024-05-01,Midwest,SMB Platform,MI-007,45228.38,120,0.0963,3.84,15
2024-05-01,Midwest,SMB Platform,MI-008,42193.06,125,0.1695,3.57,23
2024-05-01,Midwest,SMB Platform,MI-009,41892.05,154,0.0289,4.19,17
2024-05-01,Midwest,SMB Platform,MI-010,51817.89,163,0.0814,3.94,16
2024-05-01,Midwest,SMB Platform,MI-011,30670.35,88,0.0322,4.16,16
2024-05-01,Midwest,SMB Platform,MI-012,40079.97,123,0.0192,4.54,22
2024-05-01,Midwest,Professional Services,MI-001,30473.89,22,0.062,4.61,29
2024-05-01,Midwest,Professional Services,MI-002,29053.85,21,0.0667,3.94,30
2024-05-01,Midwest,Professional Services,MI-003,22977.72,21,0.0408,4.05,17
2024-05-01,Midwest,Professional Services,MI-004,26877.19,20,0.1023,3.72,27
2024-05-01,Midwest,Professional Services,MI-005,28048.2,23,0.0574,4.22,34
2024-05-01,Midwest,Professional Services,MI-006,25408.94,19,0.0763,3.57,28
2024-05-01,Midwest,Professional Services,MI-007,33554.04,28,0.0487,4.12,21
2024-05-01,Midwest,Professional Services,MI-008,22488.03,18,0.0569,3.3,33
2024-05-01,Midwest,Professional Services,MI-009,32549.57,27,0.1087,4.72,28
2024-05-01,Midwest,Professional Services,MI-010,33415.04,20,0.0944,4.19,19
2024-05-01,Midwest,Professional Services,MI-011,36400.93,28,0.048,4.22,31
2024-05-01,Midwest,Professional Services,MI-012,30412.69,26,0.0365,4.5,38
2024-05-01,West,Enterprise SaaS,WE-001,92749.24,85,0.1316,3.55,41
2024-05-01,West,Enterprise SaaS,WE-002,66036.04,76,0.0809,3.96,23
2024-05-01,West,Enterprise SaaS,WE-003,110720.61,110,0.0325,3.91,44
2024-05-01,West,Enterprise SaaS,WE-004,72118.6,93,0.0598,3.9,52
2024-05-01,West,Enterprise SaaS,WE-005,103881.99,124,0.0934,4.11,35
2024-05-01,West,Enterprise SaaS,WE-006,61491.14,68,0.1009,3.78,48
2024-05-01,West,Enterprise SaaS,WE-007,91513.1,105,0.0597,3.47,35
2024-05-01,West,Enterprise SaaS,WE-008,84866.85,102,0.0327,3.94,44
2024-05-01,West,Enterprise SaaS,WE-009,80259.02,77,0.0444,3.7,47
2024-05-01,West,Enterprise SaaS,WE-010,96326.32,111,0.086,3.15,48
2024-05-01,West,Enterprise SaaS,WE-011,89424.84,99,0.1163,4.37,42
2024-05-01,West,Enterprise SaaS,WE-012,75915.23,103,0.0358,3.7,43
2024-05-01,West,SMB Platform,WE-001,63628.35,190,0.0255,4.06,20
2024-05-01,West,SMB Platform,WE-002,63034.19,210,0.0548,3.97,23
2024-05-01,West,SMB Platform,WE-003,66239.57,215,0.0452,3.63,15
2024-05-01,West,SMB Platform,WE-004,80963.36,267,0.0422,4.04,17
2024-05-01,West,SMB Platform,WE-005,68823.86,238,0.1621,3.58,20
2024-05-01,West,SMB Platform,WE-006,55535.24,207,0.0286,4.1,13
2024-05-01,West,SMB Platform,WE-007,54913.89,164,0.1495,3.75,16
2024-05-01,West,SMB Platform,WE-008,60152.67,166,0.1467,4.11,16
2024-05-01,West,SMB Platform,WE-009,56265.43,199,0.0692,3.91,17
2024-05-01,West,SMB Platform,WE-010,61071.1,190,0.0793,4.27,11
2024-05-01,West,SMB Platform,WE-011,64347.73,220,0.0501,4.12,16
2024-05-01,West,SMB Platform,WE-012,49351.76,141,0.1517,3.7,11
2024-05-01,West,Professional Services,WE-001,42563.18,35,0.0708,3.86,30
2024-05-01,West,Professional Services,WE-002,37893.89,34,0.0476,4.02,25
2024-05-01,West,Professional Services,WE-003,45526.47,38,0.1347,3.41,28
2024-05-01,West,Professional Services,WE-004,37395.98,28,0.0534,3.82,20
2024-05-01,West,Professional Services,WE-005,48735.44,41,0.0405,4.3,34
2024-05-01,West,Professional Services,WE-006,39713.49,36,0.0521,3.32,28
2024-05-01,West,Professional Services,WE-007,40781.89,39,0.0334,4.41,38
2024-05-01,West,Professional Services,WE-008,44380.43,32,0.1228,3.44,31
2024-05-01,West,Professional Services,WE-009,35601.32,28,0.096,3.59,28
2024-05-01,West,Professional Services,WE-010,39128.98,29,0.1007,3.89,33
2024-05-01,West,Professional Services,WE-011,42464.38,28,0.0861,4.13,22
2024-05-01,West,Professional Services,WE-012,43843.9,37,0.0072,4.34,31
2024-05-01,Southwest,Enterprise SaaS,SO-001,52360.38,62,0.0255,4.11,49
2024-05-01,Southwest,Enterprise SaaS,SO-002,69973.55,81,0.1232,3.8,35
2024-05-01,Southwest,Enterprise SaaS,SO-003,44501.2,52,0.081,3.89,34
2024-05-01,Southwest,Enterprise SaaS,SO-004,67813.93,84,0.0574,3.98,41
2024-05-01,Southwest,Enterprise SaaS,SO-005,62137.54,68,0.0422,4.36,43
2024-05-01,Southwest,Enterprise SaaS,SO-006,51533.98,65,0.0211,4.28,36
2024-05-01,Southwest,Enterprise SaaS,SO-007,62792.34,69,0.0178,4.45,46
2024-05-01,Southwest,Enterprise SaaS,SO-008,57858.2,68,0.0673,4.62,64
2024-05-01,Southwest,Enterprise SaaS,SO-009,58159.76,76,0.0159,4.08,45
2024-05-01,Southwest,Enterprise SaaS,SO-010,65856.59,71,0.0881,3.49,50
2024-05-01,Southwest,Enterprise SaaS,SO-011,75207.21,107,0.0171,4.15,42
2024-05-01,Southwest,Enterprise SaaS,SO-012,57514.35,60,0.0429,4.02,37
2024-05-01,Southwest,SMB Platform,SO-001,42200.32,145,0.0654,4.22,16
2024-05-01,Southwest,SMB Platform,SO-002,39481.58,132,0.0405,3.73,12
2024-05-01,Southwest,SMB Platform,SO-003,32760.92,88,0.1011,3.72,23
2024-05-01,Southwest,SMB Platform,SO-004,31328.72,105,0.0638,4.33,16
2024-05-01,Southwest,SMB Platform,SO-005,43292.9,143,0.05,3.97,17
2024-05-01,Southwest,SMB Platform,SO-006,43173.94,128,0.0318,4.1,22
2024-05-01,Southwest,SMB Platform,SO-007,37272.69,112,0.0196,4.66,16
2024-05-01,Southwest,SMB Platform,SO-008,42091.55,121,0.1256,4.0,20
2024-05-01,Southwest,SMB Platform,SO-009,39232.23,131,0.1084,3.89,16
2024-05-01,Southwest,SMB Platform,SO-010,34516.13,125,0.0694,3.95,19
2024-05-01,Southwest,SMB Platform,SO-011,42222.93,103,0.0236,3.85,17
2024-05-01,Southwest,SMB Platform,SO-012,39758.3,144,0.0709,4.46,17
2024-05-01,Southwest,Professional Services,SO-001,32895.86,29,0.0782,3.71,32
2024-05-01,Southwest,Professional Services,SO-002,27743.84,22,0.0565,4.83,21
2024-05-01,Southwest,Professional Services,SO-003,31363.99,31,0.0189,4.51,37
2024-05-01,Southwest,Professional Services,SO-004,26097.29,17,0.0702,4.11,19
2024-05-01,Southwest,Professional Services,SO-005,27750.75,21,0.0853,3.71,38
2024-05-01,Southwest,Professional Services,SO-006,31822.45,25,0.0226,4.2,30
2024-05-01,Southwest,Professional Services,SO-007,32243.0,28,0.1147,3.44,31
2024-05-01,Southwest,Professional Services,SO-008,23685.75,19,0.1088,3.0,24
2024-05-01,Southwest,Professional Services,SO-009,37101.27,32,0.0871,3.97,26
2024-05-01,Southwest,Professional Services,SO-010,37079.92,35,0.0444,4.45,33
2024-05-01,Southwest,Professional Services,SO-011,31315.7,27,0.017,4.36,21
2024-05-01,Southwest,Professional Services,SO-012,29472.37,22,0.0502,3.83,24
2024-06-01,Northeast,Enterprise SaaS,NO-001,74488.8,85,0.05,3.93,55
2024-06-01,Northeast,Enterprise SaaS,NO-002,81146.73,101,0.1302,3.75,40
2024-06-01,Northeast,Enterprise SaaS,NO-003,76197.08,100,0.0382,3.57,51
2024-06-01,Northeast,Enterprise SaaS,NO-004,71614.8,77,0.0681,4.21,40
2024-06-01,Northeast,Enterprise SaaS,NO-005,88589.01,90,0.0745,3.74,57
2024-06-01,Northeast,Enterprise SaaS,NO-006,81148.62,108,0.1229,3.44,36
2024-06-01,Northeast,Enterprise SaaS,NO-007,77543.54,81,0.0616,4.33,49
2024-06-01,Northeast,Enterprise SaaS,NO-008,70370.07,81,0.0535,4.16,43
2024-06-01,Northeast,Enterprise SaaS,NO-009,101742.13,123,0.0525,4.19,43
2024-06-01,Northeast,Enterprise SaaS,NO-010,108895.87,113,0.0698,3.65,32
2024-06-01,Northeast,Enterprise SaaS,NO-011,76250.07,83,0.0432,3.87,43
2024-06-01,Northeast,Enterprise SaaS,NO-012,92577.67,111,0.0121,3.8,60
2024-06-01,Northeast,SMB Platform,NO-001,60864.9,194,0.0756,4.31,15
2024-06-01,Northeast,SMB Platform,NO-002,58813.05,164,0.1086,3.63,22
2024-06-01,Northeast,SMB Platform,NO-003,47406.01,149,0.0309,4.28,14
2024-06-01,Northeast,SMB Platform,NO-004,69485.83,193,0.0218,3.95,14
2024-06-01,Northeast,SMB Platform,NO-005,59786.42,178,0.1043,4.02,17
2024-06-01,Northeast,SMB Platform,NO-006,63341.0,194,0.0477,4.12,13
2024-06-01,Northeast,SMB Platform,NO-007,57004.52,204,0.0644,3.72,13
2024-06-01,Northeast,SMB Platform,NO-008,50498.14,147,0.0383,4.13,20
2024-06-01,Northeast,SMB Platform,NO-009,70541.89,226,0.0159,4.16,18
2024-06-01,Northeast,SMB Platform,NO-010,50876.85,153,0.0803,4.14,22
2024-06-01,Northeast,SMB Platform,NO-011,49951.58,151,0.0834,3.84,17
2024-06-01,Northeast,SMB Platform,NO-012,52403.22,147,0.0841,4.42,16
2024-06-01,Northeast,Professional Services,NO-001,37716.88,28,0.0697,4.32,26
2024-06-01,Northeast,Professional Services,NO-002,38923.04,27,0.0711,3.99,22
2024-06-01,Northeast,Professional Services,NO-003,42834.59,32,0.0347,4.7,33
2024-06-01,Northeast,Professional Services,NO-004,39771.56,26,0.0789,4.03,25
2024-06-01,Northeast,Professional Services,NO-005,44199.57,45,0.0896,3.47,39
2024-06-01,Northeast,Professional Services,NO-006,38911.38,28,0.0307,4.19,24
2024-06-01,Northeast,Professional Services,NO-007,46004.59,37,0.1199,4.35,16
2024-06-01,Northeast,Professional Services,NO-008,55717.92,46,0.0255,4.19,29
2024-06-01,Northeast,Professional Services,NO-009,46969.17,40,0.0342,4.51,28
2024-06-01,Northeast,Professional Services,NO-010,36872.18,29,0.1163,4.29,25
2024-06-01,Northeast,Professional Services,NO-011,45097.23,38,0.0974,3.69,28
2024-06-01,Northeast,Professional Services,NO-012,41988.89,33,0.0562,3.89,36
2024-06-01,Southeast,Enterprise SaaS,SO-001,80731.91,100,0.0676,4.3,44
2024-06-01,Southeast,Enterprise SaaS,SO-002,78860.85,85,0.0342,4.04,54
2024-06-01,Southeast,Enterprise SaaS,SO-003,60938.47,69,0.0731,3.99,46
2024-06-01,Southeast,Enterprise SaaS,SO-004,67157.5,79,0.0749,4.23,51
2024-06-01,Southeast,Enterprise SaaS,SO-005,72686.53,84,0.0183,4.36,51
2024-06-01,Southeast,Enterprise SaaS,SO-006,91654.09,93,0.1678,3.85,42
2024-06-01,Southeast,Enterprise SaaS,SO-007,70171.18,77,0.0306,3.71,42
2024-06-01,Southeast,Enterprise SaaS,SO-008,62993.07,68,0.0201,3.99,47
2024-06-01,Southeast,Enterprise SaaS,SO-009,79582.79,78,0.1035,3.82,45
2024-06-01,Southeast,Enterprise SaaS,SO-010,64447.93,76,0.1287,3.27,47
2024-06-01,Southeast,Enterprise SaaS,SO-011,71067.27,89,0.0349,4.54,52
2024-06-01,Southeast,Enterprise SaaS,SO-012,62910.41,68,0.0174,3.71,44
2024-06-01,Southeast,SMB Platform,SO-001,38131.09,114,0.0381,3.49,18
2024-06-01,Southeast,SMB Platform,SO-002,53728.39,158,0.0357,4.0,17
2024-06-01,Southeast,SMB Platform,SO-003,50696.65,167,0.0832,3.98,15
2024-06-01,Southeast,SMB Platform,SO-004,52369.22,183,0.0964,4.2,23
2024-06-01,Southeast,SMB Platform,SO-005,48178.75,183,0.0625,3.92,21
2024-06-01,Southeast,SMB Platform,SO-006,49426.56,149,0.1157,4.18,16
2024-06-01,Southeast,SMB Platform,SO-007,38992.4,110,0.09,3.61,19
2024-06-01,Southeast,SMB Platform,SO-008,54695.35,139,0.0792,4.46,11
2024-06-01,Southeast,SMB Platform,SO-009,50843.38,139,0.0486,4.27,9
2024-06-01,Southeast,SMB Platform,SO-010,48046.02,151,0.0576,4.19,18
2024-06-01,Southeast,SMB Platform,SO-011,54641.13,184,0.0295,4.65,13
2024-06-01,Southeast,SMB Platform,SO-012,56569.91,215,0.0494,3.95,17
2024-06-01,Southeast,Professional Services,SO-001,39971.52,33,0.1127,3.53,34
2024-06-01,Southeast,Professional Services,SO-002,27498.58,22,0.0876,4.25,26
2024-06-01,Southeast,Professional Services,SO-003,31602.09,28,0.0569,3.85,18
2024-06-01,Southeast,Professional Services,SO-004,33828.1,27,0.0924,4.36,30
2024-06-01,Southeast,Professional Services,SO-005,29005.01,24,0.0204,4.03,31
2024-06-01,Southeast,Professional Services,SO-006,36614.75,32,0.0834,3.97,39
2024-06-01,Southeast,Professional Services,SO-007,42284.63,34,0.0024,4.24,34
2024-06-01,Southeast,Professional Services,SO-008,39250.32,40,0.0847,4.12,24
2024-06-01,Southeast,Professional Services,SO-009,31399.59,24,0.0721,4.34,21
2024-06-01,Southeast,Professional Services,SO-010,29323.06,24,0.1291,3.98,27
2024-06-01,Southeast,Professional Services,SO-011,37189.34,29,0.1363,3.62,38
2024-06-01,Southeast,Professional Services,SO-012,43252.58,30,0.1738,3.89,37
2024-06-01,Midwest,Enterprise SaaS,MI-001,59493.92,61,0.0706,3.94,42
2024-06-01,Midwest,Enterprise SaaS,MI-002,74966.26,101,0.0367,3.63,33
2024-06-01,Midwest,Enterprise SaaS,MI-003,53658.54,72,0.1459,3.76,62
2024-06-01,Midwest,Enterprise SaaS,MI-004,71521.02,80,0.0717,4.41,45
2024-06-01,Midwest,Enterprise SaaS,MI-005,69907.7,93,0.071,3.99,41
2024-06-01,Midwest,Enterprise SaaS,MI-006,66124.5,66,0.0108,4.26,46
2024-06-01,Midwest,Enterprise SaaS,MI-007,78035.04,93,0.0018,4.7,32
2024-06-01,Midwest,Enterprise SaaS,MI-008,60458.94,81,0.102,4.26,55
2024-06-01,Midwest,Enterprise SaaS,MI-009,68553.94,86,0.1068,4.38,38
2024-06-01,Midwest,Enterprise SaaS,MI-010,64326.48,79,0.0379,4.61,40
2024-06-01,Midwest,Enterprise SaaS,MI-011,64981.12,75,0.0147,4.13,51
2024-06-01,Midwest,Enterprise SaaS,MI-012,60851.54,76,0.022,3.78,57
2024-06-01,Midwest,SMB Platform,MI-001,37424.86,118,0.04,3.77,15
2024-06-01,Midwest,SMB Platform,MI-002,57465.27,199,0.0503,4.42,19
2024-06-01,Midwest,SMB Platform,MI-003,44358.29,165,0.0135,3.8,23
2024-06-01,Midwest,SMB Platform,MI-004,42055.36,116,0.1146,3.7,16
2024-06-01,Midwest,SMB Platform,MI-005,51482.72,130,0.1139,3.45,16
2024-06-01,Midwest,SMB Platform,MI-006,43490.06,134,0.0239,4.08,16
2024-06-01,Midwest,SMB Platform,MI-007,52929.74,162,0.0773,4.35,21
2024-06-01,Midwest,SMB Platform,MI-008,52062.35,148,0.2048,4.07,18
2024-06-01,Midwest,SMB Platform,MI-009,40316.29,119,0.0132,4.11,20
2024-06-01,Midwest,SMB Platform,MI-010,41900.37,116,0.0679,3.65,20
2024-06-01,Midwest,SMB Platform,MI-011,47158.05,143,0.0611,3.92,23
2024-06-01,Midwest,SMB Platform,MI-012,36334.61,128,0.2142,3.89,23
2024-06-01,Midwest,Professional Services,MI-001,43461.6,28,0.0344,4.38,21
2024-06-01,Midwest,Professional Services,MI-002,33910.68,23,0.008,4.11,32
2024-06-01,Midwest,Professional Services,MI-003,33250.73,32,0.1141,3.52,31
2024-06-01,Midwest,Professional Services,MI-004,38806.35,28,0.0249,3.52,26
2024-06-01,Midwest,Professional Services,MI-005,33474.33,21,0.0496,3.38,24
2024-06-01,Midwest,Professional Services,MI-006,41029.69,24,0.0456,3.57,20
2024-06-01,Midwest,Professional Services,MI-007,38836.96,32,0.0381,4.9,32
2024-06-01,Midwest,Professional Services,MI-008,22547.89,15,0.1424,4.22,28
2024-06-01,Midwest,Professional Services,MI-009,36591.09,28,0.0391,4.21,36
2024-06-01,Midwest,Professional Services,MI-010,36570.12,28,0.0778,4.39,37
2024-06-01,Midwest,Professional Services,MI-011,35288.57,25,0.1399,4.15,23
2024-06-01,Midwest,Professional Services,MI-012,33471.2,27,0.089,3.54,28
2024-06-01,West,Enterprise SaaS,WE-001,105067.01,129,0.0573,4.22,53
2024-06-01,West,Enterprise SaaS,WE-002,100367.65,130,0.0291,3.61,36
2024-06-01,West,Enterprise SaaS,WE-003,64009.77,79,0.1208,3.68,40
2024-06-01,West,Enterprise SaaS,WE-004,94914.02,108,0.0584,3.85,39
2024-06-01,West,Enterprise SaaS,WE-005,77258.82,79,0.1192,3.43,42
2024-06-01,West,Enterprise SaaS,WE-006,80114.52,93,0.1506,3.5,48
2024-06-01,West,Enterprise SaaS,WE-007,69633.88,83,0.0454,3.97,53
2024-06-01,West,Enterprise SaaS,WE-008,68453.2,54,0.0531,3.85,49
2024-06-01,West,Enterprise SaaS,WE-009,99358.4,110,0.0464,3.82,40
2024-06-01,West,Enterprise SaaS,WE-010,97082.9,112,0.0664,4.16,53
2024-06-01,West,Enterprise SaaS,WE-011,114584.87,149,0.1134,3.93,45
2024-06-01,West,Enterprise SaaS,WE-012,77106.84,94,0.0797,3.77,56
2024-06-01,West,SMB Platform,WE-001,74674.49,262,0.0445,3.95,22
2024-06-01,West,SMB Platform,WE-002,71427.76,220,0.0374,4.07,22
2024-06-01,West,SMB Platform,WE-003,73518.39,191,0.0286,3.85,20
2024-06-01,West,SMB Platform,WE-004,69425.03,235,0.0655,3.44,16
2024-06-01,West,SMB Platform,WE-005,70612.0,268,0.0377,4.63,16
2024-06-01,West,SMB Platform,WE-006,50127.12,174,0.0472,3.63,25
2024-06-01,West,SMB Platform,WE-007,76017.57,241,0.0443,3.79,17
2024-06-01,West,SMB Platform,WE-008,70936.92,203,0.0213,4.73,10
2024-06-01,West,SMB Platform,WE-009,78451.36,265,0.0888,4.12,11
2024-06-01,West,SMB Platform,WE-010,79095.73,235,0.0366,4.46,15
2024-06-01,West,SMB Platform,WE-011,71793.67,203,0.0168,3.93,20
2024-06-01,West,SMB Platform,WE-012,81733.37,219,0.2368,3.15,17
2024-06-01,West,Professional Services,WE-001,48535.83,37,0.0596,3.73,19
2024-06-01,West,Professional Services,WE-002,36217.56,26,0.0581,4.01,23
2024-06-01,West,Professional Services,WE-003,48107.73,37,0.1148,3.96,29
2024-06-01,West,Professional Services,WE-004,48518.53,42,0.0517,3.86,30
2024-06-01,West,Professional Services,WE-005,37437.84,29,0.0277,4.04,34
2024-06-01,West,Professional Services,WE-006,47140.54,37,0.0723,3.56,26
2024-06-01,West,Professional Services,WE-007,63181.57,56,0.0739,3.73,30
2024-06-01,West,Professional Services,WE-008,42853.53,28,0.074,3.64,30
2024-06-01,West,Professional Services,WE-009,44554.63,35,0.0564,3.85,39
2024-06-01,West,Professional Services,WE-010,50830.7,42,0.031,4.22,26
2024-06-01,West,Professional Services,WE-011,38193.17,41,0.0667,4.4,25
2024-06-01,West,Professional Services,WE-012,56403.92,46,0.0404,3.88,28
2024-06-01,Southwest,Enterprise SaaS,SO-001,62683.6,80,0.0827,4.17,47
2024-06-01,Southwest,Enterprise SaaS,SO-002,55454.25,64,0.0835,3.69,46
2024-06-01,Southwest,Enterprise SaaS,SO-003,50828.59,55,0.0478,4.25,33
2024-06-01,Southwest,Enterprise SaaS,SO-004,66368.37,65,0.1633,3.53,31
2024-06-01,Southwest,Enterprise SaaS,SO-005,50588.02,58,0.0398,4.22,37
2024-06-01,Southwest,Enterprise SaaS,SO-006,51929.79,65,0.0314,3.76,33
2024-06-01,Southwest,Enterprise SaaS,SO-007,64779.67,73,0.0381,3.97,53
2024-06-01,Southwest,Enterprise SaaS,SO-008,67467.13,67,0.0164,4.22,37
2024-06-01,Southwest,Enterprise SaaS,SO-009,52455.92,56,0.0472,4.45,51
2024-06-01,Southwest,Enterprise SaaS,SO-010,62133.52,70,0.1268,4.34,32
2024-06-01,Southwest,Enterprise SaaS,SO-011,50870.76,51,0.0291,4.16,55
2024-06-01,Southwest,Enterprise SaaS,SO-012,58477.52,59,0.0378,3.9,44
2024-06-01,Southwest,SMB Platform,SO-001,46875.59,154,0.0264,4.34,17
2024-06-01,Southwest,SMB Platform,SO-002,44178.52,114,0.1223,3.61,13
2024-06-01,Southwest,SMB Platform,SO-003,39404.63,134,0.0521,4.14,14
2024-06-01,Southwest,SMB Platform,SO-004,44521.84,132,0.075,3.86,19
2024-06-01,Southwest,SMB Platform,SO-005,46043.86,157,0.056,4.1,12
2024-06-01,Southwest,SMB Platform,SO-006,35993.37,110,0.1156,3.97,15
2024-06-01,Southwest,SMB Platform,SO-007,44557.92,130,0.0307,3.86,16
2024-06-01,Southwest,SMB Platform,SO-008,53369.43,211,0.0377,4.04,16
2024-06-01,Southwest,SMB Platform,SO-009,39531.71,121,0.159,3.1,13
2024-06-01,Southwest,SMB Platform,SO-010,35117.76,119,0.0105,4.37,20
2024-06-01,Southwest,SMB Platform,SO-011,44551.21,157,0.0215,4.31,18
2024-06-01,Southwest,SMB Platform,SO-012,40487.29,127,0.102,3.89,16
2024-06-01,Southwest,Professional Services,SO-001,40075.77,31,0.0455,4.31,30
2024-06-01,Southwest,Professional Services,SO-002,36445.81,33,0.1097,4.07,34
2024-06-01,Southwest,Professional Services,SO-003,40283.63,40,0.1294,3.65,31
2024-06-01,Southwest,Professional Services,SO-004,30415.37,25,0.098,4.47,34
2024-06-01,Southwest,Professional Services,SO-005,32629.74,27,0.1052,3.55,33
2024-06-01,Southwest,Professional Services,SO-006,23941.94,18,0.1146,4.14,21
2024-06-01,Southwest,Professional Services,SO-007,30272.82,29,0.053,3.9,35
2024-06-01,Southwest,Professional Services,SO-008,39485.23,32,0.0791,4.04,25
2024-06-01,Southwest,Professional Services,SO-009,34918.42,32,0.0252,4.5,26
2024-06-01,Southwest,Professional Services,SO-010,36351.52,26,0.1252,4.17,25
2024-06-01,Southwest,Professional Services,SO-011,32415.13,21,0.0428,4.26,44
2024-06-01,Southwest,Professional Services,SO-012,37785.68,30,0.0677,4.42,33
2024-07-01,Northeast,Enterprise SaaS,NO-001,102058.7,123,0.0943,3.41,52
2024-07-01,Northeast,Enterprise SaaS,NO-002,85935.83,107,0.1009,3.91,57
2024-07-01,Northeast,Enterprise SaaS,NO-003,79979.06,101,0.0449,3.69,66
2024-07-01,Northeast,Enterprise SaaS,NO-004,83872.14,86,0.1011,3.75,40
2024-07-01,Northeast,Enterprise SaaS,NO-005,105980.33,138,0.0468,3.57,37
2024-07-01,Northeast,Enterprise SaaS,NO-006,74831.22,85,0.1117,4.37,37
2024-07-01,Northeast,Enterprise SaaS,NO-007,92384.9,114,0.1126,4.14,34
2024-07-01,Northeast,Enterprise SaaS,NO-008,58666.55,71,0.0068,4.34,43
2024-07-01,Northeast,Enterprise SaaS,NO-009,73959.58,92,0.0146,4.24,39
2024-07-01,Northeast,Enterprise SaaS,NO-010,72405.75,87,0.0599,4.24,28
2024-07-01,Northeast,Enterprise SaaS,NO-011,74816.0,86,0.0743,3.97,32
2024-07-01,Northeast,Enterprise SaaS,NO-012,60957.99,74,0.0129,3.67,38
2024-07-01,Northeast,SMB Platform,NO-001,48944.76,154,0.0732,3.9,14
2024-07-01,Northeast,SMB Platform,NO-002,52384.17,149,0.0685,3.88,16
2024-07-01,Northeast,SMB Platform,NO-003,60205.09,184,0.0571,4.05,20
2024-07-01,Northeast,SMB Platform,NO-004,66613.01,172,0.0696,3.93,14
2024-07-01,Northeast,SMB Platform,NO-005,53213.71,161,0.0358,3.6,19
2024-07-01,Northeast,SMB Platform,NO-006,51943.46,164,0.0083,4.21,10
2024-07-01,Northeast,SMB Platform,NO-007,74603.64,205,0.028,4.36,11
2024-07-01,Northeast,SMB Platform,NO-008,47824.93,136,0.1222,3.77,19
2024-07-01,Northeast,SMB Platform,NO-009,56769.07,202,0.0272,3.93,18
2024-07-01,Northeast,SMB Platform,NO-010,82865.22,255,0.0719,4.06,21
2024-07-01,Northeast,SMB Platform,NO-011,65899.43,176,0.0881,3.82,15
2024-07-01,Northeast,SMB Platform,NO-012,50492.87,164,0.0268,4.67,24
2024-07-01,Northeast,Professional Services,NO-001,36779.72,32,0.1095,3.87,30
2024-07-01,Northeast,Professional Services,NO-002,37669.26,30,0.0779,4.2,28
2024-07-01,Northeast,Professional Services,NO-003,38903.5,29,0.0186,3.5,27
2024-07-01,Northeast,Professional Services,NO-004,36247.24,29,0.0836,4.47,33
2024-07-01,Northeast,Professional Services,NO-005,33755.93,23,0.0519,4.02,28
2024-07-01,Northeast,Professional Services,NO-006,44136.73,35,0.0821,3.31,29
2024-07-01,Northeast,Professional Services,NO-007,39667.06,30,0.0914,3.63,30
2024-07-01,Northeast,Professional Services,NO-008,37560.64,33,0.0514,3.49,26
2024-07-01,Northeast,Professional Services,NO-009,33479.97,32,0.0434,4.12,35
2024-07-01,Northeast,Professional Services,NO-010,39184.4,35,0.1052,4.12,35
2024-07-01,Northeast,Professional Services,NO-011,41901.06,37,0.0318,3.75,28
2024-07-01,Northeast,Professional Services,NO-012,50726.87,42,0.0505,3.57,25
2024-07-01,Southeast,Enterprise SaaS,SO-001,73861.2,92,0.1052,3.57,38
2024-07-01,Southeast,Enterprise SaaS,SO-002,65477.18,86,0.0804,3.47,54
2024-07-01,Southeast,Enterprise SaaS,SO-003,82487.3,102,0.0844,4.25,45
2024-07-01,Southeast,Enterprise SaaS,SO-004,76101.54,82,0.0683,3.33,48
2024-07-01,Southeast,Enterprise SaaS,SO-005,81832.62,88,0.0143,4.2,48
2024-07-01,Southeast,Enterprise SaaS,SO-006,67283.45,59,0.1275,3.35,43
2024-07-01,Southeast,Enterprise SaaS,SO-007,84265.85,93,0.0123,3.89,33
2024-07-01,Southeast,Enterprise SaaS,SO-008,87227.57,97,0.0727,4.9,39
2024-07-01,Southeast,Enterprise SaaS,SO-009,62986.9,72,0.0264,3.72,41
2024-07-01,Southeast,Enterprise SaaS,SO-010,90223.66,94,0.0742,4.22,40
2024-07-01,Southeast,Enterprise SaaS,SO-011,76281.17,80,0.0382,3.68,39
2024-07-01,Southeast,Enterprise SaaS,SO-012,79467.77,106,0.0684,3.44,48
2024-07-01,Southeast,SMB Platform,SO-001,54148.87,171,0.0575,3.89,18
2024-07-01,Southeast,SMB Platform,SO-002,48205.13,190,0.086,4.17,20
2024-07-01,Southeast,SMB Platform,SO-003,60802.04,214,0.0578,3.81,17
2024-07-01,Southeast,SMB Platform,SO-004,58472.39,165,0.0444,4.05,17
2024-07-01,Southeast,SMB Platform,SO-005,45974.21,159,0.0084,3.74,16
2024-07-01,Southeast,SMB Platform,SO-006,52150.02,168,0.0178,4.12,17
2024-07-01,Southeast,SMB Platform,SO-007,58882.16,176,0.0703,3.81,17
2024-07-01,Southeast,SMB Platform,SO-008,57619.48,198,0.0249,4.05,23
2024-07-01,Southeast,SMB Platform,SO-009,60628.08,166,0.0125,4.02,18
2024-07-01,Southeast,SMB Platform,SO-010,65406.77,207,0.1812,3.56,19
2024-07-01,Southeast,SMB Platform,SO-011,43026.62,112,0.0716,4.29,18
2024-07-01,Southeast,SMB Platform,SO-012,47342.73,165,0.0962,3.88,17
2024-07-01,Southeast,Professional Services,SO-001,24964.05,20,0.0487,3.95,41
2024-07-01,Southeast,Professional Services,SO-002,36416.1,31,0.0442,3.65,33
2024-07-01,Southeast,Professional Services,SO-003,36254.21,31,0.0456,4.25,27
2024-07-01,Southeast,Professional Services,SO-004,41510.05,38,0.0309,3.23,36
2024-07-01,Southeast,Professional Services,SO-005,40033.0,31,0.0446,4.21,28
2024-07-01,Southeast,Professional Services,SO-006,42167.85,38,0.1011,3.78,23
2024-07-01,Southeast,Professional Services,SO-007,31466.25,27,0.1356,4.03,26
2024-07-01,Southeast,Professional Services,SO-008,29173.23,25,0.0608,3.72,24
2024-07-01,Southeast,Professional Services,SO-009,34909.02,31,0.0873,4.29,36
2024-07-01,Southeast,Professional Services,SO-010,48132.57,38,0.0275,4.04,35
2024-07-01,Southeast,Professional Services,SO-011,32047.86,24,0.1176,3.7,39
2024-07-01,Southeast,Professional Services,SO-012,43503.54,33,0.017,3.91,19
2024-07-01,Midwest,Enterprise SaaS,MI-001,56860.96,62,0.0554,3.91,54
2024-07-01,Midwest,Enterprise SaaS,MI-002,47937.0,51,0.0498,4.06,43
2024-07-01,Midwest,Enterprise SaaS,MI-003,68825.41,84,0.0438,4.26,47
2024-07-01,Midwest,Enterprise SaaS,MI-004,73765.17,75,0.0083,4.04,38
2024-07-01,Midwest,Enterprise SaaS,MI-005,80233.41,95,0.1014,3.69,49
2024-07-01,Midwest,Enterprise SaaS,MI-006,78337.9,95,0.1052,3.8,32
2024-07-01,Midwest,Enterprise SaaS,MI-007,70488.17,93,0.0626,4.05,51
2024-07-01,Midwest,Enterprise SaaS,MI-008,65384.7,64,0.0321,4.28,39
2024-07-01,Midwest,Enterprise SaaS,MI-009,62912.9,65,0.027,4.48,54
2024-07-01,Midwest,Enterprise SaaS,MI-010,79328.15,87,0.0147,3.87,40
2024-07-01,Midwest,Enterprise SaaS,MI-011,85762.35,83,0.0199,4.37,43
2024-07-01,Midwest,Enterprise SaaS,MI-012,59528.53,76,0.057,3.96,40
2024-07-01,Midwest,SMB Platform,MI-001,42381.11,146,0.1364,3.93,27
2024-07-01,Midwest,SMB Platform,MI-002,43762.71,140,0.0537,4.39,19
2024-07-01,Midwest,SMB Platform,MI-003,37744.97,102,0.1096,3.96,17
2024-07-01,Midwest,SMB Platform,MI-004,35765.35,131,0.0455,4.19,18
2024-07-01,Midwest,SMB Platform,MI-005,55192.24,182,0.0465,3.51,19
2024-07-01,Midwest,SMB Platform,MI-006,39026.48,118,0.0864,4.32,20
2024-07-01,Midwest,SMB Platform,MI-007,58016.19,190,0.0693,4.08,13
2024-07-01,Midwest,SMB Platform,MI-008,46843.63,166,0.0685,3.83,12
2024-07-01,Midwest,SMB Platform,MI-009,50565.54,175,0.096,4.34,14
2024-07-01,Midwest,SMB Platform,MI-010,39397.02,114,0.0748,3.91,14
2024-07-01,Midwest,SMB Platform,MI-011,44016.88,123,0.0176,4.38,16
2024-07-01,Midwest,SMB Platform,MI-012,46891.66,138,0.0828,3.74,20
2024-07-01,Midwest,Professional Services,MI-001,34954.78,28,0.1205,3.62,27
2024-07-01,Midwest,Professional Services,MI-002,31135.62,24,0.1229,4.01,34
2024-07-01,Midwest,Professional Services,MI-003,34877.44,32,0.1201,3.86,19
2024-07-01,Midwest,Professional Services,MI-004,41258.56,36,0.0347,4.23,33
2024-07-01,Midwest,Professional Services,MI-005,31608.93,26,0.0376,4.51,32
2024-07-01,Midwest,Professional Services,MI-006,36088.46,24,0.1076,3.5,24
2024-07-01,Midwest,Professional Services,MI-007,33491.36,26,0.0438,4.56,35
2024-07-01,Midwest,Professional Services,MI-008,33528.17,30,0.0879,3.94,25
2024-07-01,Midwest,Professional Services,MI-009,34888.66,31,0.0929,3.97,31
2024-07-01,Midwest,Professional Services,MI-010,28771.97,22,0.1327,3.69,28
2024-07-01,Midwest,Professional Services,MI-011,41648.27,36,0.1387,3.4,35
2024-07-01,Midwest,Professional Services,MI-012,33259.55,27,0.0199,3.93,27
2024-07-01,West,Enterprise SaaS,WE-001,102946.47,118,0.0076,4.16,41
2024-07-01,West,Enterprise SaaS,WE-002,78450.39,110,0.0738,3.54,40
2024-07-01,West,Enterprise SaaS,WE-003,106489.99,140,0.0255,4.42,49
2024-07-01,West,Enterprise SaaS,WE-004,111332.64,155,0.0553,4.37,40
2024-07-01,West,Enterprise SaaS,WE-005,106800.3,132,0.0702,4.09,50
2024-07-01,West,Enterprise SaaS,WE-006,114572.09,140,0.0237,4.25,36
2024-07-01,West,Enterprise SaaS,WE-007,85968.67,103,0.082,3.02,43
2024-07-01,West,Enterprise SaaS,WE-008,113696.55,120,0.1014,3.83,43
2024-07-01,West,Enterprise SaaS,WE-009,116712.43,132,0.0963,4.11,41
2024-07-01,West,Enterprise SaaS,WE-010,88657.3,91,0.1167,3.56,45
2024-07-01,West,Enterprise SaaS,WE-011,92417.87,112,0.024,4.4,51
2024-07-01,West,Enterprise SaaS,WE-012,80930.41,101,0.1236,3.68,32
2024-07-01,West,SMB Platform,WE-001,77914.64,214,0.1316,3.04,16
2024-07-01,West,SMB Platform,WE-002,69187.15,218,0.0933,4.48,13
2024-07-01,West,SMB Platform,WE-003,60935.83,170,0.1279,3.65,16
2024-07-01,West,SMB Platform,WE-004,59437.17,179,0.0329,4.06,25
2024-07-01,West,SMB Platform,WE-005,52760.46,149,0.0308,4.71,17
2024-07-01,West,SMB Platform,WE-006,75325.58,221,0.078,3.82,14
2024-07-01,West,SMB Platform,WE-007,68058.75,160,0.044,4.2,15
2024-07-01,West,SMB Platform,WE-008,57590.52,206,0.0495,4.14,18
2024-07-01,West,SMB Platform,WE-009,72231.63,279,0.0892,3.97,20
2024-07-01,West,SMB Platform,WE-010,66116.0,210,0.0487,3.72,20
2024-07-01,West,SMB Platform,WE-011,67495.71,171,0.0462,3.5,16
2024-07-01,West,SMB Platform,WE-012,89818.07,292,0.0147,3.88,17
2024-07-01,West,Professional Services,WE-001,39048.69,26,0.0431,4.11,43
2024-07-01,West,Professional Services,WE-002,56989.66,44,0.067,4.27,25
2024-07-01,West,Professional Services,WE-003,45291.78,34,0.1147,3.74,32
2024-07-01,West,Professional Services,WE-004,53940.87,50,0.0157,4.44,34
2024-07-01,West,Professional Services,WE-005,41312.97,31,0.1309,3.82,30
2024-07-01,West,Professional Services,WE-006,48568.87,37,0.0335,3.95,32
2024-07-01,West,Professional Services,WE-007,33747.73,34,0.084,3.96,29
2024-07-01,West,Professional Services,WE-008,53882.06,48,0.0382,4.56,30
2024-07-01,West,Professional Services,WE-009,45633.54,38,0.0118,4.09,23
2024-07-01,West,Professional Services,WE-010,58857.12,45,0.0028,4.5,37
2024-07-01,West,Professional Services,WE-011,43797.94,36,0.0891,3.64,23
2024-07-01,West,Professional Services,WE-012,49000.51,40,0.0618,3.56,32
2024-07-01,Southwest,Enterprise SaaS,SO-001,53866.9,73,0.1328,3.61,47
2024-07-01,Southwest,Enterprise SaaS,SO-002,52876.61,56,0.0594,4.15,53
2024-07-01,Southwest,Enterprise SaaS,SO-003,52982.34,72,0.0592,4.37,55
2024-07-01,Southwest,Enterprise SaaS,SO-004,58657.1,82,0.0692,4.42,58
2024-07-01,Southwest,Enterprise SaaS,SO-005,62289.0,79,0.1666,3.7,35
2024-07-01,Southwest,Enterprise SaaS,SO-006,80304.56,96,0.0426,4.41,47
2024-07-01,Southwest,Enterprise SaaS,SO-007,62254.61,74,0.0725,4.21,31
2024-07-01,Southwest,Enterprise SaaS,SO-008,54171.41,63,0.2209,3.38,36
2024-07-01,Southwest,Enterprise SaaS,SO-009,81027.77,98,0.0303,3.18,66
2024-07-01,Southwest,Enterprise SaaS,SO-010,64945.37,84,0.0922,4.01,57
2024-07-01,Southwest,Enterprise SaaS,SO-011,48835.17,64,0.0512,3.57,40
2024-07-01,Southwest,Enterprise SaaS,SO-012,64621.99,84,0.1182,3.66,45
2024-07-01,Southwest,SMB Platform,SO-001,56093.36,186,0.0401,4.07,14
2024-07-01,Southwest,SMB Platform,SO-002,35113.63,112,0.0969,3.64,19
2024-07-01,Southwest,SMB Platform,SO-003,42974.16,135,0.0843,3.72,12
2024-07-01,Southwest,SMB Platform,SO-004,47030.8,127,0.0771,4.61,19
2024-07-01,Southwest,SMB Platform,SO-005,45738.96,149,0.1619,3.75,12
2024-07-01,Southwest,SMB Platform,SO-006,35982.32,124,0.0747,3.61,16
2024-07-01,Southwest,SMB Platform,SO-007,52657.67,162,0.1651,3.63,13
2024-07-01,Southwest,SMB Platform,SO-008,52202.82,158,0.1014,3.45,15
2024-07-01,Southwest,SMB Platform,SO-009,52107.07,185,0.0712,3.9,17
2024-07-01,Southwest,SMB Platform,SO-010,42409.03,125,0.106,3.54,22
2024-07-01,Southwest,SMB Platform,SO-011,35309.28,109,0.0395,3.95,14
2024-07-01,Southwest,SMB Platform,SO-012,50944.31,164,0.0141,4.25,20
2024-07-01,Southwest,Professional Services,SO-001,35140.19,26,0.0091,3.95,28
2024-07-01,Southwest,Professional Services,SO-002,33403.62,22,0.1445,3.91,20
2024-07-01,Southwest,Professional Services,SO-003,30035.5,19,0.056,3.73,19
2024-07-01,Southwest,Professional Services,SO-004,35494.6,25,0.0558,3.39,34
2024-07-01,Southwest,Professional Services,SO-005,26892.32,20,0.0407,4.18,32
2024-07-01,Southwest,Professional Services,SO-006,35140.49,28,0.1088,4.22,29
2024-07-01,Southwest,Professional Services,SO-007,22415.88,15,0.006,4.45,25
2024-07-01,Southwest,Professional Services,SO-008,25580.73,24,0.1277,3.74,27
2024-07-01,Southwest,Professional Services,SO-009,24784.81,20,0.0213,3.65,41
2024-07-01,Southwest,Professional Services,SO-010,29546.88,23,0.1269,3.41,36
2024-07-01,Southwest,Professional Services,SO-011,34107.83,29,0.0021,4.03,23
2024-07-01,Southwest,Professional Services,SO-012,28987.43,25,0.062,3.26,20
2024-08-01,Northeast,Enterprise SaaS,NO-001,110609.65,106,0.0128,4.37,41
2024-08-01,Northeast,Enterprise SaaS,NO-002,76624.53,84,0.074,3.91,30
2024-08-01,Northeast,Enterprise SaaS,NO-003,80356.41,92,0.0745,4.01,48
2024-08-01,Northeast,Enterprise SaaS,NO-004,86266.71,98,0.092,3.64,54
2024-08-01,Northeast,Enterprise SaaS,NO-005,87924.46,110,0.085,4.1,35
2024-08-01,Northeast,Enterprise SaaS,NO-006,74224.94,85,0.0293,3.91,36
2024-08-01,Northeast,Enterprise SaaS,NO-007,99235.15,112,0.0044,4.64,37
2024-08-01,Northeast,Enterprise SaaS,NO-008,102746.96,126,0.0132,4.45,41
2024-08-01,Northeast,Enterprise SaaS,NO-009,63869.27,70,0.0311,3.96,36
2024-08-01,Northeast,Enterprise SaaS,NO-010,88753.12,115,0.0506,3.55,35
2024-08-01,Northeast,Enterprise SaaS,NO-011,99269.41,97,0.0989,4.2,27
2024-08-01,Northeast,Enterprise SaaS,NO-012,74327.44,101,0.0572,4.11,49
2024-08-01,Northeast,SMB Platform,NO-001,71855.09,213,0.0842,4.29,17
2024-08-01,Northeast,SMB Platform,NO-002,52711.13,162,0.085,3.65,22
2024-08-01,Northeast,SMB Platform,NO-003,60198.22,201,0.0441,3.81,15
2024-08-01,Northeast,SMB Platform,NO-004,68021.04,207,0.0332,3.73,22
2024-08-01,Northeast,SMB Platform,NO-005,49801.14,127,0.0542,3.76,16
2024-08-01,Northeast,SMB Platform,NO-006,70047.18,215,0.0752,4.01,27
2024-08-01,Northeast,SMB Platform,NO-007,46187.69,149,0.0555,4.14,21
2024-08-01,Northeast,SMB Platform,NO-008,62065.0,201,0.0552,4.02,17
2024-08-01,Northeast,SMB Platform,NO-009,53066.37,167,0.104,3.88,24
2024-08-01,Northeast,SMB Platform,NO-010,53784.72,180,0.0873,3.91,18
2024-08-01,Northeast,SMB Platform,NO-011,58094.63,189,0.131,3.57,21
2024-08-01,Northeast,SMB Platform,NO-012,65517.64,212,0.0395,4.48,20
2024-08-01,Northeast,Professional Services,NO-001,51494.32,43,0.0163,4.45,37
2024-08-01,Northeast,Professional Services,NO-002,43471.36,37,0.1045,4.32,28
2024-08-01,Northeast,Professional Services,NO-003,46133.72,35,0.0241,3.94,37
2024-08-01,Northeast,Professional Services,NO-004,40077.15,29,0.0465,4.12,34
2024-08-01,Northeast,Professional Services,NO-005,45700.69,34,0.1681,3.57,30
2024-08-01,Northeast,Professional Services,NO-006,34931.72,30,0.0106,3.65,25
2024-08-01,Northeast,Professional Services,NO-007,65821.71,61,0.1328,3.47,22
2024-08-01,Northeast,Professional Services,NO-008,47080.75,39,0.0933,3.73,21
2024-08-01,Northeast,Professional Services,NO-009,39629.46,34,0.098,3.61,32
2024-08-01,Northeast,Professional Services,NO-010,36616.25,31,0.0775,3.94,22
2024-08-01,Northeast,Professional Services,NO-011,38173.47,28,0.0739,3.78,27
2024-08-01,Northeast,Professional Services,NO-012,44252.3,41,0.1589,3.77,32
2024-08-01,Southeast,Enterprise SaaS,SO-001,81653.33,68,0.0268,3.69,41
2024-08-01,Southeast,Enterprise SaaS,SO-002,83881.56,94,0.0365,4.15,46
2024-08-01,Southeast,Enterprise SaaS,SO-003,77840.41,84,0.074,4.01,42
2024-08-01,Southeast,Enterprise SaaS,SO-004,69491.06,79,0.068,3.92,43
2024-08-01,Southeast,Enterprise SaaS,SO-005,81073.35,96,0.0307,3.73,45
2024-08-01,Southeast,Enterprise SaaS,SO-006,58932.69,65,0.0633,4.2,55
2024-08-01,Southeast,Enterprise SaaS,SO-007,58041.88,62,0.0857,3.76,59
2024-08-01,Southeast,Enterprise SaaS,SO-008,67885.17,84,0.0192,4.03,44
2024-08-01,Southeast,Enterprise SaaS,SO-009,99300.49,117,0.0999,3.33,47
2024-08-01,Southeast,Enterprise SaaS,SO-010,66736.35,73,0.0751,3.95,32
2024-08-01,Southeast,Enterprise SaaS,SO-011,82487.19,94,0.0324,4.62,47
2024-08-01,Southeast,Enterprise SaaS,SO-012,76331.94,91,0.0709,3.5,46
2024-08-01,Southeast,SMB Platform,SO-001,45912.04,145,0.0543,4.17,13
2024-08-01,Southeast,SMB Platform,SO-002,58695.8,201,0.0481,3.64,17
2024-08-01,Southeast,SMB Platform,SO-003,49812.14,154,0.0653,3.75,13
2024-08-01,Southeast,SMB Platform,SO-004,60225.41,189,0.1741,3.75,16
2024-08-01,Southeast,SMB Platform,SO-005,39118.21,140,0.0989,3.81,16
2024-08-01,Southeast,SMB Platform,SO-006,66583.67,234,0.054,3.71,15
2024-08-01,Southeast,SMB Platform,SO-007,61611.04,192,0.0589,4.79,16
2024-08-01,Southeast,SMB Platform,SO-008,61402.59,195,0.0387,4.21,16
2024-08-01,Southeast,SMB Platform,SO-009,44823.0,158,0.0358,4.19,21
2024-08-01,Southeast,SMB Platform,SO-010,41915.35,140,0.0605,4.08,13
2024-08-01,Southeast,SMB Platform,SO-011,50679.64,175,0.025,3.79,12
2024-08-01,Southeast,SMB Platform,SO-012,49557.19,173,0.0353,4.1,21
2024-08-01,Southeast,Professional Services,SO-001,40902.64,34,0.0124,4.34,28
2024-08-01,Southeast,Professional Services,SO-002,31437.32,26,0.057,4.63,35
2024-08-01,Southeast,Professional Services,SO-003,34885.19,24,0.0534,4.39,42
2024-08-01,Southeast,Professional Services,SO-004,39274.31,33,0.0176,4.01,36
2024-08-01,Southeast,Professional Services,SO-005,31858.81,25,0.0314,4.43,30
2024-08-01,Southeast,Professional Services,SO-006,39422.01,32,0.1421,3.7,20
2024-08-01,Southeast,Professional Services,SO-007,29136.68,23,0.0816,3.72,30
2024-08-01,Southeast,Professional Services,SO-008,35735.26,30,0.0383,4.0,28
2024-08-01,Southeast,Professional Services,SO-009,27776.1,24,0.0451,3.54,27
2024-08-01,Southeast,Professional Services,SO-010,40501.78,39,0.0584,4.04,29
2024-08-01,Southeast,Professional Services,SO-011,38242.96,29,0.0756,3.92,33
2024-08-01,Southeast,Professional Services,SO-012,44080.34,35,0.2059,3.97,27
2024-08-01,Midwest,Enterprise SaaS,MI-001,72706.24,91,0.0856,4.04,48
2024-08-01,Midwest,Enterprise SaaS,MI-002,71287.38,77,0.1002,4.17,58
2024-08-01,Midwest,Enterprise SaaS,MI-003,55637.52,62,0.0793,3.87,43
2024-08-01,Midwest,Enterprise SaaS,MI-004,76330.5,86,0.0486,3.77,32
2024-08-01,Midwest,Enterprise SaaS,MI-005,60025.74,61,0.0249,4.41,39
2024-08-01,Midwest,Enterprise SaaS,MI-006,58427.39,70,0.0487,4.02,48
2024-08-01,Midwest,Enterprise SaaS,MI-007,64136.17,66,0.0585,4.16,52
2024-08-01,Midwest,Enterprise SaaS,MI-008,93756.49,96,0.0341,4.3,26
2024-08-01,Midwest,Enterprise SaaS,MI-009,63585.55,84,0.0098,4.27,48
2024-08-01,Midwest,Enterprise SaaS,MI-010,66910.17,77,0.0798,3.99,68
2024-08-01,Midwest,Enterprise SaaS,MI-011,52406.98,62,0.1155,4.02,34
2024-08-01,Midwest,Enterprise SaaS,MI-012,75094.01,80,0.1277,4.46,38
2024-08-01,Midwest,SMB Platform,MI-001,53518.64,174,0.0669,3.73,23
2024-08-01,Midwest,SMB Platform,MI-002,45150.46,135,0.0239,4.01,13
2024-08-01,Midwest,SMB Platform,MI-003,54661.75,172,0.0373,3.85,18
2024-08-01,Midwest,SMB Platform,MI-004,38465.14,120,0.058,4.19,13
2024-08-01,Midwest,SMB Platform,MI-005,49470.19,186,0.1064,3.97,15
2024-08-01,Midwest,SMB Platform,MI-006,49700.84,166,0.0699,4.15,17
2024-08-01,Midwest,SMB Platform,MI-007,56183.46,178,0.0685,4.06,16
2024-08-01,Midwest,SMB Platform,MI-008,35312.93,111,0.1512,3.78,14
2024-08-01,Midwest,SMB Platform,MI-009,35182.72,121,0.0571,3.86,15
2024-08-01,Midwest,SMB Platform,MI-010,47611.59,121,0.1407,4.01,13
2024-08-01,Midwest,SMB Platform,MI-011,40722.4,120,0.0257,4.28,15
2024-08-01,Midwest,SMB Platform,MI-012,42827.83,111,0.0858,3.78,13
2024-08-01,Midwest,Professional Services,MI-001,31660.27,21,0.019,4.33,31
2024-08-01,Midwest,Professional Services,MI-002,35031.96,25,0.1454,4.44,28
2024-08-01,Midwest,Professional Services,MI-003,27621.93,23,0.0163,3.61,28
2024-08-01,Midwest,Professional Services,MI-004,37564.88,30,0.0634,3.71,30
2024-08-01,Midwest,Professional Services,MI-005,32518.55,25,0.084,4.27,30
2024-08-01,Midwest,Professional Services,MI-006,35111.04,23,0.0762,3.85,35
2024-08-01,Midwest,Professional Services,MI-007,35699.37,28,0.0422,4.23,26
2024-08-01,Midwest,Professional Services,MI-008,33574.9,25,0.0612,3.83,25
2024-08-01,Midwest,Professional Services,MI-009,28349.78,25,0.0786,4.07,41
2024-08-01,Midwest,Professional Services,MI-010,32709.97,27,0.0822,3.87,24
2024-08-01,Midwest,Professional Services,MI-011,34467.03,28,0.0899,3.99,26
2024-08-01,Midwest,Professional Services,MI-012,34106.28,33,0.053,3.41,32
2024-08-01,West,Enterprise SaaS,WE-001,73826.5,83,0.1217,3.83,46
2024-08-01,West,Enterprise SaaS,WE-002,82465.77,105,0.0624,3.88,59
2024-08-01,West,Enterprise SaaS,WE-003,112252.99,115,0.0672,4.11,55
2024-08-01,West,Enterprise SaaS,WE-004,75678.03,89,0.0817,3.85,57
2024-08-01,West,Enterprise SaaS,WE-005,84004.53,104,0.0188,4.41,51
2024-08-01,West,Enterprise SaaS,WE-006,105888.28,131,0.0891,3.82,56
2024-08-01,West,Enterprise SaaS,WE-007,77899.71,98,0.0136,4.3,41
2024-08-01,West,Enterprise SaaS,WE-008,84633.36,96,0.0254,4.17,48
2024-08-01,West,Enterprise SaaS,WE-009,80067.99,95,0.0601,4.19,33
2024-08-01,West,Enterprise SaaS,WE-010,93581.55,118,0.0156,3.87,53
2024-08-01,West,Enterprise SaaS,WE-011,82144.48,104,0.0656,3.84,41
2024-08-01,West,Enterprise SaaS,WE-012,89702.81,109,0.2067,3.35,42
2024-08-01,West,SMB Platform,WE-001,52761.98,140,0.0449,4.27,12
2024-08-01,West,SMB Platform,WE-002,62015.88,191,0.076,4.33,15
2024-08-01,West,SMB Platform,WE-003,71271.84,197,0.0079,4.23,10
2024-08-01,West,SMB Platform,WE-004,71793.73,209,0.0955,4.27,17
2024-08-01,West,SMB Platform,WE-005,55403.97,187,0.0129,3.96,18
2024-08-01,West,SMB Platform,WE-006,75160.81,270,0.0108,3.77,13
2024-08-01,West,SMB Platform,WE-007,73753.6,235,0.0288,4.71,14
2024-08-01,West,SMB Platform,WE-008,58696.69,195,0.0679,4.09,27
2024-08-01,West,SMB Platform,WE-009,61180.34,178,0.016,4.52,18
2024-08-01,West,SMB Platform,WE-010,57873.91,177,0.0228,4.26,14
2024-08-01,West,SMB Platform,WE-011,64081.99,176,0.0803,3.94,25
2024-08-01,West,SMB Platform,WE-012,65144.19,208,0.0473,3.56,17
2024-08-01,West,Professional Services,WE-001,41379.96,38,0.1032,3.45,28
2024-08-01,West,Professional Services,WE-002,56286.06,49,0.0346,4.03,33
2024-08-01,West,Professional Services,WE-003,44982.55,31,0.1115,3.83,28
2024-08-01,West,Professional Services,WE-004,51438.6,47,0.0836,4.27,32
2024-08-01,West,Professional Services,WE-005,39042.51,34,0.0476,3.17,40
2024-08-01,West,Professional Services,WE-006,42300.16,31,0.0628,4.17,42
2024-08-01,West,Professional Services,WE-007,55471.85,44,0.0811,4.21,36
2024-08-01,West,Professional Services,WE-008,48907.04,39,0.0164,4.22,32
2024-08-01,West,Professional Services,WE-009,49246.83,39,0.0858,4.21,28
2024-08-01,West,Professional Services,WE-010,47621.04,45,0.0969,4.14,38
2024-08-01,West,Professional Services,WE-011,57990.2,55,0.0578,4.32,28
2024-08-01,West,Professional Services,WE-012,47689.55,51,0.1225,3.73,31
2024-08-01,Southwest,Enterprise SaaS,SO-001,61398.95,64,0.0856,3.92,52
2024-08-01,Southwest,Enterprise SaaS,SO-002,70398.42,77,0.0595,4.6,29
2024-08-01,Southwest,Enterprise SaaS,SO-003,52585.61,65,0.1437,4.33,37
2024-08-01,Southwest,Enterprise SaaS,SO-004,76760.98,86,0.0635,3.93,35
2024-08-01,Southwest,Enterprise SaaS,SO-005,69170.47,76,0.049,4.09,44
2024-08-01,Southwest,Enterprise SaaS,SO-006,54457.04,67,0.0722,3.7,42
2024-08-01,Southwest,Enterprise SaaS,SO-007,65895.12,75,0.0962,3.76,35
2024-08-01,Southwest,Enterprise SaaS,SO-008,50290.71,54,0.1621,3.54,54
2024-08-01,Southwest,Enterprise SaaS,SO-009,46988.22,53,0.1104,4.26,30
2024-08-01,Southwest,Enterprise SaaS,SO-010,59363.11,76,0.0349,3.71,39
2024-08-01,Southwest,Enterprise SaaS,SO-011,55773.51,63,0.0071,4.15,47
2024-08-01,Southwest,Enterprise SaaS,SO-012,68978.2,97,0.0845,3.73,43
2024-08-01,Southwest,SMB Platform,SO-001,38297.89,109,0.0229,3.57,13
2024-08-01,Southwest,SMB Platform,SO-002,42097.44,132,0.1462,3.59,16
2024-08-01,Southwest,SMB Platform,SO-003,41043.55,106,0.0682,4.52,16
2024-08-01,Southwest,SMB Platform,SO-004,51437.65,183,0.0425,4.1,16
2024-08-01,Southwest,SMB Platform,SO-005,38025.5,127,0.0729,4.4,13
2024-08-01,Southwest,SMB Platform,SO-006,41930.13,134,0.0364,4.19,19
2024-08-01,Southwest,SMB Platform,SO-007,40761.72,103,0.1281,3.64,18
2024-08-01,Southwest,SMB Platform,SO-008,48127.14,163,0.073,3.56,23
2024-08-01,Southwest,SMB Platform,SO-009,49702.56,146,0.0394,4.21,19
2024-08-01,Southwest,SMB Platform,SO-010,37865.12,100,0.121,3.44,15
2024-08-01,Southwest,SMB Platform,SO-011,39166.62,110,0.0604,4.14,19
2024-08-01,Southwest,SMB Platform,SO-012,40182.94,118,0.026,3.71,18
2024-08-01,Southwest,Professional Services,SO-001,29711.17,24,0.2012,3.37,34
2024-08-01,Southwest,Professional Services,SO-002,33461.57,26,0.0669,4.15,31
2024-08-01,Southwest,Professional Services,SO-003,30197.89,24,0.0628,3.92,36
2024-08-01,Southwest,Professional Services,SO-004,37380.08,32,0.1298,3.8,25
2024-08-01,Southwest,Professional Services,SO-005,23778.78,16,0.1009,3.88,20
2024-08-01,Southwest,Professional Services,SO-006,35820.49,34,0.0974,4.29,39
2024-08-01,Southwest,Professional Services,SO-007,27559.14,26,0.0251,3.93,25
2024-08-01,Southwest,Professional Services,SO-008,29555.71,28,0.1556,3.73,26
2024-08-01,Southwest,Professional Services,SO-009,29043.98,23,0.0608,4.25,19
2024-08-01,Southwest,Professional Services,SO-010,31363.7,27,0.1192,3.77,34
2024-08-01,Southwest,Professional Services,SO-011,34808.12,22,0.0506,3.85,11
2024-08-01,Southwest,Professional Services,SO-012,33158.3,26,0.0777,4.15,22
2024-09-01,Northeast,Enterprise SaaS,NO-001,67361.93,69,0.0069,4.44,31
2024-09-01,Northeast,Enterprise SaaS,NO-002,89997.86,104,0.1455,3.86,31
2024-09-01,Northeast,Enterprise SaaS,NO-003,83025.5,93,0.0461,4.4,43
2024-09-01,Northeast,Enterprise SaaS,NO-004,88726.94,97,0.0751,3.75,52
2024-09-01,Northeast,Enterprise SaaS,NO-005,97250.66,96,0.0591,3.56,55
2024-09-01,Northeast,Enterprise SaaS,NO-006,82313.77,88,0.0625,3.96,45
2024-09-01,Northeast,Enterprise SaaS,NO-007,75505.3,90,0.0438,4.11,55
2024-09-01,Northeast,Enterprise SaaS,NO-008,76539.93,84,0.0463,4.1,52
2024-09-01,Northeast,Enterprise SaaS,NO-009,74367.6,96,0.0756,4.03,47
2024-09-01,Northeast,Enterprise SaaS,NO-010,98887.6,101,0.0587,4.04,37
2024-09-01,Northeast,Enterprise SaaS,NO-011,73635.24,106,0.0316,3.81,55
2024-09-01,Northeast,Enterprise SaaS,NO-012,59638.44,76,0.0353,4.81,29
2024-09-01,Northeast,SMB Platform,NO-001,61178.22,234,0.168,3.45,15
2024-09-01,Northeast,SMB Platform,NO-002,46775.17,144,0.0943,3.83,15
2024-09-01,Northeast,SMB Platform,NO-003,62084.19,198,0.0709,3.93,16
2024-09-01,Northeast,SMB Platform,NO-004,61344.06,227,0.0459,4.15,15
2024-09-01,Northeast,SMB Platform,NO-005,48850.04,173,0.0176,4.83,17
2024-09-01,Northeast,SMB Platform,NO-006,62849.29,166,0.0107,4.35,19
2024-09-01,Northeast,SMB Platform,NO-007,52301.72,169,0.136,3.62,17
2024-09-01,Northeast,SMB Platform,NO-008,45333.69,138,0.0403,3.81,11
2024-09-01,Northeast,SMB Platform,NO-009,63098.66,214,0.1088,4.18,10
2024-09-01,Northeast,SMB Platform,NO-010,51148.48,168,0.0867,3.98,18
2024-09-01,Northeast,SMB Platform,NO-011,47903.34,149,0.0528,4.37,16
2024-09-01,Northeast,SMB Platform,NO-012,52185.52,165,0.0518,3.96,14
2024-09-01,Northeast,Professional Services,NO-001,30233.25,30,0.0426,3.85,30
2024-09-01,Northeast,Professional Services,NO-002,41120.83,38,0.0305,4.28,28
2024-09-01,Northeast,Professional Services,NO-003,34527.51,26,0.0542,4.34,31
2024-09-01,Northeast,Professional Services,NO-004,42103.61,42,0.0251,3.82,25
2024-09-01,Northeast,Professional Services,NO-005,34746.84,32,0.0602,3.92,35
2024-09-01,Northeast,Professional Services,NO-006,41356.54,34,0.0885,3.71,33
2024-09-01,Northeast,Professional Services,NO-007,36002.92,27,0.0499,4.42,42
2024-09-01,Northeast,Professional Services,NO-008,38753.39,34,0.0427,4.38,36
2024-09-01,Northeast,Professional Services,NO-009,45977.72,37,0.0673,3.45,36
2024-09-01,Northeast,Professional Services,NO-010,36546.98,31,0.0668,3.76,31
2024-09-01,Northeast,Professional Services,NO-011,53752.23,38,0.0622,3.85,36
2024-09-01,Northeast,Professional Services,NO-012,37238.2,30,0.1522,3.89,32
2024-09-01,Southeast,Enterprise SaaS,SO-001,83941.38,89,0.1562,3.57,46
2024-09-01,Southeast,Enterprise SaaS,SO-002,64141.64,64,0.0831,3.76,46
2024-09-01,Southeast,Enterprise SaaS,SO-003,58234.97,85,0.1292,4.13,52
2024-09-01,Southeast,Enterprise SaaS,SO-004,60054.24,62,0.067,4.29,48
2024-09-01,Southeast,Enterprise SaaS,SO-005,57972.48,59,0.0282,3.93,27
2024-09-01,Southeast,Enterprise SaaS,SO-006,68308.51,104,0.0286,4.18,51
2024-09-01,Southeast,Enterprise SaaS,SO-007,64652.13,82,0.1209,3.89,28
2024-09-01,Southeast,Enterprise SaaS,SO-008,59473.99,60,0.0285,4.43,43
2024-09-01,Southeast,Enterprise SaaS,SO-009,61881.52,68,0.0486,4.33,59
2024-09-01,Southeast,Enterprise SaaS,SO-010,58132.78,60,0.0144,4.09,48
2024-09-01,Southeast,Enterprise SaaS,SO-011,64921.86,76,0.1391,4.07,38
2024-09-01,Southeast,Enterprise SaaS,SO-012,72346.61,72,0.0451,3.99,64
2024-09-01,Southeast,SMB Platform,SO-001,47098.54,149,0.0216,4.55,10
2024-09-01,Southeast,SMB Platform,SO-002,49607.82,169,0.1449,4.08,15
2024-09-01,Southeast,SMB Platform,SO-003,42553.25,103,0.057,3.85,23
2024-09-01,Southeast,SMB Platform,SO-004,48552.39,149,0.0923,3.6,9
2024-09-01,Southeast,SMB Platform,SO-005,42453.71,119,0.0102,4.09,13
2024-09-01,Southeast,SMB Platform,SO-006,49872.87,155,0.1044,3.66,17
2024-09-01,Southeast,SMB Platform,SO-007,46569.27,146,0.1694,4.06,21
2024-09-01,Southeast,SMB Platform,SO-008,57124.79,170,0.0421,4.21,15
2024-09-01,Southeast,SMB Platform,SO-009,45273.58,116,0.0663,4.45,19
2024-09-01,Southeast,SMB Platform,SO-010,51899.2,198,0.0913,3.93,25
2024-09-01,Southeast,SMB Platform,SO-011,53167.53,164,0.0207,4.17,14
2024-09-01,Southeast,SMB Platform,SO-012,58763.82,212,0.0592,4.06,17
2024-09-01,Southeast,Professional Services,SO-001,31796.87,25,0.0366,3.99,25
2024-09-01,Southeast,Professional Services,SO-002,34076.24,27,0.1165,4.13,24
2024-09-01,Southeast,Professional Services,SO-003,38674.35,31,0.0664,3.9,17
2024-09-01,Southeast,Professional Services,SO-004,39513.47,35,0.0627,4.06,29
2024-09-01,Southeast,Professional Services,SO-005,29448.03,23,0.0275,3.96,30
2024-09-01,Southeast,Professional Services,SO-006,24269.55,21,0.0042,4.58,29
2024-09-01,Southeast,Professional Services,SO-007,30274.39,19,0.0507,4.15,35
2024-09-01,Southeast,Professional Services,SO-008,42479.86,33,0.1263,4.13,30
2024-09-01,Southeast,Professional Services,SO-009,35400.35,31,0.0671,3.82,28
2024-09-01,Southeast,Professional Services,SO-010,45708.18,41,0.034,4.37,18
2024-09-01,Southeast,Professional Services,SO-011,38726.73,32,0.0806,4.05,30
2024-09-01,Southeast,Professional Services,SO-012,38340.88,32,0.0701,3.96,26
2024-09-01,Midwest,Enterprise SaaS,MI-001,70105.77,74,0.1195,3.27,31
2024-09-01,Midwest,Enterprise SaaS,MI-002,75320.54,83,0.1367,3.8,37
2024-09-01,Midwest,Enterprise SaaS,MI-003,73339.26,87,0.0328,3.87,54
2024-09-01,Midwest,Enterprise SaaS,MI-004,69622.32,81,0.0417,4.13,44
2024-09-01,Midwest,Enterprise SaaS,MI-005,51038.74,57,0.0412,3.94,55
2024-09-01,Midwest,Enterprise SaaS,MI-006,75293.96,90,0.1022,3.82,44
2024-09-01,Midwest,Enterprise SaaS,MI-007,50764.98,66,0.0723,4.18,54
2024-09-01,Midwest,Enterprise SaaS,MI-008,52623.62,57,0.0807,3.72,43
2024-09-01,Midwest,Enterprise SaaS,MI-009,64712.59,78,0.1393,3.49,44
2024-09-01,Midwest,Enterprise SaaS,MI-010,43788.41,50,0.0153,4.18,54
2024-09-01,Midwest,Enterprise SaaS,MI-011,55152.54,52,0.0986,3.61,47
2024-09-01,Midwest,Enterprise SaaS,MI-012,79552.36,88,0.039,4.3,29
2024-09-01,Midwest,SMB Platform,MI-001,49239.97,154,0.0553,4.02,16
2024-09-01,Midwest,SMB Platform,MI-002,41976.29,155,0.013,3.87,12
2024-09-01,Midwest,SMB Platform,MI-003,51060.91,143,0.0558,4.35,21
2024-09-01,Midwest,SMB Platform,MI-004,48226.58,155,0.1637,3.89,20
2024-09-01,Midwest,SMB Platform,MI-005,50473.64,161,0.1183,4.4,18
2024-09-01,Midwest,SMB Platform,MI-006,39501.44,124,0.0111,4.23,13
2024-09-01,Midwest,SMB Platform,MI-007,52708.9,193,0.0376,4.64,16
2024-09-01,Midwest,SMB Platform,MI-008,47486.89,148,0.1255,4.2,22
2024-09-01,Midwest,SMB Platform,MI-009,46492.61,138,0.0816,4.03,20
2024-09-01,Midwest,SMB Platform,MI-010,50596.08,170,0.0626,3.98,21
2024-09-01,Midwest,SMB Platform,MI-011,49132.48,170,0.0823,3.74,24
2024-09-01,Midwest,SMB Platform,MI-012,33851.54,102,0.0411,4.16,19
2024-09-01,Midwest,Professional Services,MI-001,25296.32,21,0.073,4.28,46
2024-09-01,Midwest,Professional Services,MI-002,26663.18,17,0.0636,3.93,25
2024-09-01,Midwest,Professional Services,MI-003,31609.28,28,0.0372,4.42,24
2024-09-01,Midwest,Professional Services,MI-004,26272.61,22,0.0181,4.59,15
2024-09-01,Midwest,Professional Services,MI-005,31467.68,28,0.0391,4.63,29
2024-09-01,Midwest,Professional Services,MI-006,31705.97,30,0.0173,4.2,17
2024-09-01,Midwest,Professional Services,MI-007,32614.97,29,0.1119,3.53,32
2024-09-01,Midwest,Professional Services,MI-008,33274.33,28,0.0995,4.21,31
2024-09-01,Midwest,Professional Services,MI-009,36141.91,32,0.0514,4.13,27
2024-09-01,Midwest,Professional Services,MI-010,26453.34,20,0.0996,3.96,33
2024-09-01,Midwest,Professional Services,MI-011,32232.42,28,0.0478,4.16,9
2024-09-01,Midwest,Professional Services,MI-012,39250.31,31,0.1252,3.44,29
2024-09-01,West,Enterprise SaaS,WE-001,67285.71,81,0.101,3.5,46
2024-09-01,West,Enterprise SaaS,WE-002,68985.44,96,0.0504,4.83,36
2024-09-01,West,Enterprise SaaS,WE-003,94189.36,128,0.1215,3.94,57
2024-09-01,West,Enterprise SaaS,WE-004,98174.6,118,0.0592,4.25,53
2024-09-01,West,Enterprise SaaS,WE-005,77137.31,104,0.07,4.1,48
2024-09-01,West,Enterprise SaaS,WE-006,83230.1,86,0.0235,4.17,44
2024-09-01,West,Enterprise SaaS,WE-007,98424.42,121,0.0374,3.83,40
2024-09-01,West,Enterprise SaaS,WE-008,86493.05,106,0.1307,3.5,39
2024-09-01,West,Enterprise SaaS,WE-009,59397.01,62,0.1448,3.18,47
2024-09-01,West,Enterprise SaaS,WE-010,87317.13,84,0.0433,4.78,33
2024-09-01,West,Enterprise SaaS,WE-011,66863.44,70,0.031,3.8,49
2024-09-01,West,Enterprise SaaS,WE-012,88876.27,107,0.0614,4.68,46
2024-09-01,West,SMB Platform,WE-001,71878.37,209,0.1063,3.89,14
2024-09-01,West,SMB Platform,WE-002,56328.81,192,0.111,3.98,19
2024-09-01,West,SMB Platform,WE-003,73857.42,253,0.0301,4.17,20
2024-09-01,West,SMB Platform,WE-004,65492.49,183,0.1274,3.75,15
2024-09-01,West,SMB Platform,WE-005,54387.62,178,0.0305,3.9,10
2024-09-01,West,SMB Platform,WE-006,68466.88,202,0.0235,4.62,20
2024-09-01,West,SMB Platform,WE-007,78147.71,245,0.0843,4.3,19
2024-09-01,West,SMB Platform,WE-008,46077.69,111,0.1733,3.4,16
2024-09-01,West,SMB Platform,WE-009,66814.45,164,0.0162,3.86,19
2024-09-01,West,SMB Platform,WE-010,71922.36,218,0.0484,4.49,10
2024-09-01,West,SMB Platform,WE-011,67747.7,221,0.0082,3.73,14
2024-09-01,West,SMB Platform,WE-012,66831.37,213,0.0187,4.04,16
2024-09-01,West,Professional Services,WE-001,44417.12,41,0.0363,4.06,26
2024-09-01,West,Professional Services,WE-002,36881.76,32,0.0664,3.8,33
2024-09-01,West,Professional Services,WE-003,48819.85,38,0.0356,4.1,24
2024-09-01,West,Professional Services,WE-004,36965.33,28,0.1834,3.69,27
2024-09-01,West,Professional Services,WE-005,40488.56,24,0.0585,4.61,28
2024-09-01,West,Professional Services,WE-006,53038.64,44,0.047,4.02,27
2024-09-01,West,Professional Services,WE-007,45478.59,42,0.0234,4.28,26
2024-09-01,West,Professional Services,WE-008,45265.18,37,0.1374,3.87,32
2024-09-01,West,Professional Services,WE-009,58856.38,53,0.0428,4.45,35
2024-09-01,West,Professional Services,WE-010,54419.66,49,0.0546,3.8,25
2024-09-01,West,Professional Services,WE-011,40976.29,29,0.1308,3.75,31
2024-09-01,West,Professional Services,WE-012,46827.38,41,0.0179,4.22,39
2024-09-01,Southwest,Enterprise SaaS,SO-001,75859.28,66,0.0706,4.38,54
2024-09-01,Southwest,Enterprise SaaS,SO-002,52611.61,56,0.1193,3.57,42
2024-09-01,Southwest,Enterprise SaaS,SO-003,59681.15,66,0.1412,3.91,35
2024-09-01,Southwest,Enterprise SaaS,SO-004,55280.1,53,0.168,3.76,32
2024-09-01,Southwest,Enterprise SaaS,SO-005,51054.76,69,0.0227,4.21,54
2024-09-01,Southwest,Enterprise SaaS,SO-006,43743.25,43,0.0656,3.57,23
2024-09-01,Southwest,Enterprise SaaS,SO-007,74039.02,88,0.093,4.12,38
2024-09-01,Southwest,Enterprise SaaS,SO-008,64204.45,73,0.1934,3.7,33
2024-09-01,Southwest,Enterprise SaaS,SO-009,69198.84,82,0.0613,4.11,36
2024-09-01,Southwest,Enterprise SaaS,SO-010,53356.75,51,0.0071,4.67,45
2024-09-01,Southwest,Enterprise SaaS,SO-011,56668.95,69,0.0344,4.5,30
2024-09-01,Southwest,Enterprise SaaS,SO-012,51168.63,64,0.0809,3.74,38
2024-09-01,Southwest,SMB Platform,SO-001,35821.98,127,0.0787,3.78,19
2024-09-01,Southwest,SMB Platform,SO-002,49590.46,177,0.1035,3.76,23
2024-09-01,Southwest,SMB Platform,SO-003,42892.59,143,0.0517,3.89,14
2024-09-01,Southwest,SMB Platform,SO-004,41114.33,141,0.0711,4.13,15
2024-09-01,Southwest,SMB Platform,SO-005,38152.8,115,0.1157,4.49,19
2024-09-01,Southwest,SMB Platform,SO-006,48312.69,184,0.0451,4.0,13
2024-09-01,Southwest,SMB Platform,SO-007,46471.74,115,0.0764,3.93,16
2024-09-01,Southwest,SMB Platform,SO-008,39134.52,128,0.1129,3.57,18
2024-09-01,Southwest,SMB Platform,SO-009,39987.72,109,0.0821,4.16,18
2024-09-01,Southwest,SMB Platform,SO-010,44187.77,166,0.1113,4.2,18
2024-09-01,Southwest,SMB Platform,SO-011,45132.25,127,0.1036,3.6,17
2024-09-01,Southwest,SMB Platform,SO-012,36043.31,96,0.0328,4.06,23
2024-09-01,Southwest,Professional Services,SO-001,30098.41,24,0.1064,3.61,36
2024-09-01,Southwest,Professional Services,SO-002,34274.51,29,0.0203,4.1,30
2024-09-01,Southwest,Professional Services,SO-003,30983.89,24,0.0611,3.61,30
2024-09-01,Southwest,Professional Services,SO-004,35693.86,24,0.0907,4.44,31
2024-09-01,Southwest,Professional Services,SO-005,35400.82,33,0.0381,4.25,28
2024-09-01,Southwest,Professional Services,SO-006,31109.03,29,0.055,3.76,34
2024-09-01,Southwest,Professional Services,SO-007,23184.87,22,0.0157,4.63,35
2024-09-01,Southwest,Professional Services,SO-008,24986.66,17,0.2115,3.07,24
2024-09-01,Southwest,Professional Services,SO-009,28481.29,22,0.0644,3.83,26
2024-09-01,Southwest,Professional Services,SO-010,37834.55,33,0.032,3.8,29
2024-09-01,Southwest,Professional Services,SO-011,23707.83,18,0.0918,4.19,39
2024-09-01,Southwest,Professional Services,SO-012,34670.34,32,0.0307,3.97,24
2024-10-01,Northeast,Enterprise SaaS,NO-001,57439.55,71,0.0849,4.01,46
2024-10-01,Northeast,Enterprise SaaS,NO-002,60701.93,73,0.0362,3.92,61
2024-10-01,Northeast,Enterprise SaaS,NO-003,72043.85,78,0.0252,4.48,50
2024-10-01,Northeast,Enterprise SaaS,NO-004,73871.79,94,0.112,4.18,61
2024-10-01,Northeast,Enterprise SaaS,NO-005,82302.69,95,0.0383,4.39,48
2024-10-01,Northeast,Enterprise SaaS,NO-006,62261.93,69,0.0317,4.14,32
2024-10-01,Northeast,Enterprise SaaS,NO-007,68531.61,93,0.0201,4.34,54
2024-10-01,Northeast,Enterprise SaaS,NO-008,67391.39,74,0.066,3.92,54
2024-10-01,Northeast,Enterprise SaaS,NO-009,75469.26,94,0.0308,4.05,39
2024-10-01,Northeast,Enterprise SaaS,NO-010,56043.83,70,0.0802,3.39,30
2024-10-01,Northeast,Enterprise SaaS,NO-011,88016.69,107,0.074,4.16,36
2024-10-01,Northeast,Enterprise SaaS,NO-012,72220.08,97,0.182,3.35,48
2024-10-01,Northeast,SMB Platform,NO-001,60652.73,204,0.0919,3.69,17
2024-10-01,Northeast,SMB Platform,NO-002,58092.53,176,0.0918,4.51,18
2024-10-01,Northeast,SMB Platform,NO-003,53827.17,188,0.0923,4.38,17
2024-10-01,Northeast,SMB Platform,NO-004,62895.87,199,0.0647,4.08,19
2024-10-01,Northeast,SMB Platform,NO-005,63094.78,187,0.0361,4.03,21
2024-10-01,Northeast,SMB Platform,NO-006,69463.2,199,0.0922,3.54,19
2024-10-01,Northeast,SMB Platform,NO-007,46214.4,140,0.0142,4.06,18
2024-10-01,Northeast,SMB Platform,NO-008,46244.54,119,0.1573,4.04,20
2024-10-01,Northeast,SMB Platform,NO-009,62762.87,213,0.0795,4.38,17
2024-10-01,Northeast,SMB Platform,NO-010,48465.42,157,0.1217,4.49,17
2024-10-01,Northeast,SMB Platform,NO-011,42057.17,135,0.0396,4.25,26
2024-10-01,Northeast,SMB Platform,NO-012,52751.92,135,0.0808,3.68,13
2024-10-01,Northeast,Professional Services,NO-001,36338.93,33,0.1148,4.07,32
2024-10-01,Northeast,Professional Services,NO-002,34803.11,27,0.0349,3.93,23
2024-10-01,Northeast,Professional Services,NO-003,33645.95,26,0.0872,3.75,20
2024-10-01,Northeast,Professional Services,NO-004,41571.24,32,0.0609,4.5,39
2024-10-01,Northeast,Professional Services,NO-005,43238.23,40,0.0728,4.0,25
2024-10-01,Northeast,Professional Services,NO-006,33768.24,24,0.1077,3.52,34
2024-10-01,Northeast,Professional Services,NO-007,43976.57,38,0.0292,3.95,32
2024-10-01,Northeast,Professional Services,NO-008,48371.96,38,0.0188,3.92,26
2024-10-01,Northeast,Professional Services,NO-009,32824.41,27,0.0225,3.78,39
2024-10-01,Northeast,Professional Services,NO-010,37231.66,35,0.0633,4.01,30
2024-10-01,Northeast,Professional Services,NO-011,39452.78,32,0.0705,3.99,29
2024-10-01,Northeast,Professional Services,NO-012,33110.72,29,0.0668,4.1,29
2024-10-01,Southeast,Enterprise SaaS,SO-001,68808.69,81,0.0482,4.59,39
2024-10-01,Southeast,Enterprise SaaS,SO-002,50602.11,64,0.0157,3.93,40
2024-10-01,Southeast,Enterprise SaaS,SO-003,62457.55,73,0.0262,4.38,28
2024-10-01,Southeast,Enterprise SaaS,SO-004,54365.52,65,0.0142,4.02,42
2024-10-01,Southeast,Enterprise SaaS,SO-005,69000.2,83,0.0271,3.77,55
2024-10-01,Southeast,Enterprise SaaS,SO-006,69742.15,78,0.0339,4.39,54
2024-10-01,Southeast,Enterprise SaaS,SO-007,73011.33,81,0.0515,3.97,48
2024-10-01,Southeast,Enterprise SaaS,SO-008,66166.78,89,0.0521,3.8,43
2024-10-01,Southeast,Enterprise SaaS,SO-009,72976.36,83,0.1985,3.3,39
2024-10-01,Southeast,Enterprise SaaS,SO-010,74250.27,77,0.0343,3.92,51
2024-10-01,Southeast,Enterprise SaaS,SO-011,58794.27,65,0.0741,3.96,39
2024-10-01,Southeast,Enterprise SaaS,SO-012,58036.17,80,0.0515,3.81,40
2024-10-01,Southeast,SMB Platform,SO-001,39708.95,103,0.0628,4.1,15
2024-10-01,Southeast,SMB Platform,SO-002,47471.94,161,0.057,3.84,22
2024-10-01,Southeast,SMB Platform,SO-003,43698.59,135,0.093,3.75,19
2024-10-01,Southeast,SMB Platform,SO-004,48469.45,136,0.0289,4.25,19
2024-10-01,Southeast,SMB Platform,SO-005,43882.93,143,0.027,4.62,10
2024-10-01,Southeast,SMB Platform,SO-006,46443.11,159,0.079,3.93,19
2024-10-01,Southeast,SMB Platform,SO-007,44578.42,138,0.0463,3.47,15
2024-10-01,Southeast,SMB Platform,SO-008,41872.85,146,0.0102,4.21,21
2024-10-01,Southeast,SMB Platform,SO-009,46181.81,144,0.0928,3.97,17
2024-10-01,Southeast,SMB Platform,SO-010,50113.61,160,0.0583,4.23,14
2024-10-01,Southeast,SMB Platform,SO-011,41232.47,130,0.0243,4.44,17
2024-10-01,Southeast,SMB Platform,SO-012,61842.27,190,0.0188,4.22,17
2024-10-01,Southeast,Professional Services,SO-001,25333.16,19,0.0241,4.4,32
2024-10-01,Southeast,Professional Services,SO-002,25874.78,19,0.0671,3.64,31
2024-10-01,Southeast,Professional Services,SO-003,34514.56,28,0.0387,4.31,39
2024-10-01,Southeast,Professional Services,SO-004,25237.75,21,0.073,4.36,32
2024-10-01,Southeast,Professional Services,SO-005,37443.16,31,0.0695,3.95,20
2024-10-01,Southeast,Professional Services,SO-006,31341.18,22,0.0444,3.93,33
2024-10-01,Southeast,Professional Services,SO-007,30004.58,22,0.155,3.4,30
2024-10-01,Southeast,Professional Services,SO-008,30148.6,23,0.0739,4.09,30
2024-10-01,Southeast,Professional Services,SO-009,31351.73,27,0.0305,4.18,32
2024-10-01,Southeast,Professional Services,SO-010,31010.44,29,0.0745,3.45,34
2024-10-01,Southeast,Professional Services,SO-011,26797.72,20,0.0761,3.8,28
2024-10-01,Southeast,Professional Services,SO-012,34048.02,31,0.1029,3.7,37
2024-10-01,Midwest,Enterprise SaaS,MI-001,72908.56,83,0.0207,4.21,45
2024-10-01,Midwest,Enterprise SaaS,MI-002,60329.06,75,0.0241,4.62,27
2024-10-01,Midwest,Enterprise SaaS,MI-003,52953.37,62,0.0201,3.95,44
2024-10-01,Midwest,Enterprise SaaS,MI-004,70802.64,81,0.0288,4.22,42
2024-10-01,Midwest,Enterprise SaaS,MI-005,48260.09,58,0.0191,3.71,37
2024-10-01,Midwest,Enterprise SaaS,MI-006,48669.34,58,0.0754,4.32,56
2024-10-01,Midwest,Enterprise SaaS,MI-007,52653.94,65,0.0459,4.49,38
2024-10-01,Midwest,Enterprise SaaS,MI-008,62658.11,74,0.0631,4.38,38
2024-10-01,Midwest,Enterprise SaaS,MI-009,53743.95,59,0.0123,4.16,48
2024-10-01,Midwest,Enterprise SaaS,MI-010,58657.64,60,0.0845,4.29,23
2024-10-01,Midwest,Enterprise SaaS,MI-011,67935.51,77,0.0435,3.92,41
2024-10-01,Midwest,Enterprise SaaS,MI-012,56676.17,55,0.1265,3.88,40
2024-10-01,Midwest,SMB Platform,MI-001,33266.17,100,0.0063,4.32,19
2024-10-01,Midwest,SMB Platform,MI-002,36483.5,103,0.0305,4.22,15
2024-10-01,Midwest,SMB Platform,MI-003,46897.37,145,0.1105,3.76,20
2024-10-01,Midwest,SMB Platform,MI-004,42128.62,131,0.0954,3.92,22
2024-10-01,Midwest,SMB Platform,MI-005,41965.24,112,0.2183,2.81,14
2024-10-01,Midwest,SMB Platform,MI-006,46168.28,123,0.0495,4.13,13
2024-10-01,Midwest,SMB Platform,MI-007,51823.05,159,0.0652,4.51,16
2024-10-01,Midwest,SMB Platform,MI-008,32003.04,109,0.0374,4.28,15
2024-10-01,Midwest,SMB Platform,MI-009,43449.94,132,0.0939,3.87,16
2024-10-01,Midwest,SMB Platform,MI-010,35968.47,108,0.0375,4.12,19
2024-10-01,Midwest,SMB Platform,MI-011,36604.62,128,0.0846,4.25,21
2024-10-01,Midwest,SMB Platform,MI-012,49780.37,186,0.0456,3.47,22
2024-10-01,Midwest,Professional Services,MI-001,29413.42,21,0.1209,3.63,26
2024-10-01,Midwest,Professional Services,MI-002,29636.01,22,0.0242,3.81,28
2024-10-01,Midwest,Professional Services,MI-003,40312.85,30,0.0438,4.14,39
2024-10-01,Midwest,Professional Services,MI-004,30340.85,23,0.0701,4.21,28
2024-10-01,Midwest,Professional Services,MI-005,26578.5,24,0.0317,3.65,25
2024-10-01,Midwest,Professional Services,MI-006,36483.08,27,0.0125,4.15,37
2024-10-01,Midwest,Professional Services,MI-007,32474.5,25,0.097,4.3,32
2024-10-01,Midwest,Professional Services,MI-008,31497.86,24,0.0602,4.14,31
2024-10-01,Midwest,Professional Services,MI-009,21159.18,15,0.0117,4.21,38
2024-10-01,Midwest,Professional Services,MI-010,30666.68,25,0.1599,3.56,26
2024-10-01,Midwest,Professional Services,MI-011,31718.66,23,0.0483,3.96,34
2024-10-01,Midwest,Professional Services,MI-012,33686.76,29,0.0535,4.01,24
2024-10-01,West,Enterprise SaaS,WE-001,87360.62,108,0.06,3.98,37
2024-10-01,West,Enterprise SaaS,WE-002,90182.02,98,0.074,4.28,58
2024-10-01,West,Enterprise SaaS,WE-003,89699.96,103,0.0579,3.96,48
2024-10-01,West,Enterprise SaaS,WE-004,61938.91,63,0.1535,3.88,43
2024-10-01,West,Enterprise SaaS,WE-005,71818.06,94,0.0467,4.39,47
2024-10-01,West,Enterprise SaaS,WE-006,82195.76,96,0.0345,4.17,31
2024-10-01,West,Enterprise SaaS,WE-007,86004.7,90,0.0329,4.35,41
2024-10-01,West,Enterprise SaaS,WE-008,87764.63,86,0.0989,4.33,42
2024-10-01,West,Enterprise SaaS,WE-009,84798.67,94,0.0391,3.65,45
2024-10-01,West,Enterprise SaaS,WE-010,62890.45,73,0.0955,3.81,52
2024-10-01,West,Enterprise SaaS,WE-011,92036.05,121,0.0397,3.94,56
2024-10-01,West,Enterprise SaaS,WE-012,109393.46,123,0.1604,3.51,57
2024-10-01,West,SMB Platform,WE-001,65410.75,177,0.1296,3.88,18
2024-10-01,West,SMB Platform,WE-002,68779.23,246,0.0132,3.66,13
2024-10-01,West,SMB Platform,WE-003,77734.98,243,0.0625,3.98,25
2024-10-01,West,SMB Platform,WE-004,56908.84,173,0.0425,3.96,21
2024-10-01,West,SMB Platform,WE-005,61467.77,169,0.0583,4.21,23
2024-10-01,West,SMB Platform,WE-006,61553.34,203,0.1263,3.59,13
2024-10-01,West,SMB Platform,WE-007,52063.13,174,0.0922,4.04,16
2024-10-01,West,SMB Platform,WE-008,67747.64,194,0.0194,4.49,14
2024-10-01,West,SMB Platform,WE-009,61042.97,228,0.0738,4.03,19
2024-10-01,West,SMB Platform,WE-010,47844.57,144,0.0736,4.11,17
2024-10-01,West,SMB Platform,WE-011,61148.25,178,0.0678,4.13,20
2024-10-01,West,SMB Platform,WE-012,70286.32,239,0.1057,3.73,13
2024-10-01,West,Professional Services,WE-001,48428.72,39,0.0632,3.74,35
2024-10-01,West,Professional Services,WE-002,46561.16,38,0.0438,4.27,32
2024-10-01,West,Professional Services,WE-003,49735.33,49,0.0983,3.71,21
2024-10-01,West,Professional Services,WE-004,40938.88,35,0.0215,4.51,30
2024-10-01,West,Professional Services,WE-005,44069.55,33,0.0703,4.11,21
2024-10-01,West,Professional Services,WE-006,42681.48,32,0.0433,3.88,32
2024-10-01,West,Professional Services,WE-007,36185.6,33,0.0994,3.77,25
2024-10-01,West,Professional Services,WE-008,43094.94,32,0.0358,3.82,24
2024-10-01,West,Professional Services,WE-009,34062.78,26,0.0063,4.49,29
2024-10-01,West,Professional Services,WE-010,33938.89,25,0.0295,3.97,24
2024-10-01,West,Professional Services,WE-011,39144.04,32,0.0174,4.53,32
2024-10-01,West,Professional Services,WE-012,42698.8,35,0.0886,3.54,25
2024-10-01,Southwest,Enterprise SaaS,SO-001,57821.91,68,0.1346,4.23,51
2024-10-01,Southwest,Enterprise SaaS,SO-002,77857.79,79,0.0158,4.18,33
2024-10-01,Southwest,Enterprise SaaS,SO-003,45462.63,57,0.0763,4.16,34
2024-10-01,Southwest,Enterprise SaaS,SO-004,60076.08,73,0.1193,3.7,54
2024-10-01,Southwest,Enterprise SaaS,SO-005,57840.26,64,0.1248,4.02,60
2024-10-01,Southwest,Enterprise SaaS,SO-006,81070.57,97,0.087,3.62,37
2024-10-01,Southwest,Enterprise SaaS,SO-007,39934.7,49,0.0274,3.78,43
2024-10-01,Southwest,Enterprise SaaS,SO-008,45459.23,54,0.0884,3.9,40
2024-10-01,Southwest,Enterprise SaaS,SO-009,48974.82,63,0.0983,3.89,42
2024-10-01,Southwest,Enterprise SaaS,SO-010,58052.27,69,0.0824,3.6,22
2024-10-01,Southwest,Enterprise SaaS,SO-011,67800.37,73,0.036,4.86,44
2024-10-01,Southwest,Enterprise SaaS,SO-012,52549.12,60,0.057,3.9,48
2024-10-01,Southwest,SMB Platform,SO-001,47782.79,168,0.1176,4.17,21
2024-10-01,Southwest,SMB Platform,SO-002,36253.14,108,0.0539,4.12,20
2024-10-01,Southwest,SMB Platform,SO-003,35988.38,87,0.1069,3.8,24
2024-10-01,Southwest,SMB Platform,SO-004,37714.76,105,0.0449,4.17,16
2024-10-01,Southwest,SMB Platform,SO-005,36711.62,113,0.0648,4.15,16
2024-10-01,Southwest,SMB Platform,SO-006,33059.1,86,0.1082,4.23,10
2024-10-01,Southwest,SMB Platform,SO-007,47011.56,157,0.0762,3.87,17
2024-10-01,Southwest,SMB Platform,SO-008,36224.65,117,0.0562,3.9,20
2024-10-01,Southwest,SMB Platform,SO-009,38032.49,129,0.0634,4.1,15
2024-10-01,Southwest,SMB Platform,SO-010,42862.9,123,0.0519,3.88,21
2024-10-01,Southwest,SMB Platform,SO-011,34770.87,130,0.069,3.82,21
2024-10-01,Southwest,SMB Platform,SO-012,44916.12,131,0.1079,3.62,21
2024-10-01,Southwest,Professional Services,SO-001,23875.46,20,0.1411,3.15,22
2024-10-01,Southwest,Professional Services,SO-002,25962.02,18,0.0958,3.94,33
2024-10-01,Southwest,Professional Services,SO-003,24709.66,18,0.0469,4.15,30
2024-10-01,Southwest,Professional Services,SO-004,26462.14,19,0.0372,3.88,34
2024-10-01,Southwest,Professional Services,SO-005,32960.91,29,0.0916,4.31,29
2024-10-01,Southwest,Professional Services,SO-006,22107.43,17,0.1031,4.21,31
2024-10-01,Southwest,Professional Services,SO-007,33349.19,32,0.0462,4.31,31
2024-10-01,Southwest,Professional Services,SO-008,26109.61,17,0.0908,3.46,19
2024-10-01,Southwest,Professional Services,SO-009,29802.07,18,0.0453,4.38,21
2024-10-01,Southwest,Professional Services,SO-010,26923.47,19,0.0221,4.45,33
2024-10-01,Southwest,Professional Services,SO-011,24945.17,22,0.0331,3.54,32
2024-10-01,Southwest,Professional Services,SO-012,28807.4,21,0.021,3.66,21
2024-11-01,Northeast,Enterprise SaaS,NO-001,63535.67,77,0.0668,4.15,43
2024-11-01,Northeast,Enterprise SaaS,NO-002,85975.4,96,0.0559,3.77,47
2024-11-01,Northeast,Enterprise SaaS,NO-003,61793.33,80,0.0722,3.9,58
2024-11-01,Northeast,Enterprise SaaS,NO-004,58291.78,56,0.0243,4.15,46
2024-11-01,Northeast,Enterprise SaaS,NO-005,71618.09,87,0.078,4.14,55
2024-11-01,Northeast,Enterprise SaaS,NO-006,70962.29,83,0.2058,3.45,41
2024-11-01,Northeast,Enterprise SaaS,NO-007,89064.69,99,0.1622,3.69,44
2024-11-01,Northeast,Enterprise SaaS,NO-008,69756.52,85,0.0243,4.57,42
2024-11-01,Northeast,Enterprise SaaS,NO-009,85597.03,96,0.06,4.3,48
2024-11-01,Northeast,Enterprise SaaS,NO-010,89170.27,107,0.1072,3.72,41
2024-11-01,Northeast,Enterprise SaaS,NO-011,58923.52,76,0.0583,4.48,42
2024-11-01,Northeast,Enterprise SaaS,NO-012,69808.74,81,0.018,4.08,47
2024-11-01,Northeast,SMB Platform,NO-001,36024.64,107,0.1899,3.94,8
2024-11-01,Northeast,SMB Platform,NO-002,48154.52,125,0.0663,3.69,12
2024-11-01,Northeast,SMB Platform,NO-003,53479.06,155,0.1012,3.78,20
2024-11-01,Northeast,SMB Platform,NO-004,48994.16,113,0.0517,4.29,17
2024-11-01,Northeast,SMB Platform,NO-005,36049.52,109,0.0136,4.28,21
2024-11-01,Northeast,SMB Platform,NO-006,39199.2,109,0.0653,3.95,17
2024-11-01,Northeast,SMB Platform,NO-007,51410.97,164,0.058,3.77,21
2024-11-01,Northeast,SMB Platform,NO-008,61029.79,222,0.0373,3.76,16
2024-11-01,Northeast,SMB Platform,NO-009,52434.26,151,0.1137,3.64,12
2024-11-01,Northeast,SMB Platform,NO-010,43400.13,139,0.0411,3.83,15
2024-11-01,Northeast,SMB Platform,NO-011,49461.6,148,0.0719,4.24,20
2024-11-01,Northeast,SMB Platform,NO-012,68315.12,212,0.0654,3.83,20
2024-11-01,Northeast,Professional Services,NO-001,31922.61,26,0.0441,4.47,34
2024-11-01,Northeast,Professional Services,NO-002,26612.31,22,0.0819,3.25,31
2024-11-01,Northeast,Professional Services,NO-003,36969.97,33,0.0902,4.14,37
2024-11-01,Northeast,Professional Services,NO-004,36027.0,25,0.0261,4.3,28
2024-11-01,Northeast,Professional Services,NO-005,30208.07,23,0.1286,3.81,34
2024-11-01,Northeast,Professional Services,NO-006,39157.02,30,0.0597,4.11,28
2024-11-01,Northeast,Professional Services,NO-007,36909.8,29,0.0942,3.9,32
2024-11-01,Northeast,Professional Services,NO-008,35335.11,29,0.0518,4.1,29
2024-11-01,Northeast,Professional Services,NO-009,27259.23,21,0.0657,4.12,28
2024-11-01,Northeast,Professional Services,NO-010,30456.37,24,0.0263,3.91,39
2024-11-01,Northeast,Professional Services,NO-011,33669.51,24,0.0499,4.46,35
2024-11-01,Northeast,Professional Services,NO-012,33017.54,26,0.0514,4.31,45
2024-11-01,Southeast,Enterprise SaaS,SO-001,54219.97,64,0.0571,3.99,53
2024-11-01,Southeast,Enterprise SaaS,SO-002,52827.2,75,0.1113,4.18,46
2024-11-01,Southeast,Enterprise SaaS,SO-003,49709.6,50,0.0428,4.54,33
2024-11-01,Southeast,Enterprise SaaS,SO-004,68707.77,85,0.0664,4.06,45
2024-11-01,Southeast,Enterprise SaaS,SO-005,52399.36,58,0.0235,4.11,48
2024-11-01,Southeast,Enterprise SaaS,SO-006,77726.88,72,0.0669,4.18,58
2024-11-01,Southeast,Enterprise SaaS,SO-007,45077.55,48,0.0325,3.82,50
2024-11-01,Southeast,Enterprise SaaS,SO-008,64823.49,89,0.0694,4.55,49
2024-11-01,Southeast,Enterprise SaaS,SO-009,50990.44,65,0.0128,4.23,47
2024-11-01,Southeast,Enterprise SaaS,SO-010,48069.3,57,0.0615,3.94,50
2024-11-01,Southeast,Enterprise SaaS,SO-011,64819.41,71,0.0923,3.7,60
2024-11-01,Southeast,Enterprise SaaS,SO-012,53842.0,57,0.1353,3.63,48
2024-11-01,Southeast,SMB Platform,SO-001,31962.13,99,0.0189,4.22,24
2024-11-01,Southeast,SMB Platform,SO-002,40212.42,132,0.0308,4.03,21
2024-11-01,Southeast,SMB Platform,SO-003,48874.46,157,0.047,3.48,17
2024-11-01,Southeast,SMB Platform,SO-004,34197.89,123,0.0563,4.18,15
2024-11-01,Southeast,SMB Platform,SO-005,38982.03,121,0.0249,3.75,16
2024-11-01,Southeast,SMB Platform,SO-006,35667.09,108,0.0443,3.97,18
2024-11-01,Southeast,SMB Platform,SO-007,41679.43,121,0.0133,4.24,21
2024-11-01,Southeast,SMB Platform,SO-008,52768.06,182,0.0259,4.61,18
2024-11-01,Southeast,SMB Platform,SO-009,33830.21,123,0.0924,3.63,19
2024-11-01,Southeast,SMB Platform,SO-010,47596.24,139,0.0313,4.2,19
2024-11-01,Southeast,SMB Platform,SO-011,49758.47,162,0.1508,4.22,18
2024-11-01,Southeast,SMB Platform,SO-012,54408.58,158,0.0475,4.08,10
2024-11-01,Southeast,Professional Services,SO-001,23492.17,21,0.0649,3.93,32
2024-11-01,Southeast,Professional Services,SO-002,31071.27,26,0.0816,3.45,32
2024-11-01,Southeast,Professional Services,SO-003,39977.97,35,0.0828,3.55,38
2024-11-01,Southeast,Professional Services,SO-004,25505.09,21,0.1417,4.08,32
2024-11-01,Southeast,Professional Services,SO-005,26299.09,23,0.082,4.37,38
2024-11-01,Southeast,Professional Services,SO-006,28623.66,29,0.0766,3.24,27
2024-11-01,Southeast,Professional Services,SO-007,33171.54,30,0.0177,4.36,27
2024-11-01,Southeast,Professional Services,SO-008,37450.38,33,0.0819,4.06,18
2024-11-01,Southeast,Professional Services,SO-009,24570.36,23,0.0538,4.44,30
2024-11-01,Southeast,Professional Services,SO-010,31370.37,26,0.1192,3.22,31
2024-11-01,Southeast,Professional Services,SO-011,34978.29,24,0.0969,3.83,33
2024-11-01,Southeast,Professional Services,SO-012,30679.39,26,0.0241,4.15,38
2024-11-01,Midwest,Enterprise SaaS,MI-001,66575.43,91,0.0397,3.37,44
2024-11-01,Midwest,Enterprise SaaS,MI-002,54950.23,58,0.0531,4.41,43
2024-11-01,Midwest,Enterprise SaaS,MI-003,39702.19,46,0.1166,4.31,47
2024-11-01,Midwest,Enterprise SaaS,MI-004,65405.42,81,0.033,4.67,31
2024-11-01,Midwest,Enterprise SaaS,MI-005,51316.99,55,0.11,3.59,30
2024-11-01,Midwest,Enterprise SaaS,MI-006,40256.59,54,0.0808,3.9,57
2024-11-01,Midwest,Enterprise SaaS,MI-007,53281.84,58,0.1077,3.63,53
2024-11-01,Midwest,Enterprise SaaS,MI-008,41415.19,53,0.0543,4.05,40
2024-11-01,Midwest,Enterprise SaaS,MI-009,59507.19,69,0.0967,3.77,42
2024-11-01,Midwest,Enterprise SaaS,MI-010,50959.38,66,0.1012,3.72,35
2024-11-01,Midwest,Enterprise SaaS,MI-011,61696.25,79,0.088,4.28,44
2024-11-01,Midwest,Enterprise SaaS,MI-012,63069.63,63,0.0146,4.36,44
2024-11-01,Midwest,SMB Platform,MI-001,31878.89,99,0.0693,3.94,20
2024-11-01,Midwest,SMB Platform,MI-002,40591.81,123,0.0784,3.97,17
2024-11-01,Midwest,SMB Platform,MI-003,39035.47,123,0.0567,4.06,23
2024-11-01,Midwest,SMB Platform,MI-004,47110.55,147,0.0732,4.12,17
2024-11-01,Midwest,SMB Platform,MI-005,43925.97,126,0.0452,4.39,14
2024-11-01,Midwest,SMB Platform,MI-006,43972.05,145,0.1268,3.63,15
2024-11-01,Midwest,SMB Platform,MI-007,34024.64,91,0.0607,4.59,20
2024-11-01,Midwest,SMB Platform,MI-008,29285.0,93,0.0814,4.34,17
2024-11-01,Midwest,SMB Platform,MI-009,36012.03,114,0.0395,3.89,22
2024-11-01,Midwest,SMB Platform,MI-010,46034.05,158,0.0362,3.86,19
2024-11-01,Midwest,SMB Platform,MI-011,39869.66,137,0.0489,3.97,23
2024-11-01,Midwest,SMB Platform,MI-012,34849.81,114,0.0887,3.19,22
2024-11-01,Midwest,Professional Services,MI-001,23126.39,20,0.1206,3.61,15
2024-11-01,Midwest,Professional Services,MI-002,26898.45,25,0.1061,3.83,24
2024-11-01,Midwest,Professional Services,MI-003,26453.97,21,0.0093,3.89,30
2024-11-01,Midwest,Professional Services,MI-004,27178.4,27,0.0796,3.95,45
2024-11-01,Midwest,Professional Services,MI-005,27445.77,20,0.1217,3.13,23
2024-11-01,Midwest,Professional Services,MI-006,22285.59,18,0.0868,3.79,31
2024-11-01,Midwest,Professional Services,MI-007,26294.64,19,0.0333,3.86,21
2024-11-01,Midwest,Professional Services,MI-008,29730.47,25,0.0373,3.88,25
2024-11-01,Midwest,Professional Services,MI-009,26521.48,26,0.0574,4.15,27
2024-11-01,Midwest,Professional Services,MI-010,23268.2,21,0.1229,3.7,38
2024-11-01,Midwest,Professional Services,MI-011,28685.25,21,0.1343,3.64,28
2024-11-01,Midwest,Professional Services,MI-012,26699.49,22,0.0448,3.81,31
2024-11-01,West,Enterprise SaaS,WE-001,74434.79,108,0.0456,4.15,45
2024-11-01,West,Enterprise SaaS,WE-002,78149.98,87,0.0414,4.13,50
2024-11-01,West,Enterprise SaaS,WE-003,68558.42,88,0.0493,4.0,64
2024-11-01,West,Enterprise SaaS,WE-004,81782.84,102,0.0957,4.24,40
2024-11-01,West,Enterprise SaaS,WE-005,81896.19,107,0.0825,4.3,50
2024-11-01,West,Enterprise SaaS,WE-006,89443.92,95,0.0559,3.6,46
2024-11-01,West,Enterprise SaaS,WE-007,88007.45,98,0.0397,3.62,51
2024-11-01,West,Enterprise SaaS,WE-008,85273.02,109,0.1384,4.12,49
2024-11-01,West,Enterprise SaaS,WE-009,104806.66,126,0.0612,3.84,36
2024-11-01,West,Enterprise SaaS,WE-010,102264.32,131,0.0452,4.03,43
2024-11-01,West,Enterprise SaaS,WE-011,68523.54,74,0.0305,3.77,56
2024-11-01,West,Enterprise SaaS,WE-012,57490.6,76,0.0389,4.38,47
2024-11-01,West,SMB Platform,WE-001,50883.33,172,0.1293,3.64,21
2024-11-01,West,SMB Platform,WE-002,52113.12,206,0.0263,4.17,21
2024-11-01,West,SMB Platform,WE-003,52123.29,158,0.024,3.89,19
2024-11-01,West,SMB Platform,WE-004,43791.6,152,0.0909,4.04,22
2024-11-01,West,SMB Platform,WE-005,54047.81,189,0.1296,3.61,24
2024-11-01,West,SMB Platform,WE-006,59156.28,165,0.0369,3.8,26
2024-11-01,West,SMB Platform,WE-007,50424.35,184,0.11,3.91,13
2024-11-01,West,SMB Platform,WE-008,45797.9,169,0.1764,3.8,20
2024-11-01,West,SMB Platform,WE-009,83070.52,288,0.041,4.1,19
2024-11-01,West,SMB Platform,WE-010,60307.51,202,0.0524,3.8,18
2024-11-01,West,SMB Platform,WE-011,51735.32,182,0.0645,4.02,20
2024-11-01,West,SMB Platform,WE-012,53137.0,146,0.0503,4.17,20
2024-11-01,West,Professional Services,WE-001,46126.29,41,0.0819,3.77,34
2024-11-01,West,Professional Services,WE-002,44410.67,33,0.0097,3.97,37
2024-11-01,West,Professional Services,WE-003,41153.51,38,0.0622,3.62,34
2024-11-01,West,Professional Services,WE-004,44985.2,38,0.098,3.52,32
2024-11-01,West,Professional Services,WE-005,44472.89,43,0.0767,4.81,32
2024-11-01,West,Professional Services,WE-006,38059.33,36,0.0718,3.24,24
2024-11-01,West,Professional Services,WE-007,37685.05,27,0.0452,4.28,27
2024-11-01,West,Professional Services,WE-008,35120.03,34,0.1191,4.02,36
2024-11-01,West,Professional Services,WE-009,33596.56,22,0.0871,4.01,38
2024-11-01,West,Professional Services,WE-010,34745.22,24,0.0638,3.86,40
2024-11-01,West,Professional Services,WE-011,38998.09,35,0.062,3.82,40
2024-11-01,West,Professional Services,WE-012,33069.62,26,0.0525,3.84,30
2024-11-01,Southwest,Enterprise SaaS,SO-001,44788.61,50,0.0877,3.83,40
2024-11-01,Southwest,Enterprise SaaS,SO-002,40066.82,43,0.1108,4.24,36
2024-11-01,Southwest,Enterprise SaaS,SO-003,57000.31,67,0.058,4.55,45
2024-11-01,Southwest,Enterprise SaaS,SO-004,65015.31,79,0.1225,4.33,39
2024-11-01,Southwest,Enterprise SaaS,SO-005,52752.6,55,0.0792,4.01,43
2024-11-01,Southwest,Enterprise SaaS,SO-006,44996.41,60,0.1681,3.8,43
2024-11-01,Southwest,Enterprise SaaS,SO-007,52051.15,60,0.1229,3.98,27
2024-11-01,Southwest,Enterprise SaaS,SO-008,57082.25,67,0.0196,4.03,35
2024-11-01,Southwest,Enterprise SaaS,SO-009,65369.37,77,0.0936,3.89,48
2024-11-01,Southwest,Enterprise SaaS,SO-010,54182.81,67,0.0332,3.94,47
2024-11-01,Southwest,Enterprise SaaS,SO-011,58876.77,79,0.0228,4.06,40
2024-11-01,Southwest,Enterprise SaaS,SO-012,43514.94,44,0.1351,3.97,45
2024-11-01,Southwest,SMB Platform,SO-001,30247.18,109,0.0162,4.74,24
2024-11-01,Southwest,SMB Platform,SO-002,42899.41,143,0.0568,4.71,21
2024-11-01,Southwest,SMB Platform,SO-003,29061.9,102,0.0373,4.03,13
2024-11-01,Southwest,SMB Platform,SO-004,31418.55,118,0.0629,4.18,18
2024-11-01,Southwest,SMB Platform,SO-005,52619.25,159,0.0846,3.3,17
2024-11-01,Southwest,SMB Platform,SO-006,29023.08,99,0.0542,4.16,21
2024-11-01,Southwest,SMB Platform,SO-007,29010.68,87,0.0083,4.32,21
2024-11-01,Southwest,SMB Platform,SO-008,40172.15,107,0.0353,4.04,14
2024-11-01,Southwest,SMB Platform,SO-009,36377.95,118,0.0313,3.9,13
2024-11-01,Southwest,SMB Platform,SO-010,34276.24,109,0.0429,4.16,19
2024-11-01,Southwest,SMB Platform,SO-011,35177.21,109,0.0242,3.7,17
2024-11-01,Southwest,SMB Platform,SO-012,41703.89,131,0.046,4.15,23
2024-11-01,Southwest,Professional Services,SO-001,28324.86,26,0.1135,4.28,25
2024-11-01,Southwest,Professional Services,SO-002,23678.42,23,0.0375,4.77,29
2024-11-01,Southwest,Professional Services,SO-003,27081.27,22,0.0988,4.13,35
2024-11-01,Southwest,Professional Services,SO-004,31473.25,27,0.1118,3.48,32
2024-11-01,Southwest,Professional Services,SO-005,20305.08,17,0.0216,3.75,31
2024-11-01,Southwest,Professional Services,SO-006,22336.44,22,0.0214,4.38,26
2024-11-01,Southwest,Professional Services,SO-007,30148.03,25,0.0251,3.88,26
2024-11-01,Southwest,Professional Services,SO-008,28236.04,25,0.0757,3.47,36
2024-11-01,Southwest,Professional Services,SO-009,28383.39,24,0.0571,4.49,34
2024-11-01,Southwest,Professional Services,SO-010,27683.88,21,0.155,3.64,27
2024-11-01,Southwest,Professional Services,SO-011,23380.11,17,0.1156,3.81,23
2024-11-01,Southwest,Professional Services,SO-012,30837.26,27,0.0765,3.45,30
2024-12-01,Northeast,Enterprise SaaS,NO-001,80335.17,99,0.0882,3.98,47
2024-12-01,Northeast,Enterprise SaaS,NO-002,67208.61,81,0.0093,3.77,48
2024-12-01,Northeast,Enterprise SaaS,NO-003,73083.87,67,0.1022,4.16,38
2024-12-01,Northeast,Enterprise SaaS,NO-004,53930.5,59,0.0697,4.13,46
2024-12-01,Northeast,Enterprise SaaS,NO-005,53858.97,56,0.0868,4.27,52
2024-12-01,Northeast,Enterprise SaaS,NO-006,70823.32,95,0.0188,3.94,49
2024-12-01,Northeast,Enterprise SaaS,NO-007,65087.27,69,0.0501,3.96,57
2024-12-01,Northeast,Enterprise SaaS,NO-008,57326.34,56,0.0335,4.58,30
2024-12-01,Northeast,Enterprise SaaS,NO-009,74957.98,92,0.003,4.76,41
2024-12-01,Northeast,Enterprise SaaS,NO-010,55090.17,68,0.1307,3.81,57
2024-12-01,Northeast,Enterprise SaaS,NO-011,60960.36,69,0.0483,4.61,33
2024-12-01,Northeast,Enterprise SaaS,NO-012,57289.22,70,0.0274,3.95,56
2024-12-01,Northeast,SMB Platform,NO-001,38421.09,117,0.0753,3.64,16
2024-12-01,Northeast,SMB Platform,NO-002,36804.04,114,0.0991,3.59,22
2024-12-01,Northeast,SMB Platform,NO-003,46383.97,150,0.0387,4.21,15
2024-12-01,Northeast,SMB Platform,NO-004,44567.61,151,0.1121,3.41,24
2024-12-01,Northeast,SMB Platform,NO-005,51288.7,149,0.0331,4.22,22
2024-12-01,Northeast,SMB Platform,NO-006,53912.14,183,0.1128,3.62,14
2024-12-01,Northeast,SMB Platform,NO-007,52977.7,172,0.1124,3.63,14
2024-12-01,Northeast,SMB Platform,NO-008,45749.37,171,0.0584,4.52,14
2024-12-01,Northeast,SMB Platform,NO-009,50307.45,130,0.0408,4.7,28
2024-12-01,Northeast,SMB Platform,NO-010,46459.42,149,0.0718,4.21,16
2024-12-01,Northeast,SMB Platform,NO-011,40233.55,117,0.0462,4.01,22
2024-12-01,Northeast,SMB Platform,NO-012,46518.2,147,0.0161,3.75,12
2024-12-01,Northeast,Professional Services,NO-001,42132.01,35,0.0441,4.35,36
2024-12-01,Northeast,Professional Services,NO-002,34366.68,30,0.0213,3.62,30
2024-12-01,Northeast,Professional Services,NO-003,42962.12,33,0.0387,4.27,23
2024-12-01,Northeast,Professional Services,NO-004,34054.87,27,0.1466,3.81,36
2024-12-01,Northeast,Professional Services,NO-005,32382.33,30,0.0624,3.99,23
2024-12-01,Northeast,Professional Services,NO-006,35654.69,28,0.1826,3.55,31
2024-12-01,Northeast,Professional Services,NO-007,37259.64,30,0.0446,3.95,26
2024-12-01,Northeast,Professional Services,NO-008,32445.78,21,0.0085,4.33,28
2024-12-01,Northeast,Professional Services,NO-009,40910.78,34,0.1147,4.04,19
2024-12-01,Northeast,Professional Services,NO-010,35657.9,31,0.1159,3.79,30
2024-12-01,Northeast,Professional Services,NO-011,29739.68,25,0.0764,4.18,27
2024-12-01,Northeast,Professional Services,NO-012,31144.5,27,0.0908,4.1,33
2024-12-01,Southeast,Enterprise SaaS,SO-001,60600.74,76,0.0756,4.21,35
2024-12-01,Southeast,Enterprise SaaS,SO-002,75046.07,88,0.1294,4.23,59
2024-12-01,Southeast,Enterprise SaaS,SO-003,50317.88,68,0.0494,4.08,64
2024-12-01,Southeast,Enterprise SaaS,SO-004,59188.27,73,0.034,4.31,59
2024-12-01,Southeast,Enterprise SaaS,SO-005,58237.68,80,0.0852,3.62,45
2024-12-01,Southeast,Enterprise SaaS,SO-006,49616.63,56,0.0039,3.87,49
2024-12-01,Southeast,Enterprise SaaS,SO-007,57367.91,66,0.0243,4.2,52
2024-12-01,Southeast,Enterprise SaaS,SO-008,59565.92,65,0.1009,3.66,44
2024-12-01,Southeast,Enterprise SaaS,SO-009,60832.65,73,0.1015,3.82,58
2024-12-01,Southeast,Enterprise SaaS,SO-010,49701.51,54,0.0116,4.26,45
2024-12-01,Southeast,Enterprise SaaS,SO-011,65127.15,69,0.109,4.08,49
2024-12-01,Southeast,Enterprise SaaS,SO-012,61026.91,59,0.0553,4.25,38
2024-12-01,Southeast,SMB Platform,SO-001,36440.09,96,0.0738,3.8,25
2024-12-01,Southeast,SMB Platform,SO-002,39985.98,112,0.0822,4.03,21
2024-12-01,Southeast,SMB Platform,SO-003,44499.62,136,0.1264,3.67,18
2024-12-01,Southeast,SMB Platform,SO-004,45472.06,143,0.1164,3.44,18
2024-12-01,Southeast,SMB Platform,SO-005,32207.25,88,0.0376,4.13,16
2024-12-01,Southeast,SMB Platform,SO-006,37358.03,107,0.0662,3.83,15
2024-12-01,Southeast,SMB Platform,SO-007,36978.99,112,0.1501,4.15,18
2024-12-01,Southeast,SMB Platform,SO-008,43183.28,146,0.0758,3.75,24
2024-12-01,Southeast,SMB Platform,SO-009,45355.93,122,0.0563,3.74,17
2024-12-01,Southeast,SMB Platform,SO-010,32559.87,93,0.0956,3.67,16
2024-12-01,Southeast,SMB Platform,SO-011,46366.82,164,0.0216,3.95,16
2024-12-01,Southeast,SMB Platform,SO-012,33647.09,114,0.1154,3.9,14
2024-12-01,Southeast,Professional Services,SO-001,28243.07,22,0.0693,3.66,34
2024-12-01,Southeast,Professional Services,SO-002,23658.52,18,0.0461,4.31,18
2024-12-01,Southeast,Professional Services,SO-003,35705.54,31,0.0178,3.84,35
2024-12-01,Southeast,Professional Services,SO-004,26532.8,22,0.1686,3.4,22
2024-12-01,Southeast,Professional Services,SO-005,29768.32,22,0.0728,4.1,30
2024-12-01,Southeast,Professional Services,SO-006,30361.97,25,0.0418,3.83,16
2024-12-01,Southeast,Professional Services,SO-007,21453.2,16,0.0436,4.64,34
2024-12-01,Southeast,Professional Services,SO-008,28821.27,21,0.0559,4.16,23
2024-12-01,Southeast,Professional Services,SO-009,28433.3,23,0.0237,3.93,22
2024-12-01,Southeast,Professional Services,SO-010,27776.62,25,0.0483,4.5,28
2024-12-01,Southeast,Professional Services,SO-011,32746.12,21,0.0558,4.65,28
2024-12-01,Southeast,Professional Services,SO-012,37539.49,31,0.0525,4.18,32
2024-12-01,Midwest,Enterprise SaaS,MI-001,35597.74,45,0.0167,3.97,64
2024-12-01,Midwest,Enterprise SaaS,MI-002,43826.58,55,0.0298,4.21,37
2024-12-01,Midwest,Enterprise SaaS,MI-003,53875.6,46,0.0533,4.27,38
2024-12-01,Midwest,Enterprise SaaS,MI-004,54901.94,62,0.1613,4.01,43
2024-12-01,Midwest,Enterprise SaaS,MI-005,55770.13,59,0.1146,3.91,48
2024-12-01,Midwest,Enterprise SaaS,MI-006,53389.13,64,0.0845,3.43,44
2024-12-01,Midwest,Enterprise SaaS,MI-007,53079.42,69,0.0276,3.61,25
2024-12-01,Midwest,Enterprise SaaS,MI-008,36680.37,43,0.1037,4.08,34
2024-12-01,Midwest,Enterprise SaaS,MI-009,46017.97,50,0.0546,4.1,39
2024-12-01,Midwest,Enterprise SaaS,MI-010,50013.28,53,0.1183,3.61,30
2024-12-01,Midwest,Enterprise SaaS,MI-011,60185.35,74,0.0917,4.42,27
2024-12-01,Midwest,Enterprise SaaS,MI-012,48482.48,55,0.0616,3.62,39
2024-12-01,Midwest,SMB Platform,MI-001,30781.72,119,0.0947,3.76,19
2024-12-01,Midwest,SMB Platform,MI-002,39495.99,117,0.0862,4.18,18
2024-12-01,Midwest,SMB Platform,MI-003,48020.16,146,0.0486,4.1,15
2024-12-01,Midwest,SMB Platform,MI-004,31674.32,115,0.0867,4.14,15
2024-12-01,Midwest,SMB Platform,MI-005,35802.32,96,0.0513,4.26,13
2024-12-01,Midwest,SMB Platform,MI-006,31989.9,103,0.0467,4.13,18
2024-12-01,Midwest,SMB Platform,MI-007,29112.12,86,0.0259,3.89,19
2024-12-01,Midwest,SMB Platform,MI-008,31092.05,105,0.0626,4.06,22
2024-12-01,Midwest,SMB Platform,MI-009,37014.1,108,0.0188,4.15,20
2024-12-01,Midwest,SMB Platform,MI-010,37480.84,119,0.0815,3.48,18
2024-12-01,Midwest,SMB Platform,MI-011,30888.95,108,0.1441,4.05,22
2024-12-01,Midwest,SMB Platform,MI-012,42879.92,107,0.0551,4.31,15
2024-12-01,Midwest,Professional Services,MI-001,28775.34,22,0.1118,3.8,24
2024-12-01,Midwest,Professional Services,MI-002,25530.2,20,0.0992,4.05,16
2024-12-01,Midwest,Professional Services,MI-003,23754.96,14,0.0458,3.86,25
2024-12-01,Midwest,Professional Services,MI-004,25093.66,23,0.0754,4.04,28
2024-12-01,Midwest,Professional Services,MI-005,28110.79,20,0.0766,4.56,37
2024-12-01,Midwest,Professional Services,MI-006,19662.4,15,0.0998,3.91,35
2024-12-01,Midwest,Professional Services,MI-007,31334.63,27,0.1171,4.38,28
2024-12-01,Midwest,Professional Services,MI-008,26341.82,17,0.018,4.49,32
2024-12-01,Midwest,Professional Services,MI-009,26441.37,22,0.0404,4.03,38
2024-12-01,Midwest,Professional Services,MI-010,27851.51,23,0.0129,3.48,30
2024-12-01,Midwest,Professional Services,MI-011,28755.3,22,0.0682,4.05,38
2024-12-01,Midwest,Professional Services,MI-012,32480.69,27,0.081,4.09,34
2024-12-01,West,Enterprise SaaS,WE-001,75745.39,83,0.0535,4.07,31
2024-12-01,West,Enterprise SaaS,WE-002,78745.54,87,0.1124,3.42,50
2024-12-01,West,Enterprise SaaS,WE-003,62021.55,80,0.1696,3.51,58
2024-12-01,West,Enterprise SaaS,WE-004,74435.84,88,0.0299,4.22,60
2024-12-01,West,Enterprise SaaS,WE-005,72850.98,80,0.1536,3.59,27
2024-12-01,West,Enterprise SaaS,WE-006,58977.01,69,0.0838,3.74,43
2024-12-01,West,Enterprise SaaS,WE-007,92905.8,107,0.0261,3.92,38
2024-12-01,West,Enterprise SaaS,WE-008,69104.41,77,0.0722,4.24,44
2024-12-01,West,Enterprise SaaS,WE-009,58018.81,74,0.0291,3.91,31
2024-12-01,West,Enterprise SaaS,WE-010,79930.7,113,0.0754,3.32,46
2024-12-01,West,Enterprise SaaS,WE-011,62161.95,74,0.0527,4.16,51
2024-12-01,West,Enterprise SaaS,WE-012,98376.65,131,0.0979,4.38,52
2024-12-01,West,SMB Platform,WE-001,58054.66,191,0.1141,3.54,14
2024-12-01,West,SMB Platform,WE-002,47226.49,165,0.1053,3.53,25
2024-12-01,West,SMB Platform,WE-003,58707.88,167,0.0522,3.94,12
2024-12-01,West,SMB Platform,WE-004,58420.64,190,0.0479,4.27,21
2024-12-01,West,SMB Platform,WE-005,63522.68,234,0.0686,3.95,14
2024-12-01,West,SMB Platform,WE-006,40028.82,132,0.0702,3.63,28
2024-12-01,West,SMB Platform,WE-007,47825.73,149,0.0763,3.76,15
2024-12-01,West,SMB Platform,WE-008,50934.63,163,0.0831,4.08,13
2024-12-01,West,SMB Platform,WE-009,42102.45,128,0.0728,4.01,10
2024-12-01,West,SMB Platform,WE-010,53348.49,150,0.0535,4.14,21
2024-12-01,West,SMB Platform,WE-011,59820.81,175,0.0906,4.22,15
2024-12-01,West,SMB Platform,WE-012,49231.02,155,0.0891,3.38,15
2024-12-01,West,Professional Services,WE-001,44767.31,38,0.089,3.95,29
2024-12-01,West,Professional Services,WE-002,50846.46,40,0.0902,3.83,8
2024-12-01,West,Professional Services,WE-003,30696.11,24,0.0502,3.83,30
2024-12-01,West,Professional Services,WE-004,35467.86,25,0.0423,3.9,29
2024-12-01,West,Professional Services,WE-005,34280.6,25,0.1579,4.03,39
2024-12-01,West,Professional Services,WE-006,46296.67,44,0.0344,3.88,36
2024-12-01,West,Professional Services,WE-007,37170.16,35,0.0423,3.77,20
2024-12-01,West,Professional Services,WE-008,38762.17,36,0.086,4.18,24
2024-12-01,West,Professional Services,WE-009,34493.18,26,0.1651,3.72,32
2024-12-01,West,Professional Services,WE-010,32336.24,32,0.0288,4.49,31
2024-12-01,West,Professional Services,WE-011,31480.93,28,0.0195,4.26,27
2024-12-01,West,Professional Services,WE-012,33194.42,29,0.0512,3.85,19
2024-12-01,Southwest,Enterprise SaaS,SO-001,50502.68,58,0.0163,3.77,41
2024-12-01,Southwest,Enterprise SaaS,SO-002,42484.52,45,0.0349,4.23,44
2024-12-01,Southwest,Enterprise SaaS,SO-003,49503.6,50,0.1251,4.14,55
2024-12-01,Southwest,Enterprise SaaS,SO-004,43107.74,50,0.0445,4.04,31
2024-12-01,Southwest,Enterprise SaaS,SO-005,44187.94,48,0.0329,3.33,51
2024-12-01,Southwest,Enterprise SaaS,SO-006,53121.52,61,0.0197,4.03,31
2024-12-01,Southwest,Enterprise SaaS,SO-007,37993.0,48,0.0191,4.01,50
2024-12-01,Southwest,Enterprise SaaS,SO-008,61329.36,79,0.0907,4.27,54
2024-12-01,Southwest,Enterprise SaaS,SO-009,36508.29,49,0.0484,3.92,57
2024-12-01,Southwest,Enterprise SaaS,SO-010,50943.33,60,0.0402,4.12,28
2024-12-01,Southwest,Enterprise SaaS,SO-011,48779.53,57,0.0519,3.95,51
2024-12-01,Southwest,Enterprise SaaS,SO-012,62187.97,68,0.0486,3.22,37
2024-12-01,Southwest,SMB Platform,SO-001,29021.57,57,0.0435,4.08,19
2024-12-01,Southwest,SMB Platform,SO-002,35324.09,111,0.0345,3.85,20
2024-12-01,Southwest,SMB Platform,SO-003,46709.83,151,0.0294,3.76,19
2024-12-01,Southwest,SMB Platform,SO-004,26093.23,83,0.0442,4.43,21
2024-12-01,Southwest,SMB Platform,SO-005,33420.58,105,0.0317,4.43,14
2024-12-01,Southwest,SMB Platform,SO-006,28799.18,88,0.043,4.14,14
2024-12-01,Southwest,SMB Platform,SO-007,30353.94,108,0.0241,4.24,20
2024-12-01,Southwest,SMB Platform,SO-008,31028.43,75,0.0387,4.13,12
2024-12-01,Southwest,SMB Platform,SO-009,46705.85,152,0.1411,3.2,26
2024-12-01,Southwest,SMB Platform,SO-010,39677.27,118,0.0239,4.26,18
2024-12-01,Southwest,SMB Platform,SO-011,35780.84,101,0.0977,4.54,13
2024-12-01,Southwest,SMB Platform,SO-012,30886.44,94,0.1094,4.02,25
2024-12-01,Southwest,Professional Services,SO-001,26806.67,22,0.0018,4.28,33
2024-12-01,Southwest,Professional Services,SO-002,27955.93,24,0.0377,4.13,25
2024-12-01,Southwest,Professional Services,SO-003,19818.53,16,0.0859,3.73,25
2024-12-01,Southwest,Professional Services,SO-004,25593.65,23,0.0453,4.18,36
2024-12-01,Southwest,Professional Services,SO-005,24603.32,21,0.1227,4.25,33
2024-12-01,Southwest,Professional Services,SO-006,27624.01,22,0.0103,4.51,28
2024-12-01,Southwest,Professional Services,SO-007,31216.76,28,0.0698,3.71,19
2024-12-01,Southwest,Professional Services,SO-008,22397.45,19,0.0247,4.41,27
2024-12-01,Southwest,Professional Services,SO-009,28341.74,25,0.067,3.7,29
2024-12-01,Southwest,Professional Services,SO-010,31838.29,26,0.1394,3.63,22
2024-12-01,Southwest,Professional Services,SO-011,23821.33,19,0.1428,3.73,44
2024-12-01,Southwest,Professional Services,SO-012,23553.38,22,0.0648,3.99,29
2025-01-01,Northeast,Enterprise SaaS,NO-001,79351.76,115,0.0074,4.15,31
2025-01-01,Northeast,Enterprise SaaS,NO-002,64176.9,64,0.0748,3.88,48
2025-01-01,Northeast,Enterprise SaaS,NO-003,68224.5,70,0.1233,4.0,45
2025-01-01,Northeast,Enterprise SaaS,NO-004,67172.03,94,0.0082,3.96,55
2025-01-01,Northeast,Enterprise SaaS,NO-005,55265.36,57,0.041,4.63,60
2025-01-01,Northeast,Enterprise SaaS,NO-006,48578.58,41,0.0616,3.85,48
2025-01-01,Northeast,Enterprise SaaS,NO-007,65691.76,66,0.1358,3.38,53
2025-01-01,Northeast,Enterprise SaaS,NO-008,70345.01,63,0.0535,4.41,36
2025-01-01,Northeast,Enterprise SaaS,NO-009,49240.89,58,0.0733,3.81,51
2025-01-01,Northeast,Enterprise SaaS,NO-010,63305.97,82,0.0524,3.62,22
2025-01-01,Northeast,Enterprise SaaS,NO-011,70097.63,72,0.1108,4.48,57
2025-01-01,Northeast,Enterprise SaaS,NO-012,58140.41,65,0.0889,3.5,47
2025-01-01,Northeast,SMB Platform,NO-001,47594.04,160,0.0213,3.9,18
2025-01-01,Northeast,SMB Platform,NO-002,48145.02,152,0.0799,4.08,19
2025-01-01,Northeast,SMB Platform,NO-003,35199.8,120,0.0226,4.04,18
2025-01-01,Northeast,SMB Platform,NO-004,48334.64,124,0.1489,3.93,21
2025-01-01,Northeast,SMB Platform,NO-005,49103.02,172,0.1597,3.88,22
2025-01-01,Northeast,SMB Platform,NO-006,47275.28,176,0.0621,3.57,16
2025-01-01,Northeast,SMB Platform,NO-007,47609.02,160,0.0601,3.57,16
2025-01-01,Northeast,SMB Platform,NO-008,42171.07,150,0.0759,4.43,20
2025-01-01,Northeast,SMB Platform,NO-009,52946.64,171,0.0708,3.64,22
2025-01-01,Northeast,SMB Platform,NO-010,36259.45,117,0.0619,4.03,16
2025-01-01,Northeast,SMB Platform,NO-011,46980.13,134,0.0473,4.17,11
2025-01-01,Northeast,SMB Platform,NO-012,39738.72,130,0.0832,3.56,16
2025-01-01,Northeast,Professional Services,NO-001,34576.17,29,0.0837,3.73,29
2025-01-01,Northeast,Professional Services,NO-002,29486.36,22,0.042,4.35,34
2025-01-01,Northeast,Professional Services,NO-003,39481.47,34,0.0963,3.81,20
2025-01-01,Northeast,Professional Services,NO-004,30549.73,27,0.0773,4.1,37
2025-01-01,Northeast,Professional Services,NO-005,31318.18,28,0.045,4.16,20
2025-01-01,Northeast,Professional Services,NO-006,30708.71,29,0.0281,3.82,36
2025-01-01,Northeast,Professional Services,NO-007,31316.32,25,0.0883,3.9,24
2025-01-01,Northeast,Professional Services,NO-008,28351.76,18,0.042,4.47,37
2025-01-01,Northeast,Professional Services,NO-009,37797.95,37,0.0193,4.15,31
2025-01-01,Northeast,Professional Services,NO-010,28265.93,24,0.0643,3.8,35
2025-01-01,Northeast,Professional Services,NO-011,40527.4,31,0.032,4.06,28
2025-01-01,Northeast,Professional Services,NO-012,28408.48,20,0.083,4.05,28
2025-01-01,Southeast,Enterprise SaaS,SO-001,61150.76,58,0.0606,4.26,42
2025-01-01,Southeast,Enterprise SaaS,SO-002,72170.18,74,0.0679,3.93,52
2025-01-01,Southeast,Enterprise SaaS,SO-003,59767.0,66,0.0823,4.4,38
2025-01-01,Southeast,Enterprise SaaS,SO-004,45130.12,52,0.1362,3.64,38
2025-01-01,Southeast,Enterprise SaaS,SO-005,61326.96,77,0.0829,4.34,65
2025-01-01,Southeast,Enterprise SaaS,SO-006,66645.67,88,0.0406,3.82,36
2025-01-01,Southeast,Enterprise SaaS,SO-007,60341.4,65,0.0664,3.97,60
2025-01-01,Southeast,Enterprise SaaS,SO-008,66524.09,93,0.1358,4.01,49
2025-01-01,Southeast,Enterprise SaaS,SO-009,68554.0,78,0.0251,4.13,36
2025-01-01,Southeast,Enterprise SaaS,SO-010,62523.86,66,0.056,3.89,36
2025-01-01,Southeast,Enterprise SaaS,SO-011,47020.66,61,0.1327,3.94,45
2025-01-01,Southeast,Enterprise SaaS,SO-012,49126.31,62,0.0567,4.4,21
2025-01-01,Southeast,SMB Platform,SO-001,42384.48,139,0.088,3.84,17
2025-01-01,Southeast,SMB Platform,SO-002,39994.77,111,0.0542,4.17,17
2025-01-01,Southeast,SMB Platform,SO-003,45306.69,152,0.131,3.93,21
2025-01-01,Southeast,SMB Platform,SO-004,29070.15,95,0.0616,4.14,15
2025-01-01,Southeast,SMB Platform,SO-005,32866.84,93,0.0394,4.55,15
2025-01-01,Southeast,SMB Platform,SO-006,34755.44,130,0.1111,3.7,19
2025-01-01,Southeast,SMB Platform,SO-007,49635.89,140,0.0624,4.18,12
2025-01-01,Southeast,SMB Platform,SO-008,32907.06,110,0.0799,4.41,15
2025-01-01,Southeast,SMB Platform,SO-009,36510.62,120,0.0266,4.17,16
2025-01-01,Southeast,SMB Platform,SO-010,36819.67,125,0.0723,4.11,19
2025-01-01,Southeast,SMB Platform,SO-011,45739.3,150,0.0785,3.67,17
2025-01-01,Southeast,SMB Platform,SO-012,37566.24,127,0.0366,4.13,23
2025-01-01,Southeast,Professional Services,SO-001,28294.78,25,0.0704,4.49,29
2025-01-01,Southeast,Professional Services,SO-002,34612.88,27,0.0388,4.05,33
2025-01-01,Southeast,Professional Services,SO-003,32465.12,26,0.1064,3.87,31
2025-01-01,Southeast,Professional Services,SO-004,31457.12,28,0.0742,4.16,18
2025-01-01,Southeast,Professional Services,SO-005,27150.34,27,0.0286,4.22,31
2025-01-01,Southeast,Professional Services,SO-006,27532.13,23,0.0244,4.72,35
2025-01-01,Southeast,Professional Services,SO-007,26314.56,22,0.0358,4.32,33
2025-01-01,Southeast,Professional Services,SO-008,29312.96,26,0.0978,3.69,24
2025-01-01,Southeast,Professional Services,SO-009,23201.37,20,0.1344,3.78,26
2025-01-01,Southeast,Professional Services,SO-010,35278.55,31,0.0802,3.58,29
2025-01-01,Southeast,Professional Services,SO-011,32019.92,28,0.0208,4.49,30
2025-01-01,Southeast,Professional Services,SO-012,30986.6,26,0.029,4.05,38
2025-01-01,Midwest,Enterprise SaaS,MI-001,39262.99,44,0.1389,3.41,37
2025-01-01,Midwest,Enterprise SaaS,MI-002,52519.51,68,0.0712,4.19,54
2025-01-01,Midwest,Enterprise SaaS,MI-003,47365.67,54,0.1372,4.18,31
2025-01-01,Midwest,Enterprise SaaS,MI-004,41171.21,48,0.0247,4.74,48
2025-01-01,Midwest,Enterprise SaaS,MI-005,40985.84,41,0.1085,3.5,38
2025-01-01,Midwest,Enterprise SaaS,MI-006,50729.18,51,0.0174,4.33,36
2025-01-01,Midwest,Enterprise SaaS,MI-007,56410.63,66,0.0532,4.38,42
2025-01-01,Midwest,Enterprise SaaS,MI-008,39114.47,49,0.0141,5.0,49
2025-01-01,Midwest,Enterprise SaaS,MI-009,48016.57,69,0.0879,3.93,48
2025-01-01,Midwest,Enterprise SaaS,MI-010,45233.25,56,0.0437,3.36,47
2025-01-01,Midwest,Enterprise SaaS,MI-011,40438.82,39,0.1473,4.06,60
2025-01-01,Midwest,Enterprise SaaS,MI-012,46936.05,58,0.1268,4.12,53
2025-01-01,Midwest,SMB Platform,MI-001,37539.37,108,0.0652,3.82,16
2025-01-01,Midwest,SMB Platform,MI-002,36240.88,135,0.0793,4.01,16
2025-01-01,Midwest,SMB Platform,MI-003,30765.09,67,0.035,3.99,21
2025-01-01,Midwest,SMB Platform,MI-004,31379.39,91,0.0127,4.53,27
2025-01-01,Midwest,SMB Platform,MI-005,38440.79,120,0.0863,4.04,16
2025-01-01,Midwest,SMB Platform,MI-006,42139.9,110,0.0523,4.35,21
2025-01-01,Midwest,SMB Platform,MI-007,29686.29,91,0.0161,4.29,22
2025-01-01,Midwest,SMB Platform,MI-008,33416.34,113,0.0921,3.32,19
2025-01-01,Midwest,SMB Platform,MI-009,41429.6,109,0.0254,3.8,19
2025-01-01,Midwest,SMB Platform,MI-010,41973.86,117,0.0762,3.47,14
2025-01-01,Midwest,SMB Platform,MI-011,28059.78,93,0.0608,3.79,18
2025-01-01,Midwest,SMB Platform,MI-012,37010.05,117,0.0493,4.36,22
2025-01-01,Midwest,Professional Services,MI-001,30956.5,26,0.049,4.37,29
2025-01-01,Midwest,Professional Services,MI-002,22226.19,18,0.1326,3.69,19
2025-01-01,Midwest,Professional Services,MI-003,16714.37,13,0.0463,4.64,33
2025-01-01,Midwest,Professional Services,MI-004,20737.46,18,0.0368,4.01,23
2025-01-01,Midwest,Professional Services,MI-005,25707.86,22,0.0291,4.17,32
2025-01-01,Midwest,Professional Services,MI-006,29248.34,22,0.0868,4.46,22
2025-01-01,Midwest,Professional Services,MI-007,21697.51,17,0.0446,4.57,43
2025-01-01,Midwest,Professional Services,MI-008,23242.05,20,0.036,3.99,22
2025-01-01,Midwest,Professional Services,MI-009,27144.69,21,0.1034,4.17,25
2025-01-01,Midwest,Professional Services,MI-010,25042.39,19,0.0102,4.72,31
2025-01-01,Midwest,Professional Services,MI-011,23877.73,21,0.0384,4.18,28
2025-01-01,Midwest,Professional Services,MI-012,21395.02,17,0.0686,3.83,29
2025-01-01,West,Enterprise SaaS,WE-001,84261.39,99,0.0343,4.19,30
2025-01-01,West,Enterprise SaaS,WE-002,69406.27,94,0.0278,4.06,41
2025-01-01,West,Enterprise SaaS,WE-003,76768.1,83,0.0381,4.22,48
2025-01-01,West,Enterprise SaaS,WE-004,83796.12,94,0.0457,3.7,26
2025-01-01,West,Enterprise SaaS,WE-005,83362.43,117,0.0613,4.28,33
2025-01-01,West,Enterprise SaaS,WE-006,77236.94,89,0.0768,4.06,37
2025-01-01,West,Enterprise SaaS,WE-007,71067.94,87,0.108,3.82,38
2025-01-01,West,Enterprise SaaS,WE-008,80008.76,98,0.0508,4.06,45
2025-01-01,West,Enterprise SaaS,WE-009,77525.43,82,0.0116,4.25,48
2025-01-01,West,Enterprise SaaS,WE-010,69018.9,77,0.1674,4.07,32
2025-01-01,West,Enterprise SaaS,WE-011,79428.61,99,0.0621,3.58,41
2025-01-01,West,Enterprise SaaS,WE-012,77873.55,94,0.0561,4.01,47
2025-01-01,West,SMB Platform,WE-001,49328.56,135,0.1824,3.78,16
2025-01-01,West,SMB Platform,WE-002,58702.34,211,0.0527,4.67,21
2025-01-01,West,SMB Platform,WE-003,60251.86,165,0.0072,4.69,22
2025-01-01,West,SMB Platform,WE-004,56203.54,202,0.0569,4.11,20
2025-01-01,West,SMB Platform,WE-005,58605.52,182,0.0096,4.58,21
2025-01-01,West,SMB Platform,WE-006,49835.95,137,0.073,4.0,18
2025-01-01,West,SMB Platform,WE-007,41970.34,97,0.1195,3.87,21
2025-01-01,West,SMB Platform,WE-008,53110.88,171,0.0497,4.35,12
2025-01-01,West,SMB Platform,WE-009,59627.06,169,0.0548,4.06,16
2025-01-01,West,SMB Platform,WE-010,51198.91,161,0.0193,3.92,15
2025-01-01,West,SMB Platform,WE-011,56111.71,167,0.037,4.52,13
2025-01-01,West,SMB Platform,WE-012,50610.81,156,0.0517,3.62,11
2025-01-01,West,Professional Services,WE-001,36966.01,31,0.012,4.28,28
2025-01-01,West,Professional Services,WE-002,36194.35,29,0.1253,3.89,27
2025-01-01,West,Professional Services,WE-003,40862.49,37,0.1453,4.0,26
2025-01-01,West,Professional Services,WE-004,38568.86,34,0.1234,3.75,26
2025-01-01,West,Professional Services,WE-005,35637.36,32,0.0212,4.09,28
2025-01-01,West,Professional Services,WE-006,35044.96,27,0.124,3.71,26
2025-01-01,West,Professional Services,WE-007,32791.91,21,0.0772,3.15,39
2025-01-01,West,Professional Services,WE-008,33302.8,26,0.0997,4.54,35
2025-01-01,West,Professional Services,WE-009,29251.77,25,0.1032,3.84,34
2025-01-01,West,Professional Services,WE-010,38391.58,29,0.0437,4.32,34
2025-01-01,West,Professional Services,WE-011,40763.0,32,0.0239,4.0,33
2025-01-01,West,Professional Services,WE-012,28461.96,23,0.0925,3.69,28
2025-01-01,Southwest,Enterprise SaaS,SO-001,45104.34,45,0.1257,3.51,38
2025-01-01,Southwest,Enterprise SaaS,SO-002,47235.55,65,0.0131,4.15,43
2025-01-01,Southwest,Enterprise SaaS,SO-003,44997.02,53,0.0479,3.88,53
2025-01-01,Southwest,Enterprise SaaS,SO-004,43650.19,51,0.0076,4.11,37
2025-01-01,Southwest,Enterprise SaaS,SO-005,42574.65,53,0.0945,4.04,59
2025-01-01,Southwest,Enterprise SaaS,SO-006,44606.9,46,0.0375,3.32,46
2025-01-01,Southwest,Enterprise SaaS,SO-007,59326.33,61,0.0819,4.07,54
2025-01-01,Southwest,Enterprise SaaS,SO-008,44257.23,58,0.0469,4.45,51
2025-01-01,Southwest,Enterprise SaaS,SO-009,54344.37,60,0.0422,4.75,41
2025-01-01,Southwest,Enterprise SaaS,SO-010,57278.21,73,0.0788,3.72,44
2025-01-01,Southwest,Enterprise SaaS,SO-011,59085.05,65,0.0397,4.42,54
2025-01-01,Southwest,Enterprise SaaS,SO-012,53429.49,59,0.0958,3.44,44
2025-01-01,Southwest,SMB Platform,SO-001,28476.7,97,0.0692,4.58,18
2025-01-01,Southwest,SMB Platform,SO-002,31975.0,83,0.0385,3.83,20
2025-01-01,Southwest,SMB Platform,SO-003,37449.5,113,0.1191,3.8,15
2025-01-01,Southwest,SMB Platform,SO-004,41301.88,133,0.0264,4.16,18
2025-01-01,Southwest,SMB Platform,SO-005,33298.27,111,0.0903,3.69,15
2025-01-01,Southwest,SMB Platform,SO-006,29486.36,99,0.0502,3.91,19
2025-01-01,Southwest,SMB Platform,SO-007,29007.77,106,0.1386,3.69,17
2025-01-01,Southwest,SMB Platform,SO-008,34041.3,95,0.0628,3.98,14
2025-01-01,Southwest,SMB Platform,SO-009,29332.83,94,0.0701,3.74,19
2025-01-01,Southwest,SMB Platform,SO-010,38799.0,125,0.0921,3.94,19
2025-01-01,Southwest,SMB Platform,SO-011,32394.12,110,0.0967,4.03,20
2025-01-01,Southwest,SMB Platform,SO-012,29057.76,98,0.1109,4.04,22
2025-01-01,Southwest,Professional Services,SO-001,24521.25,19,0.0617,3.74,33
2025-01-01,Southwest,Professional Services,SO-002,25723.22,21,0.0619,3.8,34
2025-01-01,Southwest,Professional Services,SO-003,31130.2,29,0.0478,3.88,21
2025-01-01,Southwest,Professional Services,SO-004,17653.66,12,0.0237,3.62,29
2025-01-01,Southwest,Professional Services,SO-005,18395.39,14,0.0658,4.65,28
2025-01-01,Southwest,Professional Services,SO-006,24481.82,20,0.0326,3.95,39
2025-01-01,Southwest,Professional Services,SO-007,27760.8,24,0.1076,3.67,43
2025-01-01,Southwest,Professional Services,SO-008,21916.75,13,0.0196,3.9,18
2025-01-01,Southwest,Professional Services,SO-009,24363.87,17,0.0428,4.01,30
2025-01-01,Southwest,Professional Services,SO-010,20393.97,17,0.0763,4.16,32
2025-01-01,Southwest,Professional Services,SO-011,26953.21,23,0.0839,4.01,28
2025-01-01,Southwest,Professional Services,SO-012,21929.28,17,0.0084,4.24,29
2025-02-01,Northeast,Enterprise SaaS,NO-001,75582.9,89,0.0475,4.18,51
2025-02-01,Northeast,Enterprise SaaS,NO-002,74476.01,100,0.0252,3.8,52
2025-02-01,Northeast,Enterprise SaaS,NO-003,65002.03,91,0.0301,3.92,52
2025-02-01,Northeast,Enterprise SaaS,NO-004,68897.73,77,0.016,3.84,38
2025-02-01,Northeast,Enterprise SaaS,NO-005,81435.16,92,0.0962,3.96,40
2025-02-01,Northeast,Enterprise SaaS,NO-006,70627.64,83,0.0738,4.49,52
2025-02-01,Northeast,Enterprise SaaS,NO-007,67799.14,67,0.0374,4.06,48
2025-02-01,Northeast,Enterprise SaaS,NO-008,58292.17,71,0.1085,4.33,35
2025-02-01,Northeast,Enterprise SaaS,NO-009,86827.48,117,0.1211,3.94,38
2025-02-01,Northeast,Enterprise SaaS,NO-010,65786.36,76,0.0193,4.36,45
2025-02-01,Northeast,Enterprise SaaS,NO-011,62588.9,83,0.0117,4.51,53
2025-02-01,Northeast,Enterprise SaaS,NO-012,68565.13,85,0.0634,3.96,52
2025-02-01,Northeast,SMB Platform,NO-001,45255.81,144,0.0879,4.07,20
2025-02-01,Northeast,SMB Platform,NO-002,54004.12,145,0.0265,3.8,16
2025-02-01,Northeast,SMB Platform,NO-003,37098.36,117,0.0672,3.8,23
2025-02-01,Northeast,SMB Platform,NO-004,49613.67,172,0.0122,4.07,20
2025-02-01,Northeast,SMB Platform,NO-005,41380.13,129,0.0155,3.59,19
2025-02-01,Northeast,SMB Platform,NO-006,43438.99,150,0.0342,3.47,18
2025-02-01,Northeast,SMB Platform,NO-007,46451.61,155,0.0731,4.38,13
2025-02-01,Northeast,SMB Platform,NO-008,60924.23,172,0.0401,4.15,14
2025-02-01,Northeast,SMB Platform,NO-009,55646.65,142,0.0982,4.12,19
2025-02-01,Northeast,SMB Platform,NO-010,53461.39,165,0.1329,3.68,16
2025-02-01,Northeast,SMB Platform,NO-011,48237.55,163,0.0155,4.3,21
2025-02-01,Northeast,SMB Platform,NO-012,45517.64,149,0.1404,3.46,20
2025-02-01,Northeast,Professional Services,NO-001,34312.99,26,0.0602,4.32,31
2025-02-01,Northeast,Professional Services,NO-002,28110.81,22,0.0382,3.66,27
2025-02-01,Northeast,Professional Services,NO-003,34672.01,28,0.0946,4.07,31
2025-02-01,Northeast,Professional Services,NO-004,37364.73,35,0.1133,3.86,31
2025-02-01,Northeast,Professional Services,NO-005,37383.08,29,0.0521,3.55,27
2025-02-01,Northeast,Professional Services,NO-006,27597.59,26,0.0783,3.99,32
2025-02-01,Northeast,Professional Services,NO-007,33824.75,29,0.022,4.26,26
2025-02-01,Northeast,Professional Services,NO-008,31992.25,23,0.1529,3.85,21
2025-02-01,Northeast,Professional Services,NO-009,36200.53,29,0.0272,4.66,28
2025-02-01,Northeast,Professional Services,NO-010,32650.0,26,0.0804,4.28,26
2025-02-01,Northeast,Professional Services,NO-011,22895.47,18,0.0292,4.36,32
2025-02-01,Northeast,Professional Services,NO-012,29808.91,26,0.0369,3.75,35
2025-02-01,Southeast,Enterprise SaaS,SO-001,65015.69,88,0.1436,3.22,45
2025-02-01,Southeast,Enterprise SaaS,SO-002,46955.92,44,0.0714,4.12,55
2025-02-01,Southeast,Enterprise SaaS,SO-003,63432.69,75,0.0612,3.32,48
2025-02-01,Southeast,Enterprise SaaS,SO-004,61036.44,55,0.0373,3.85,26
2025-02-01,Southeast,Enterprise SaaS,SO-005,68079.64,78,0.0663,3.51,32
2025-02-01,Southeast,Enterprise SaaS,SO-006,68050.76,69,0.0233,4.12,44
2025-02-01,Southeast,Enterprise SaaS,SO-007,74499.62,83,0.0151,4.41,37
2025-02-01,Southeast,Enterprise SaaS,SO-008,44597.24,52,0.0349,3.5,43
2025-02-01,Southeast,Enterprise SaaS,SO-009,47410.7,54,0.1311,3.28,47
2025-02-01,Southeast,Enterprise SaaS,SO-010,47952.42,56,0.0727,3.91,39
2025-02-01,Southeast,Enterprise SaaS,SO-011,50869.84,65,0.0649,4.15,47
2025-02-01,Southeast,Enterprise SaaS,SO-012,46488.79,55,0.0398,3.99,54
2025-02-01,Southeast,SMB Platform,SO-001,40049.05,116,0.0208,4.43,14
2025-02-01,Southeast,SMB Platform,SO-002,36362.11,124,0.02,4.47,28
2025-02-01,Southeast,SMB Platform,SO-003,29983.05,88,0.086,4.06,17
2025-02-01,Southeast,SMB Platform,SO-004,36530.95,109,0.0232,3.6,21
2025-02-01,Southeast,SMB Platform,SO-005,35238.02,106,0.039,4.03,12
2025-02-01,Southeast,SMB Platform,SO-006,35810.57,103,0.0692,4.87,17
2025-02-01,Southeast,SMB Platform,SO-007,36792.09,89,0.0949,3.59,14
2025-02-01,Southeast,SMB Platform,SO-008,40601.95,118,0.0171,4.2,23
2025-02-01,Southeast,SMB Platform,SO-009,37914.45,151,0.0598,3.95,19
2025-02-01,Southeast,SMB Platform,SO-010,42074.47,137,0.0493,4.31,17
2025-02-01,Southeast,SMB Platform,SO-011,46101.9,146,0.0929,3.78,17
2025-02-01,Southeast,SMB Platform,SO-012,49210.23,169,0.0671,3.82,23
2025-02-01,Southeast,Professional Services,SO-001,24273.11,21,0.0204,4.42,32
2025-02-01,Southeast,Professional Services,SO-002,30305.31,30,0.0134,4.45,31
2025-02-01,Southeast,Professional Services,SO-003,26642.65,25,0.0301,3.82,24
2025-02-01,Southeast,Professional Services,SO-004,38390.39,31,0.0655,3.71,25
2025-02-01,Southeast,Professional Services,SO-005,28707.63,27,0.0639,3.83,35
2025-02-01,Southeast,Professional Services,SO-006,25845.79,20,0.044,4.15,32
2025-02-01,Southeast,Professional Services,SO-007,31558.35,30,0.1341,4.09,37
2025-02-01,Southeast,Professional Services,SO-008,29501.96,26,0.0751,4.18,23
2025-02-01,Southeast,Professional Services,SO-009,25256.29,24,0.0956,3.76,38
2025-02-01,Southeast,Professional Services,SO-010,21389.48,17,0.0572,4.3,38
2025-02-01,Southeast,Professional Services,SO-011,33743.96,25,0.0553,4.24,24
2025-02-01,Southeast,Professional Services,SO-012,34345.77,32,0.0344,4.15,22
2025-02-01,Midwest,Enterprise SaaS,MI-001,45786.7,56,0.0466,4.33,40
2025-02-01,Midwest,Enterprise SaaS,MI-002,54503.15,60,0.0649,3.93,67
2025-02-01,Midwest,Enterprise SaaS,MI-003,54800.71,54,0.0551,3.44,35
2025-02-01,Midwest,Enterprise SaaS,MI-004,56290.64,59,0.0686,4.43,47
2025-02-01,Midwest,Enterprise SaaS,MI-005,47809.86,55,0.0933,4.02,52
2025-02-01,Midwest,Enterprise SaaS,MI-006,52597.05,64,0.0299,4.07,49
2025-02-01,Midwest,Enterprise SaaS,MI-007,55994.74,58,0.0377,3.85,50
2025-02-01,Midwest,Enterprise SaaS,MI-008,49272.12,63,0.0485,3.4,36
2025-02-01,Midwest,Enterprise SaaS,MI-009,51121.73,60,0.0842,4.49,41
2025-02-01,Midwest,Enterprise SaaS,MI-010,42867.42,50,0.0701,4.37,59
2025-02-01,Midwest,Enterprise SaaS,MI-011,49990.99,56,0.0154,4.74,44
2025-02-01,Midwest,Enterprise SaaS,MI-012,60062.94,68,0.066,4.2,57
2025-02-01,Midwest,SMB Platform,MI-001,36094.84,107,0.0792,4.3,17
2025-02-01,Midwest,SMB Platform,MI-002,41476.79,131,0.1094,3.97,21
2025-02-01,Midwest,SMB Platform,MI-003,36526.54,116,0.0753,3.71,15
2025-02-01,Midwest,SMB Platform,MI-004,35304.04,104,0.0721,4.1,20
2025-02-01,Midwest,SMB Platform,MI-005,35398.07,130,0.0789,3.26,13
2025-02-01,Midwest,SMB Platform,MI-006,32829.38,98,0.02,3.86,18
2025-02-01,Midwest,SMB Platform,MI-007,35889.68,128,0.0377,4.19,14
2025-02-01,Midwest,SMB Platform,MI-008,42622.88,144,0.1359,3.94,16
2025-02-01,Midwest,SMB Platform,MI-009,37858.46,110,0.0568,4.05,17
2025-02-01,Midwest,SMB Platform,MI-010,30555.94,87,0.0712,4.01,14
2025-02-01,Midwest,SMB Platform,MI-011,29279.53,97,0.0396,4.37,13
2025-02-01,Midwest,SMB Platform,MI-012,34704.05,117,0.0151,4.13,15
2025-02-01,Midwest,Professional Services,MI-001,29563.17,25,0.0342,3.69,29
2025-02-01,Midwest,Professional Services,MI-002,25324.43,20,0.0656,3.69,30
2025-02-01,Midwest,Professional Services,MI-003,26360.98,19,0.0761,3.61,31
2025-02-01,Midwest,Professional Services,MI-004,20345.86,18,0.038,3.51,29
2025-02-01,Midwest,Professional Services,MI-005,31986.95,23,0.0358,4.23,32
2025-02-01,Midwest,Professional Services,MI-006,23902.52,17,0.0922,3.68,26
2025-02-01,Midwest,Professional Services,MI-007,21699.57,19,0.0162,4.14,41
2025-02-01,Midwest,Professional Services,MI-008,24060.27,21,0.1202,3.91,31
2025-02-01,Midwest,Professional Services,MI-009,29926.73,26,0.1157,4.14,27
2025-02-01,Midwest,Professional Services,MI-010,24195.55,21,0.0175,4.7,30
2025-02-01,Midwest,Professional Services,MI-011,24680.0,19,0.0043,4.35,28
2025-02-01,Midwest,Professional Services,MI-012,27404.22,23,0.0601,3.58,33
2025-02-01,West,Enterprise SaaS,WE-001,69648.62,68,0.0509,3.46,46
2025-02-01,West,Enterprise SaaS,WE-002,77402.8,87,0.068,3.48,44
2025-02-01,West,Enterprise SaaS,WE-003,73162.04,72,0.0522,4.62,35
2025-02-01,West,Enterprise SaaS,WE-004,65717.18,75,0.058,3.9,41
2025-02-01,West,Enterprise SaaS,WE-005,65327.6,59,0.1171,3.73,56
2025-02-01,West,Enterprise SaaS,WE-006,70953.06,95,0.0237,4.24,41
2025-02-01,West,Enterprise SaaS,WE-007,67950.61,65,0.0474,4.2,45
2025-02-01,West,Enterprise SaaS,WE-008,74071.56,92,0.1471,3.76,45
2025-02-01,West,Enterprise SaaS,WE-009,70561.05,97,0.0723,3.78,34
2025-02-01,West,Enterprise SaaS,WE-010,95419.68,114,0.0455,3.72,53
2025-02-01,West,Enterprise SaaS,WE-011,71352.16,81,0.0532,3.83,43
2025-02-01,West,Enterprise SaaS,WE-012,81717.55,94,0.0814,3.81,46
2025-02-01,West,SMB Platform,WE-001,46236.98,128,0.0268,4.38,21
2025-02-01,West,SMB Platform,WE-002,47803.92,162,0.0668,3.99,19
2025-02-01,West,SMB Platform,WE-003,47126.58,164,0.0539,3.99,11
2025-02-01,West,SMB Platform,WE-004,45522.65,143,0.029,3.76,17
2025-02-01,West,SMB Platform,WE-005,63668.9,196,0.003,4.34,19
2025-02-01,West,SMB Platform,WE-006,59459.76,201,0.0224,4.27,14
2025-02-01,West,SMB Platform,WE-007,53114.67,126,0.0399,3.75,20
2025-02-01,West,SMB Platform,WE-008,47199.41,153,0.0554,4.43,21
2025-02-01,West,SMB Platform,WE-009,61446.33,194,0.1007,3.73,21
2025-02-01,West,SMB Platform,WE-010,59785.6,173,0.0514,3.97,15
2025-02-01,West,SMB Platform,WE-011,55319.49,171,0.1381,4.41,18
2025-02-01,West,SMB Platform,WE-012,53291.85,191,0.0969,3.59,18
2025-02-01,West,Professional Services,WE-001,36326.92,33,0.1446,4.24,24
2025-02-01,West,Professional Services,WE-002,33067.7,22,0.0148,3.8,30
2025-02-01,West,Professional Services,WE-003,29157.15,23,0.058,4.12,31
2025-02-01,West,Professional Services,WE-004,32603.97,22,0.1172,3.66,21
2025-02-01,West,Professional Services,WE-005,39745.81,33,0.0655,3.37,31
2025-02-01,West,Professional Services,WE-006,39670.24,37,0.0193,4.07,29
2025-02-01,West,Professional Services,WE-007,36114.04,36,0.0875,3.33,27
2025-02-01,West,Professional Services,WE-008,35185.93,35,0.0852,3.97,39
2025-02-01,West,Professional Services,WE-009,39120.3,31,0.0869,3.5,33
2025-02-01,West,Professional Services,WE-010,33524.72,32,0.0144,3.96,30
2025-02-01,West,Professional Services,WE-011,38241.61,32,0.0475,4.29,40
2025-02-01,West,Professional Services,WE-012,35008.71,27,0.109,4.09,23
2025-02-01,Southwest,Enterprise SaaS,SO-001,41220.18,41,0.0585,4.14,45
2025-02-01,Southwest,Enterprise SaaS,SO-002,45204.94,53,0.0277,4.63,42
2025-02-01,Southwest,Enterprise SaaS,SO-003,54308.52,53,0.0272,4.09,41
2025-02-01,Southwest,Enterprise SaaS,SO-004,56086.1,60,0.1493,3.54,38
2025-02-01,Southwest,Enterprise SaaS,SO-005,54143.8,62,0.0813,4.15,31
2025-02-01,Southwest,Enterprise SaaS,SO-006,48358.38,55,0.0097,4.52,31
2025-02-01,Southwest,Enterprise SaaS,SO-007,42086.95,53,0.0505,3.91,45
2025-02-01,Southwest,Enterprise SaaS,SO-008,56488.02,60,0.0855,3.91,59
2025-02-01,Southwest,Enterprise SaaS,SO-009,44126.97,46,0.0312,4.13,42
2025-02-01,Southwest,Enterprise SaaS,SO-010,47474.16,54,0.0159,4.51,47
2025-02-01,Southwest,Enterprise SaaS,SO-011,61926.72,77,0.0436,4.29,44
2025-02-01,Southwest,Enterprise SaaS,SO-012,54920.3,62,0.1047,4.1,41
2025-02-01,Southwest,SMB Platform,SO-001,35325.62,110,0.0541,4.22,16
2025-02-01,Southwest,SMB Platform,SO-002,34130.51,91,0.068,3.57,14
2025-02-01,Southwest,SMB Platform,SO-003,39589.92,107,0.0953,4.1,22
2025-02-01,Southwest,SMB Platform,SO-004,35760.8,104,0.0782,4.05,18
2025-02-01,Southwest,SMB Platform,SO-005,40731.43,119,0.0598,4.08,18
2025-02-01,Southwest,SMB Platform,SO-006,38061.07,119,0.0411,4.02,18
2025-02-01,Southwest,SMB Platform,SO-007,39030.01,121,0.0905,3.92,20
2025-02-01,Southwest,SMB Platform,SO-008,27463.14,76,0.0684,4.04,19
2025-02-01,Southwest,SMB Platform,SO-009,26136.29,68,0.0936,3.79,19
2025-02-01,Southwest,SMB Platform,SO-010,43577.82,148,0.0857,3.72,18
2025-02-01,Southwest,SMB Platform,SO-011,27824.65,93,0.0509,4.43,17
2025-02-01,Southwest,SMB Platform,SO-012,27021.06,96,0.0433,3.96,20
2025-02-01,Southwest,Professional Services,SO-001,21465.8,12,0.2741,3.58,25
2025-02-01,Southwest,Professional Services,SO-002,24120.52,22,0.0483,3.58,28
2025-02-01,Southwest,Professional Services,SO-003,20218.42,17,0.1069,4.55,21
2025-02-01,Southwest,Professional Services,SO-004,33434.54,24,0.1533,3.66,29
2025-02-01,Southwest,Professional Services,SO-005,31880.9,26,0.0504,3.91,30
2025-02-01,Southwest,Professional Services,SO-006,30846.46,26,0.0409,4.05,31
2025-02-01,Southwest,Professional Services,SO-007,21647.68,17,0.0262,3.72,36
2025-02-01,Southwest,Professional Services,SO-008,23036.41,20,0.0454,4.46,34
2025-02-01,Southwest,Professional Services,SO-009,24206.99,17,0.0228,3.96,37
2025-02-01,Southwest,Professional Services,SO-010,23733.38,22,0.0607,3.92,30
2025-02-01,Southwest,Professional Services,SO-011,30612.41,27,0.1357,3.76,29
2025-02-01,Southwest,Professional Services,SO-012,25749.98,20,0.0613,4.07,35
2025-03-01,Northeast,Enterprise SaaS,NO-001,60440.33,70,0.05,3.98,31
2025-03-01,Northeast,Enterprise SaaS,NO-002,74904.52,104,0.116,3.78,43
2025-03-01,Northeast,Enterprise SaaS,NO-003,65068.3,73,0.0609,3.7,40
2025-03-01,Northeast,Enterprise SaaS,NO-004,63820.3,78,0.0636,4.38,52
2025-03-01,Northeast,Enterprise SaaS,NO-005,69150.29,86,0.0061,4.03,54
2025-03-01,Northeast,Enterprise SaaS,NO-006,69417.29,76,0.0962,3.82,51
2025-03-01,Northeast,Enterprise SaaS,NO-007,63941.76,79,0.0575,4.3,40
2025-03-01,Northeast,Enterprise SaaS,NO-008,79341.38,80,0.0589,4.32,36
2025-03-01,Northeast,Enterprise SaaS,NO-009,81411.43,98,0.0458,4.14,51
2025-03-01,Northeast,Enterprise SaaS,NO-010,56981.35,74,0.0759,3.29,36
2025-03-01,Northeast,Enterprise SaaS,NO-011,71239.81,86,0.0177,4.78,61
2025-03-01,Northeast,Enterprise SaaS,NO-012,68030.1,77,0.0929,3.84,38
2025-03-01,Northeast,SMB Platform,NO-001,46268.65,145,0.0996,3.6,21
2025-03-01,Northeast,SMB Platform,NO-002,46476.4,170,0.0364,4.03,14
2025-03-01,Northeast,SMB Platform,NO-003,39763.91,107,0.033,3.89,21
2025-03-01,Northeast,SMB Platform,NO-004,53676.3,168,0.0843,3.94,22
2025-03-01,Northeast,SMB Platform,NO-005,43938.51,129,0.1056,4.2,15
2025-03-01,Northeast,SMB Platform,NO-006,47368.71,116,0.036,4.11,18
2025-03-01,Northeast,SMB Platform,NO-007,35372.62,109,0.1021,3.9,18
2025-03-01,Northeast,SMB Platform,NO-008,55323.39,166,0.143,3.74,19
2025-03-01,Northeast,SMB Platform,NO-009,50629.8,173,0.024,3.83,19
2025-03-01,Northeast,SMB Platform,NO-010,41102.14,130,0.0702,3.95,14
2025-03-01,Northeast,SMB Platform,NO-011,50019.43,166,0.0341,4.29,24
2025-03-01,Northeast,SMB Platform,NO-012,50890.23,169,0.1636,3.79,17
2025-03-01,Northeast,Professional Services,NO-001,35083.67,28,0.0137,4.18,23
2025-03-01,Northeast,Professional Services,NO-002,29653.59,21,0.0304,4.09,29
2025-03-01,Northeast,Professional Services,NO-003,32578.07,25,0.0419,3.96,31
2025-03-01,Northeast,Professional Services,NO-004,45567.91,34,0.0679,3.63,28
2025-03-01,Northeast,Professional Services,NO-005,38115.47,31,0.0984,4.42,22
2025-03-01,Northeast,Professional Services,NO-006,29072.01,24,0.0186,3.52,32
2025-03-01,Northeast,Professional Services,NO-007,30340.68,24,0.0759,3.89,23
2025-03-01,Northeast,Professional Services,NO-008,31677.22,22,0.0485,4.23,44
2025-03-01,Northeast,Professional Services,NO-009,31536.05,25,0.0702,3.62,26
2025-03-01,Northeast,Professional Services,NO-010,29403.83,21,0.1513,3.28,38
2025-03-01,Northeast,Professional Services,NO-011,39835.02,30,0.0399,4.37,35
2025-03-01,Northeast,Professional Services,NO-012,28978.21,22,0.0594,4.19,33
2025-03-01,Southeast,Enterprise SaaS,SO-001,74575.41,73,0.0508,3.72,47
2025-03-01,Southeast,Enterprise SaaS,SO-002,50310.47,61,0.0225,4.11,55
2025-03-01,Southeast,Enterprise SaaS,SO-003,65173.86,79,0.159,3.54,51
2025-03-01,Southeast,Enterprise SaaS,SO-004,52295.16,70,0.0378,4.24,56
2025-03-01,Southeast,Enterprise SaaS,SO-005,65749.62,74,0.033,4.19,49
2025-03-01,Southeast,Enterprise SaaS,SO-006,67593.08,80,0.0841,4.55,49
2025-03-01,Southeast,Enterprise SaaS,SO-007,65342.49,69,0.0848,4.41,53
2025-03-01,Southeast,Enterprise SaaS,SO-008,73837.34,93,0.0171,3.82,53
2025-03-01,Southeast,Enterprise SaaS,SO-009,58746.24,69,0.0304,4.82,52
2025-03-01,Southeast,Enterprise SaaS,SO-010,65397.79,79,0.0769,4.21,33
2025-03-01,Southeast,Enterprise SaaS,SO-011,56563.58,67,0.043,3.8,53
2025-03-01,Southeast,Enterprise SaaS,SO-012,56103.49,69,0.1049,4.1,54
2025-03-01,Southeast,SMB Platform,SO-001,40948.94,109,0.0931,3.77,17
2025-03-01,Southeast,SMB Platform,SO-002,39824.39,113,0.0335,3.89,21
2025-03-01,Southeast,SMB Platform,SO-003,49247.19,153,0.1489,3.58,16
2025-03-01,Southeast,SMB Platform,SO-004,41443.07,132,0.0965,3.58,23
2025-03-01,Southeast,SMB Platform,SO-005,39226.19,123,0.0605,4.09,24
2025-03-01,Southeast,SMB Platform,SO-006,51982.53,135,0.0831,4.0,21
2025-03-01,Southeast,SMB Platform,SO-007,46904.74,154,0.0207,4.7,21
2025-03-01,Southeast,SMB Platform,SO-008,44119.85,135,0.113,4.25,13
2025-03-01,Southeast,SMB Platform,SO-009,49880.26,149,0.073,4.37,20
2025-03-01,Southeast,SMB Platform,SO-010,33818.83,105,0.1245,4.03,9
2025-03-01,Southeast,SMB Platform,SO-011,48524.31,134,0.0372,3.82,19
2025-03-01,Southeast,SMB Platform,SO-012,39612.32,123,0.0527,3.63,16
2025-03-01,Southeast,Professional Services,SO-001,32898.11,28,0.1006,4.11,26
2025-03-01,Southeast,Professional Services,SO-002,34928.06,31,0.074,4.12,32
2025-03-01,Southeast,Professional Services,SO-003,31182.56,25,0.0453,4.29,31
2025-03-01,Southeast,Professional Services,SO-004,31898.69,24,0.0279,3.54,31
2025-03-01,Southeast,Professional Services,SO-005,31684.51,24,0.0826,3.54,32
2025-03-01,Southeast,Professional Services,SO-006,32858.67,21,0.0501,4.17,33
2025-03-01,Southeast,Professional Services,SO-007,31427.45,31,0.1274,3.93,24
2025-03-01,Southeast,Professional Services,SO-008,22280.9,17,0.1113,3.57,30
2025-03-01,Southeast,Professional Services,SO-009,34191.53,31,0.1397,4.36,31
2025-03-01,Southeast,Professional Services,SO-010,23746.41,19,0.1068,4.24,34
2025-03-01,Southeast,Professional Services,SO-011,27549.17,20,0.0794,4.13,34
2025-03-01,Southeast,Professional Services,SO-012,31465.58,22,0.0585,3.98,26
2025-03-01,Midwest,Enterprise SaaS,MI-001,58123.81,71,0.0701,3.95,39
2025-03-01,Midwest,Enterprise SaaS,MI-002,56755.83,71,0.1626,4.3,50
2025-03-01,Midwest,Enterprise SaaS,MI-003,48279.62,58,0.0526,3.85,46
2025-03-01,Midwest,Enterprise SaaS,MI-004,66329.78,79,0.0669,3.37,49
2025-03-01,Midwest,Enterprise SaaS,MI-005,52537.17,64,0.1501,3.85,47
2025-03-01,Midwest,Enterprise SaaS,MI-006,62004.15,77,0.0283,4.32,42
2025-03-01,Midwest,Enterprise SaaS,MI-007,70829.94,75,0.0287,4.66,47
2025-03-01,Midwest,Enterprise SaaS,MI-008,46351.51,51,0.1774,3.95,42
2025-03-01,Midwest,Enterprise SaaS,MI-009,60871.15,57,0.0831,3.98,37
2025-03-01,Midwest,Enterprise SaaS,MI-010,48726.34,53,0.0194,4.16,51
2025-03-01,Midwest,Enterprise SaaS,MI-011,47264.19,58,0.0752,4.23,47
2025-03-01,Midwest,Enterprise SaaS,MI-012,54197.89,75,0.1143,3.34,29
2025-03-01,Midwest,SMB Platform,MI-001,43733.77,111,0.0835,4.12,19
2025-03-01,Midwest,SMB Platform,MI-002,35798.87,107,0.0265,4.06,22
2025-03-01,Midwest,SMB Platform,MI-003,42468.16,151,0.0856,4.69,18
2025-03-01,Midwest,SMB Platform,MI-004,44692.05,146,0.1112,4.2,11
2025-03-01,Midwest,SMB Platform,MI-005,45361.1,124,0.1461,4.32,15
2025-03-01,Midwest,SMB Platform,MI-006,32325.52,110,0.0193,4.23,15
2025-03-01,Midwest,SMB Platform,MI-007,31694.83,112,0.0399,3.97,28
2025-03-01,Midwest,SMB Platform,MI-008,39908.13,119,0.0132,4.72,19
2025-03-01,Midwest,SMB Platform,MI-009,33221.9,101,0.0632,4.17,17
2025-03-01,Midwest,SMB Platform,MI-010,43098.26,129,0.1847,3.76,22
2025-03-01,Midwest,SMB Platform,MI-011,49926.8,156,0.0334,3.7,26
2025-03-01,Midwest,SMB Platform,MI-012,39774.24,145,0.0872,3.93,17
2025-03-01,Midwest,Professional Services,MI-001,26401.44,23,0.0702,4.31,28
2025-03-01,Midwest,Professional Services,MI-002,26454.39,19,0.1257,3.81,22
2025-03-01,Midwest,Professional Services,MI-003,23960.95,17,0.133,4.04,29
2025-03-01,Midwest,Professional Services,MI-004,29226.24,25,0.0152,4.11,41
2025-03-01,Midwest,Professional Services,MI-005,29241.93,20,0.0566,3.67,16
2025-03-01,Midwest,Professional Services,MI-006,22350.05,18,0.1231,3.58,31
2025-03-01,Midwest,Professional Services,MI-007,23598.28,18,0.0585,3.84,31
2025-03-01,Midwest,Professional Services,MI-008,26135.61,23,0.0514,4.1,27
2025-03-01,Midwest,Professional Services,MI-009,29187.39,22,0.0805,4.48,34
2025-03-01,Midwest,Professional Services,MI-010,33795.18,30,0.0704,4.19,28
2025-03-01,Midwest,Professional Services,MI-011,30356.74,27,0.0578,3.97,29
2025-03-01,Midwest,Professional Services,MI-012,19758.22,16,0.044,4.07,40
2025-03-01,West,Enterprise SaaS,WE-001,104067.51,117,0.1113,3.64,24
2025-03-01,West,Enterprise SaaS,WE-002,54243.85,57,0.0677,3.43,43
2025-03-01,West,Enterprise SaaS,WE-003,76177.04,92,0.1279,4.12,52
2025-03-01,West,Enterprise SaaS,WE-004,81059.09,95,0.0851,3.81,48
2025-03-01,West,Enterprise SaaS,WE-005,93199.55,119,0.0232,3.46,32
2025-03-01,West,Enterprise SaaS,WE-006,77978.73,92,0.0726,4.05,48
2025-03-01,West,Enterprise SaaS,WE-007,73279.21,86,0.0457,3.67,47
2025-03-01,West,Enterprise SaaS,WE-008,101419.78,122,0.1975,3.5,22
2025-03-01,West,Enterprise SaaS,WE-009,82411.83,96,0.0336,3.91,52
2025-03-01,West,Enterprise SaaS,WE-010,85674.02,117,0.0433,4.11,51
2025-03-01,West,Enterprise SaaS,WE-011,76763.32,79,0.029,4.1,48
2025-03-01,West,Enterprise SaaS,WE-012,65146.91,87,0.0327,3.67,58
2025-03-01,West,SMB Platform,WE-001,64949.14,202,0.0308,3.51,11
2025-03-01,West,SMB Platform,WE-002,51286.44,139,0.03,4.24,21
2025-03-01,West,SMB Platform,WE-003,48999.43,163,0.0195,4.47,22
2025-03-01,West,SMB Platform,WE-004,49870.33,173,0.1046,4.15,16
2025-03-01,West,SMB Platform,WE-005,50612.58,162,0.0878,3.67,19
2025-03-01,West,SMB Platform,WE-006,57137.43,190,0.0655,4.53,19
2025-03-01,West,SMB Platform,WE-007,48234.21,136,0.0929,4.65,18
2025-03-01,West,SMB Platform,WE-008,56666.95,185,0.0397,3.96,14
2025-03-01,West,SMB Platform,WE-009,46677.25,136,0.0511,3.88,24
2025-03-01,West,SMB Platform,WE-010,70460.79,230,0.0427,4.03,21
2025-03-01,West,SMB Platform,WE-011,47724.16,137,0.0389,3.88,21
2025-03-01,West,SMB Platform,WE-012,64075.11,241,0.0763,3.65,18
2025-03-01,West,Professional Services,WE-001,34026.32,29,0.0804,3.86,24
2025-03-01,West,Professional Services,WE-002,46898.27,37,0.0302,4.1,35
2025-03-01,West,Professional Services,WE-003,34514.48,29,0.1194,4.29,23
2025-03-01,West,Professional Services,WE-004,40316.17,36,0.0792,4.45,33
2025-03-01,West,Professional Services,WE-005,35722.92,29,0.1163,3.33,35
2025-03-01,West,Professional Services,WE-006,30802.39,28,0.0157,4.18,29
2025-03-01,West,Professional Services,WE-007,43516.65,41,0.0508,4.22,28
2025-03-01,West,Professional Services,WE-008,44293.02,36,0.14,4.02,31
2025-03-01,West,Professional Services,WE-009,36954.19,34,0.0949,3.7,31
2025-03-01,West,Professional Services,WE-010,36587.72,28,0.0404,4.19,28
2025-03-01,West,Professional Services,WE-011,40645.65,33,0.1064,3.94,22
2025-03-01,West,Professional Services,WE-012,43100.85,33,0.0474,3.82,32
2025-03-01,Southwest,Enterprise SaaS,SO-001,55597.1,67,0.1046,3.72,36
2025-03-01,Southwest,Enterprise SaaS,SO-002,60606.01,76,0.044,3.9,59
2025-03-01,Southwest,Enterprise SaaS,SO-003,56295.66,85,0.1359,3.82,51
2025-03-01,Southwest,Enterprise SaaS,SO-004,49062.78,50,0.0446,3.7,25
2025-03-01,Southwest,Enterprise SaaS,SO-005,49689.25,56,0.0659,3.74,42
2025-03-01,Southwest,Enterprise SaaS,SO-006,61441.24,66,0.1091,3.58,51
2025-03-01,Southwest,Enterprise SaaS,SO-007,61210.96,71,0.1501,3.79,53
2025-03-01,Southwest,Enterprise SaaS,SO-008,41882.95,51,0.0264,3.84,40
2025-03-01,Southwest,Enterprise SaaS,SO-009,42109.18,55,0.0124,4.27,47
2025-03-01,Southwest,Enterprise SaaS,SO-010,62703.34,79,0.0795,4.13,41
2025-03-01,Southwest,Enterprise SaaS,SO-011,62441.46,70,0.0588,3.9,53
2025-03-01,Southwest,Enterprise SaaS,SO-012,57637.59,66,0.0734,4.21,59
2025-03-01,Southwest,SMB Platform,SO-001,34140.3,98,0.0428,3.63,18
2025-03-01,Southwest,SMB Platform,SO-002,43806.65,135,0.0216,4.03,13
2025-03-01,Southwest,SMB Platform,SO-003,41130.23,107,0.1101,3.59,11
2025-03-01,Southwest,SMB Platform,SO-004,31468.65,103,0.0719,3.96,19
2025-03-01,Southwest,SMB Platform,SO-005,42108.15,153,0.0134,4.06,19
2025-03-01,Southwest,SMB Platform,SO-006,29538.91,111,0.0601,3.93,12
2025-03-01,Southwest,SMB Platform,SO-007,41446.3,144,0.0824,3.69,15
2025-03-01,Southwest,SMB Platform,SO-008,34051.05,106,0.0384,3.56,15
2025-03-01,Southwest,SMB Platform,SO-009,47794.08,163,0.0469,4.05,20
2025-03-01,Southwest,SMB Platform,SO-010,36495.28,96,0.0474,4.3,15
2025-03-01,Southwest,SMB Platform,SO-011,36988.53,112,0.0875,3.99,18
2025-03-01,Southwest,SMB Platform,SO-012,29204.62,87,0.0331,4.41,19
2025-03-01,Southwest,Professional Services,SO-001,27150.04,23,0.1155,3.06,31
2025-03-01,Southwest,Professional Services,SO-002,28234.17,20,0.0373,4.49,21
2025-03-01,Southwest,Professional Services,SO-003,30347.89,25,0.069,3.81,34
2025-03-01,Southwest,Professional Services,SO-004,22206.21,19,0.0348,3.93,39
2025-03-01,Southwest,Professional Services,SO-005,25030.86,26,0.0794,3.72,29
2025-03-01,Southwest,Professional Services,SO-006,31633.16,23,0.0365,4.07,29
2025-03-01,Southwest,Professional Services,SO-007,25155.92,21,0.0264,4.0,20
2025-03-01,Southwest,Professional Services,SO-008,27073.62,18,0.0207,4.11,34
2025-03-01,Southwest,Professional Services,SO-009,23405.85,20,0.1862,3.76,29
2025-03-01,Southwest,Professional Services,SO-010,30559.69,23,0.0276,4.34,31
2025-03-01,Southwest,Professional Services,SO-011,21804.21,17,0.0737,4.15,13
2025-03-01,Southwest,Professional Services,SO-012,31471.76,27,0.0445,3.64,26
2025-04-01,Northeast,Enterprise SaaS,NO-001,89922.92,121,0.2304,3.84,56
2025-04-01,Northeast,Enterprise SaaS,NO-002,71183.06,87,0.0375,4.28,28
2025-04-01,Northeast,Enterprise SaaS,NO-003,90745.34,110,0.0388,4.57,60
2025-04-01,Northeast,Enterprise SaaS,NO-004,68399.11,80,0.0262,3.96,36
2025-04-01,Northeast,Enterprise SaaS,NO-005,68752.45,88,0.0305,4.42,52
2025-04-01,Northeast,Enterprise SaaS,NO-006,61994.17,71,0.0758,3.76,40
2025-04-01,Northeast,Enterprise SaaS,NO-007,82489.36,108,0.0012,4.52,64
2025-04-01,Northeast,Enterprise SaaS,NO-008,78623.6,114,0.0618,4.0,40
2025-04-01,Northeast,Enterprise SaaS,NO-009,68726.22,90,0.0937,4.18,34
2025-04-01,Northeast,Enterprise SaaS,NO-010,98162.99,94,0.0798,3.88,37
2025-04-01,Northeast,Enterprise SaaS,NO-011,85069.2,94,0.0749,4.45,39
2025-04-01,Northeast,Enterprise SaaS,NO-012,84394.79,84,0.0675,4.05,30
2025-04-01,Northeast,SMB Platform,NO-001,43114.77,128,0.1085,4.03,21
2025-04-01,Northeast,SMB Platform,NO-002,49175.37,172,0.0322,3.75,21
2025-04-01,Northeast,SMB Platform,NO-003,41806.84,144,0.0362,4.55,18
2025-04-01,Northeast,SMB Platform,NO-004,38404.36,114,0.0639,4.33,19
2025-04-01,Northeast,SMB Platform,NO-005,65823.06,188,0.0744,3.4,14
2025-04-01,Northeast,SMB Platform,NO-006,47119.1,134,0.0931,4.01,14
2025-04-01,Northeast,SMB Platform,NO-007,48125.6,131,0.0688,3.94,21
2025-04-01,Northeast,SMB Platform,NO-008,63119.43,205,0.166,3.64,17
2025-04-01,Northeast,SMB Platform,NO-009,48368.83,181,0.0718,3.95,18
2025-04-01,Northeast,SMB Platform,NO-010,61348.21,189,0.0622,3.63,13
2025-04-01,Northeast,SMB Platform,NO-011,50690.04,145,0.0832,4.02,14
2025-04-01,Northeast,SMB Platform,NO-012,60925.21,178,0.0968,3.61,17
2025-04-01,Northeast,Professional Services,NO-001,35058.46,25,0.0927,4.53,23
2025-04-01,Northeast,Professional Services,NO-002,39817.41,35,0.061,4.89,33
2025-04-01,Northeast,Professional Services,NO-003,35071.52,31,0.0676,3.74,42
2025-04-01,Northeast,Professional Services,NO-004,45973.13,38,0.0686,4.45,37
2025-04-01,Northeast,Professional Services,NO-005,34114.35,28,0.0957,3.94,30
2025-04-01,Northeast,Professional Services,NO-006,46015.29,42,0.0642,4.61,32
2025-04-01,Northeast,Professional Services,NO-007,37814.93,28,0.0239,4.07,38
2025-04-01,Northeast,Professional Services,NO-008,35310.33,22,0.0913,4.23,29
2025-04-01,Northeast,Professional Services,NO-009,40875.74,35,0.139,3.8,27
2025-04-01,Northeast,Professional Services,NO-010,37228.5,30,0.179,3.7,38
2025-04-01,Northeast,Professional Services,NO-011,27325.21,23,0.0827,3.51,31
2025-04-01,Northeast,Professional Services,NO-012,35546.29,25,0.0296,4.22,24
2025-04-01,Southeast,Enterprise SaaS,SO-001,60259.6,69,0.0933,4.35,52
2025-04-01,Southeast,Enterprise SaaS,SO-002,74138.22,95,0.1499,3.53,35
2025-04-01,Southeast,Enterprise SaaS,SO-003,62311.82,76,0.0438,3.58,46
2025-04-01,Southeast,Enterprise SaaS,SO-004,61713.71,60,0.0851,3.57,41
2025-04-01,Southeast,Enterprise SaaS,SO-005,78527.03,93,0.028,4.18,60
2025-04-01,Southeast,Enterprise SaaS,SO-006,63820.61,62,0.0966,4.34,38
2025-04-01,Southeast,Enterprise SaaS,SO-007,61007.66,73,0.0823,3.56,36
2025-04-01,Southeast,Enterprise SaaS,SO-008,56975.58,74,0.079,4.2,49
2025-04-01,Southeast,Enterprise SaaS,SO-009,74765.18,93,0.0683,4.07,59
2025-04-01,Southeast,Enterprise SaaS,SO-010,57774.91,63,0.0585,3.89,39
2025-04-01,Southeast,Enterprise SaaS,SO-011,55901.03,62,0.0061,3.99,39
2025-04-01,Southeast,Enterprise SaaS,SO-012,72204.91,94,0.0798,3.7,61
2025-04-01,Southeast,SMB Platform,SO-001,44874.14,126,0.09,3.57,21
2025-04-01,Southeast,SMB Platform,SO-002,52538.68,171,0.0476,3.55,19
2025-04-01,Southeast,SMB Platform,SO-003,58458.89,184,0.0184,4.19,15
2025-04-01,Southeast,SMB Platform,SO-004,42228.65,117,0.0776,3.39,23
2025-04-01,Southeast,SMB Platform,SO-005,54519.15,206,0.0615,4.72,14
2025-04-01,Southeast,SMB Platform,SO-006,53331.45,195,0.0298,4.42,23
2025-04-01,Southeast,SMB Platform,SO-007,49380.72,156,0.0587,3.57,18
2025-04-01,Southeast,SMB Platform,SO-008,50727.51,169,0.1267,3.57,19
2025-04-01,Southeast,SMB Platform,SO-009,41700.58,123,0.144,3.71,22
2025-04-01,Southeast,SMB Platform,SO-010,38832.56,129,0.0461,3.92,19
2025-04-01,Southeast,SMB Platform,SO-011,56684.69,214,0.0843,3.82,19
2025-04-01,Southeast,SMB Platform,SO-012,43698.6,151,0.0073,4.07,25
2025-04-01,Southeast,Professional Services,SO-001,31407.78,27,0.0094,4.35,23
2025-04-01,Southeast,Professional Services,SO-002,32681.61,30,0.0588,3.74,19
2025-04-01,Southeast,Professional Services,SO-003,38755.71,34,0.1382,3.81,25
2025-04-01,Southeast,Professional Services,SO-004,36850.51,35,0.0545,3.84,37
2025-04-01,Southeast,Professional Services,SO-005,32606.42,27,0.1141,4.35,26
2025-04-01,Southeast,Professional Services,SO-006,28433.13,19,0.1531,3.77,39
2025-04-01,Southeast,Professional Services,SO-007,34112.56,27,0.1656,3.58,35
2025-04-01,Southeast,Professional Services,SO-008,30704.96,25,0.0928,4.24,33
2025-04-01,Southeast,Professional Services,SO-009,39025.2,27,0.0167,4.04,34
2025-04-01,Southeast,Professional Services,SO-010,36417.03,31,0.0517,4.32,34
2025-04-01,Southeast,Professional Services,SO-011,29403.31,25,0.2061,3.71,35
2025-04-01,Southeast,Professional Services,SO-012,34322.54,30,0.0214,4.57,29
2025-04-01,Midwest,Enterprise SaaS,MI-001,56624.96,73,0.0441,4.27,52
2025-04-01,Midwest,Enterprise SaaS,MI-002,46178.57,44,0.0482,4.05,47
2025-04-01,Midwest,Enterprise SaaS,MI-003,74419.45,94,0.0861,3.9,56
2025-04-01,Midwest,Enterprise SaaS,MI-004,54393.77,61,0.0048,4.24,40
2025-04-01,Midwest,Enterprise SaaS,MI-005,43353.37,40,0.0426,4.16,64
2025-04-01,Midwest,Enterprise SaaS,MI-006,53542.84,65,0.1107,3.3,52
2025-04-01,Midwest,Enterprise SaaS,MI-007,56674.82,63,0.1351,3.75,66
2025-04-01,Midwest,Enterprise SaaS,MI-008,63015.96,78,0.1302,3.88,51
2025-04-01,Midwest,Enterprise SaaS,MI-009,49101.62,55,0.0524,3.75,49
2025-04-01,Midwest,Enterprise SaaS,MI-010,46602.69,48,0.0384,4.2,49
2025-04-01,Midwest,Enterprise SaaS,MI-011,49432.21,51,0.0661,3.86,42
2025-04-01,Midwest,Enterprise SaaS,MI-012,65386.36,80,0.0358,4.11,52
2025-04-01,Midwest,SMB Platform,MI-001,44354.74,142,0.026,3.79,18
2025-04-01,Midwest,SMB Platform,MI-002,42594.63,124,0.062,3.85,21
2025-04-01,Midwest,SMB Platform,MI-003,37609.03,117,0.0539,4.19,24
2025-04-01,Midwest,SMB Platform,MI-004,32474.2,98,0.0548,3.76,21
2025-04-01,Midwest,SMB Platform,MI-005,38512.86,106,0.0698,3.61,16
2025-04-01,Midwest,SMB Platform,MI-006,47358.92,123,0.0988,3.25,19
2025-04-01,Midwest,SMB Platform,MI-007,38739.11,115,0.1291,3.8,20
2025-04-01,Midwest,SMB Platform,MI-008,34589.34,99,0.0964,3.57,16
2025-04-01,Midwest,SMB Platform,MI-009,47545.92,136,0.0975,4.02,16
2025-04-01,Midwest,SMB Platform,MI-010,38388.41,119,0.1116,3.54,18
2025-04-01,Midwest,SMB Platform,MI-011,39867.65,131,0.0573,4.05,13
2025-04-01,Midwest,SMB Platform,MI-012,38675.58,124,0.0611,3.8,13
2025-04-01,Midwest,Professional Services,MI-001,28133.86,23,0.1486,3.78,15
2025-04-01,Midwest,Professional Services,MI-002,33488.04,31,0.0333,3.93,39
2025-04-01,Midwest,Professional Services,MI-003,30088.18,27,0.0666,4.05,19
2025-04-01,Midwest,Professional Services,MI-004,22409.75,17,0.052,4.05,35
2025-04-01,Midwest,Professional Services,MI-005,34405.6,28,0.0242,4.01,22
2025-04-01,Midwest,Professional Services,MI-006,28046.96,20,0.113,4.15,27
2025-04-01,Midwest,Professional Services,MI-007,30152.23,27,0.0533,4.06,28
2025-04-01,Midwest,Professional Services,MI-008,28905.35,26,0.0815,3.98,19
2025-04-01,Midwest,Professional Services,MI-009,24039.26,19,0.0139,4.03,45
2025-04-01,Midwest,Professional Services,MI-010,28995.63,25,0.0197,4.29,31
2025-04-01,Midwest,Professional Services,MI-011,23557.5,19,0.1258,3.32,28
2025-04-01,Midwest,Professional Services,MI-012,29427.59,29,0.0146,4.2,38
2025-04-01,West,Enterprise SaaS,WE-001,95710.87,111,0.056,4.14,48
2025-04-01,West,Enterprise SaaS,WE-002,89484.41,113,0.0945,3.86,55
2025-04-01,West,Enterprise SaaS,WE-003,95186.39,147,0.0558,3.92,45
2025-04-01,West,Enterprise SaaS,WE-004,90683.25,108,0.0367,3.94,46
2025-04-01,West,Enterprise SaaS,WE-005,79970.19,87,0.0521,4.46,46
2025-04-01,West,Enterprise SaaS,WE-006,64486.75,73,0.1197,3.65,46
2025-04-01,West,Enterprise SaaS,WE-007,80603.78,79,0.0531,3.84,52
2025-04-01,West,Enterprise SaaS,WE-008,83065.7,113,0.0984,3.63,45
2025-04-01,West,Enterprise SaaS,WE-009,68900.38,77,0.0466,3.49,39
2025-04-01,West,Enterprise SaaS,WE-010,75492.17,85,0.0306,4.47,43
2025-04-01,West,Enterprise SaaS,WE-011,104146.67,116,0.0746,4.03,57
2025-04-01,West,Enterprise SaaS,WE-012,84546.61,107,0.0041,4.35,40
2025-04-01,West,SMB Platform,WE-001,51888.69,175,0.1545,3.59,12
2025-04-01,West,SMB Platform,WE-002,61963.99,165,0.0494,3.94,19
2025-04-01,West,SMB Platform,WE-003,62745.07,201,0.0546,4.28,22
2025-04-01,West,SMB Platform,WE-004,70293.67,204,0.0323,4.35,18
2025-04-01,West,SMB Platform,WE-005,51006.39,145,0.0363,3.84,21
2025-04-01,West,SMB Platform,WE-006,57358.36,211,0.0883,4.19,16
2025-04-01,West,SMB Platform,WE-007,58240.93,196,0.0491,4.28,19
2025-04-01,West,SMB Platform,WE-008,61938.49,202,0.117,3.5,12
2025-04-01,West,SMB Platform,WE-009,77749.83,245,0.1459,3.66,13
2025-04-01,West,SMB Platform,WE-010,56745.85,178,0.0318,4.13,21
2025-04-01,West,SMB Platform,WE-011,55989.38,174,0.0243,4.1,20
2025-04-01,West,SMB Platform,WE-012,71389.08,217,0.0898,3.79,11
2025-04-01,West,Professional Services,WE-001,35935.12,30,0.1419,3.99,31
2025-04-01,West,Professional Services,WE-002,33440.29,25,0.0731,4.45,26
2025-04-01,West,Professional Services,WE-003,44775.98,37,0.0707,4.04,14
2025-04-01,West,Professional Services,WE-004,38010.45,33,0.066,3.8,35
2025-04-01,West,Professional Services,WE-005,41780.76,33,0.0647,3.82,25
2025-04-01,West,Professional Services,WE-006,39795.16,39,0.064,3.98,27
2025-04-01,West,Professional Services,WE-007,49495.41,39,0.0143,4.44,38
2025-04-01,West,Professional Services,WE-008,39297.4,30,0.1266,3.64,25
2025-04-01,West,Professional Services,WE-009,43785.99,35,0.0339,4.48,38
2025-04-01,West,Professional Services,WE-010,39426.01,37,0.0151,4.14,33
2025-04-01,West,Professional Services,WE-011,51676.29,49,0.107,4.6,41
2025-04-01,West,Professional Services,WE-012,38017.45,32,0.0488,4.39,33
2025-04-01,Southwest,Enterprise SaaS,SO-001,54457.73,70,0.1151,3.9,34
2025-04-01,Southwest,Enterprise SaaS,SO-002,70769.62,89,0.0368,3.88,53
2025-04-01,Southwest,Enterprise SaaS,SO-003,70754.27,76,0.015,4.33,40
2025-04-01,Southwest,Enterprise SaaS,SO-004,49971.69,58,0.122,4.3,37
2025-04-01,Southwest,Enterprise SaaS,SO-005,62628.43,65,0.0474,4.09,50
2025-04-01,Southwest,Enterprise SaaS,SO-006,47942.88,56,0.0184,4.02,41
2025-04-01,Southwest,Enterprise SaaS,SO-007,65564.64,93,0.0821,3.54,46
2025-04-01,Southwest,Enterprise SaaS,SO-008,54084.32,62,0.032,4.11,29
2025-04-01,Southwest,Enterprise SaaS,SO-009,47069.25,54,0.0812,4.02,47
2025-04-01,Southwest,Enterprise SaaS,SO-010,67050.83,87,0.0424,4.49,49
2025-04-01,Southwest,Enterprise SaaS,SO-011,53796.61,60,0.1065,3.75,47
2025-04-01,Southwest,Enterprise SaaS,SO-012,54079.03,68,0.1299,3.61,53
2025-04-01,Southwest,SMB Platform,SO-001,38369.14,127,0.1023,4.08,18
2025-04-01,Southwest,SMB Platform,SO-002,46172.95,142,0.0489,3.72,15
2025-04-01,Southwest,SMB Platform,SO-003,50236.27,140,0.0131,4.55,18
2025-04-01,Southwest,SMB Platform,SO-004,38553.11,132,0.0575,3.96,13
2025-04-01,Southwest,SMB Platform,SO-005,40130.66,128,0.0121,4.73,18
2025-04-01,Southwest,SMB Platform,SO-006,48155.5,146,0.0133,4.01,17
2025-04-01,Southwest,SMB Platform,SO-007,38901.52,138,0.029,3.94,16
2025-04-01,Southwest,SMB Platform,SO-008,44318.99,158,0.0127,4.18,22
2025-04-01,Southwest,SMB Platform,SO-009,47555.05,151,0.2184,3.56,22
2025-04-01,Southwest,SMB Platform,SO-010,36763.37,97,0.1174,4.17,14
2025-04-01,Southwest,SMB Platform,SO-011,39984.55,149,0.0731,4.38,15
2025-04-01,Southwest,SMB Platform,SO-012,37661.25,113,0.0483,3.73,20
2025-04-01,Southwest,Professional Services,SO-001,31995.5,23,0.0278,4.24,32
2025-04-01,Southwest,Professional Services,SO-002,31016.77,23,0.064,4.2,22
2025-04-01,Southwest,Professional Services,SO-003,25581.71,18,0.1601,3.75,34
2025-04-01,Southwest,Professional Services,SO-004,34069.63,30,0.026,3.81,37
2025-04-01,Southwest,Professional Services,SO-005,29442.45,24,0.0713,4.0,35
2025-04-01,Southwest,Professional Services,SO-006,28305.79,21,0.0152,4.17,34
2025-04-01,Southwest,Professional Services,SO-007,29617.74,24,0.0159,4.19,13
2025-04-01,Southwest,Professional Services,SO-008,29467.38,24,0.0749,3.93,25
2025-04-01,Southwest,Professional Services,SO-009,31391.5,20,0.1163,4.02,29
2025-04-01,Southwest,Professional Services,SO-010,33019.21,25,0.1288,4.67,19
2025-04-01,Southwest,Professional Services,SO-011,28236.99,27,0.0205,3.91,29
2025-04-01,Southwest,Professional Services,SO-012,32579.64,29,0.0723,4.37,28
2025-05-01,Northeast,Enterprise SaaS,NO-001,81986.37,74,0.1057,4.08,40
2025-05-01,Northeast,Enterprise SaaS,NO-002,62071.19,81,0.0838,3.85,44
2025-05-01,Northeast,Enterprise SaaS,NO-003,65930.58,81,0.171,3.83,30
2025-05-01,Northeast,Enterprise SaaS,NO-004,103981.94,114,0.0584,4.09,35
2025-05-01,Northeast,Enterprise SaaS,NO-005,90067.18,100,0.0011,4.02,44
2025-05-01,Northeast,Enterprise SaaS,NO-006,57154.13,61,0.0894,3.71,14
2025-05-01,Northeast,Enterprise SaaS,NO-007,87195.62,110,0.0987,3.77,41
2025-05-01,Northeast,Enterprise SaaS,NO-008,76919.84,89,0.0063,4.09,23
2025-05-01,Northeast,Enterprise SaaS,NO-009,63258.21,68,0.019,3.98,46
2025-05-01,Northeast,Enterprise SaaS,NO-010,74801.83,83,0.0993,3.83,31
2025-05-01,Northeast,Enterprise SaaS,NO-011,64151.41,71,0.0247,4.14,48
2025-05-01,Northeast,Enterprise SaaS,NO-012,79619.47,103,0.0896,3.94,60
2025-05-01,Northeast,SMB Platform,NO-001,60997.89,180,0.0153,4.48,17
2025-05-01,Northeast,SMB Platform,NO-002,54026.51,184,0.0298,4.46,12
2025-05-01,Northeast,SMB Platform,NO-003,51748.89,175,0.1138,3.45,15
2025-05-01,Northeast,SMB Platform,NO-004,76972.65,285,0.0369,4.04,18
2025-05-01,Northeast,SMB Platform,NO-005,66119.28,199,0.0823,4.11,24
2025-05-01,Northeast,SMB Platform,NO-006,67578.93,218,0.0461,3.99,12
2025-05-01,Northeast,SMB Platform,NO-007,62531.98,209,0.0157,3.98,15
2025-05-01,Northeast,SMB Platform,NO-008,66964.12,234,0.0571,4.21,23
2025-05-01,Northeast,SMB Platform,NO-009,45084.1,142,0.0117,4.2,13
2025-05-01,Northeast,SMB Platform,NO-010,52520.32,153,0.0146,4.02,15
2025-05-01,Northeast,SMB Platform,NO-011,47984.28,169,0.0537,3.82,21
2025-05-01,Northeast,SMB Platform,NO-012,64130.09,213,0.0313,4.38,19
2025-05-01,Northeast,Professional Services,NO-001,38058.64,32,0.0353,4.5,33
2025-05-01,Northeast,Professional Services,NO-002,41245.12,35,0.1309,3.98,31
2025-05-01,Northeast,Professional Services,NO-003,52610.7,43,0.0516,4.14,23
2025-05-01,Northeast,Professional Services,NO-004,39707.39,36,0.0675,3.83,22
2025-05-01,Northeast,Professional Services,NO-005,39593.24,37,0.0185,4.36,39
2025-05-01,Northeast,Professional Services,NO-006,39389.36,35,0.0142,4.45,24
2025-05-01,Northeast,Professional Services,NO-007,38201.08,31,0.0912,4.03,27
2025-05-01,Northeast,Professional Services,NO-008,39555.65,35,0.0889,3.96,17
2025-05-01,Northeast,Professional Services,NO-009,40941.54,30,0.0979,4.07,31
2025-05-01,Northeast,Professional Services,NO-010,36582.56,28,0.1304,3.92,27
2025-05-01,Northeast,Professional Services,NO-011,36001.06,33,0.1457,3.87,30
2025-05-01,Northeast,Professional Services,NO-012,44850.58,33,0.098,3.92,33
2025-05-01,Southeast,Enterprise SaaS,SO-001,62471.7,66,0.11,4.16,36
2025-05-01,Southeast,Enterprise SaaS,SO-002,72334.33,96,0.2008,3.33,38
2025-05-01,Southeast,Enterprise SaaS,SO-003,71484.13,90,0.1073,4.03,44
2025-05-01,Southeast,Enterprise SaaS,SO-004,83215.21,102,0.0502,4.24,37
2025-05-01,Southeast,Enterprise SaaS,SO-005,70851.59,89,0.0921,4.04,48
2025-05-01,Southeast,Enterprise SaaS,SO-006,56305.95,87,0.0338,4.39,45
2025-05-01,Southeast,Enterprise SaaS,SO-007,78400.45,73,0.1013,4.02,37
2025-05-01,Southeast,Enterprise SaaS,SO-008,65826.37,93,0.117,3.71,52
2025-05-01,Southeast,Enterprise SaaS,SO-009,72007.87,76,0.0951,3.69,56
2025-05-01,Southeast,Enterprise SaaS,SO-010,74060.32,78,0.121,4.04,56
2025-05-01,Southeast,Enterprise SaaS,SO-011,80808.72,94,0.049,3.85,40
2025-05-01,Southeast,Enterprise SaaS,SO-012,72243.22,87,0.0653,3.71,43
2025-05-01,Southeast,SMB Platform,SO-001,44409.0,136,0.1236,3.7,17
2025-05-01,Southeast,SMB Platform,SO-002,48955.61,143,0.0554,4.11,18
2025-05-01,Southeast,SMB Platform,SO-003,51084.88,162,0.0101,4.87,16
2025-05-01,Southeast,SMB Platform,SO-004,45341.39,168,0.0435,3.93,20
2025-05-01,Southeast,SMB Platform,SO-005,51270.93,181,0.0836,4.2,23
2025-05-01,Southeast,SMB Platform,SO-006,42398.96,97,0.0798,4.25,21
2025-05-01,Southeast,SMB Platform,SO-007,57290.67,187,0.0171,4.26,17
2025-05-01,Southeast,SMB Platform,SO-008,59289.6,199,0.1072,3.84,20
2025-05-01,Southeast,SMB Platform,SO-009,46027.97,138,0.1155,4.03,25
2025-05-01,Southeast,SMB Platform,SO-010,55634.26,165,0.0791,3.6,18
2025-05-01,Southeast,SMB Platform,SO-011,59463.81,140,0.0962,4.32,19
2025-05-01,Southeast,SMB Platform,SO-012,45445.12,150,0.0474,4.39,17
2025-05-01,Southeast,Professional Services,SO-001,31651.44,25,0.1446,3.1,33
2025-05-01,Southeast,Professional Services,SO-002,43240.41,39,0.0929,3.86,18
2025-05-01,Southeast,Professional Services,SO-003,42021.61,40,0.1429,3.51,19
2025-05-01,Southeast,Professional Services,SO-004,44514.47,34,0.0766,4.07,27
2025-05-01,Southeast,Professional Services,SO-005,43288.22,34,0.1989,4.09,25
2025-05-01,Southeast,Professional Services,SO-006,27426.51,20,0.0409,4.07,34
2025-05-01,Southeast,Professional Services,SO-007,39304.75,30,0.0793,3.53,27
2025-05-01,Southeast,Professional Services,SO-008,28137.12,22,0.042,4.07,36
2025-05-01,Southeast,Professional Services,SO-009,36212.99,29,0.0553,4.26,38
2025-05-01,Southeast,Professional Services,SO-010,42166.51,44,0.079,3.77,23
2025-05-01,Southeast,Professional Services,SO-011,37120.34,31,0.0388,3.87,22
2025-05-01,Southeast,Professional Services,SO-012,36427.94,34,0.0301,4.13,34
2025-05-01,Midwest,Enterprise SaaS,MI-001,75584.21,80,0.0187,3.82,44
2025-05-01,Midwest,Enterprise SaaS,MI-002,60964.75,79,0.0804,4.49,35
2025-05-01,Midwest,Enterprise SaaS,MI-003,76516.03,83,0.0353,4.56,45
2025-05-01,Midwest,Enterprise SaaS,MI-004,71651.45,93,0.0545,3.9,46
2025-05-01,Midwest,Enterprise SaaS,MI-005,73792.19,82,0.0944,4.26,64
2025-05-01,Midwest,Enterprise SaaS,MI-006,57827.93,63,0.0865,3.38,53
2025-05-01,Midwest,Enterprise SaaS,MI-007,67451.72,82,0.07,4.33,44
2025-05-01,Midwest,Enterprise SaaS,MI-008,69259.55,70,0.0634,4.23,43
2025-05-01,Midwest,Enterprise SaaS,MI-009,70572.46,83,0.0682,3.43,55
2025-05-01,Midwest,Enterprise SaaS,MI-010,65697.47,71,0.0271,4.13,40
2025-05-01,Midwest,Enterprise SaaS,MI-011,66618.57,73,0.0285,3.7,48
2025-05-01,Midwest,Enterprise SaaS,MI-012,55370.97,66,0.1018,3.71,55
2025-05-01,Midwest,SMB Platform,MI-001,48464.74,125,0.0279,3.94,12
2025-05-01,Midwest,SMB Platform,MI-002,48441.9,164,0.0636,3.65,16
2025-05-01,Midwest,SMB Platform,MI-003,54842.33,140,0.1104,4.13,25
2025-05-01,Midwest,SMB Platform,MI-004,34228.19,115,0.0559,4.43,14
2025-05-01,Midwest,SMB Platform,MI-005,42664.47,136,0.1736,3.68,22
2025-05-01,Midwest,SMB Platform,MI-006,53715.06,179,0.0335,3.7,19
2025-05-01,Midwest,SMB Platform,MI-007,57158.92,195,0.0472,4.42,15
2025-05-01,Midwest,SMB Platform,MI-008,38019.57,112,0.0422,3.89,17
2025-05-01,Midwest,SMB Platform,MI-009,43583.3,123,0.0801,4.14,16
2025-05-01,Midwest,SMB Platform,MI-010,48385.84,143,0.1728,3.38,21
2025-05-01,Midwest,SMB Platform,MI-011,37445.12,120,0.0506,3.99,15
2025-05-01,Midwest,SMB Platform,MI-012,59970.35,208,0.164,4.12,11
2025-05-01,Midwest,Professional Services,MI-001,32409.67,32,0.0308,4.0,25
2025-05-01,Midwest,Professional Services,MI-002,31845.56,25,0.0191,4.09,38
2025-05-01,Midwest,Professional Services,MI-003,39679.96,30,0.0456,3.85,25
2025-05-01,Midwest,Professional Services,MI-004,42807.54,34,0.1059,3.78,28
2025-05-01,Midwest,Professional Services,MI-005,27755.78,26,0.1198,3.27,37
2025-05-01,Midwest,Professional Services,MI-006,29716.35,25,0.1268,3.55,34
2025-05-01,Midwest,Professional Services,MI-007,32630.66,25,0.2096,3.87,29
2025-05-01,Midwest,Professional Services,MI-008,32693.21,23,0.0326,4.84,25
2025-05-01,Midwest,Professional Services,MI-009,24861.72,22,0.068,4.3,38
2025-05-01,Midwest,Professional Services,MI-010,29085.52,17,0.0845,4.28,35
2025-05-01,Midwest,Professional Services,MI-011,29265.55,24,0.0281,3.59,22
2025-05-01,Midwest,Professional Services,MI-012,32036.37,25,0.0724,3.63,27
2025-05-01,West,Enterprise SaaS,WE-001,87406.95,103,0.0582,3.95,66
2025-05-01,West,Enterprise SaaS,WE-002,82324.08,93,0.1687,3.89,52
2025-05-01,West,Enterprise SaaS,WE-003,99481.46,107,0.0922,3.81,60
2025-05-01,West,Enterprise SaaS,WE-004,95698.47,92,0.1577,4.01,22
2025-05-01,West,Enterprise SaaS,WE-005,95402.9,121,0.1474,3.76,49
2025-05-01,West,Enterprise SaaS,WE-006,89826.7,98,0.0717,4.06,60
2025-05-01,West,Enterprise SaaS,WE-007,94917.81,106,0.0326,4.31,64
2025-05-01,West,Enterprise SaaS,WE-008,89399.91,124,0.0689,4.46,47
2025-05-01,West,Enterprise SaaS,WE-009,104115.71,118,0.0503,4.18,48
2025-05-01,West,Enterprise SaaS,WE-010,79909.46,88,0.0536,4.07,38
2025-05-01,West,Enterprise SaaS,WE-011,129405.43,148,0.0853,4.0,35
2025-05-01,West,Enterprise SaaS,WE-012,75085.92,95,0.0705,4.19,46
2025-05-01,West,SMB Platform,WE-001,79318.15,237,0.0153,3.9,17
2025-05-01,West,SMB Platform,WE-002,61568.88,178,0.0713,3.88,22
2025-05-01,West,SMB Platform,WE-003,63708.93,213,0.06,3.38,15
2025-05-01,West,SMB Platform,WE-004,64967.36,219,0.0547,3.4,12
2025-05-01,West,SMB Platform,WE-005,90296.91,303,0.0632,4.26,20
2025-05-01,West,SMB Platform,WE-006,67289.9,201,0.0293,3.96,25
2025-05-01,West,SMB Platform,WE-007,53091.01,193,0.094,3.94,12
2025-05-01,West,SMB Platform,WE-008,56225.46,194,0.0778,4.17,15
2025-05-01,West,SMB Platform,WE-009,58281.07,183,0.0282,3.81,19
2025-05-01,West,SMB Platform,WE-010,86159.0,287,0.0165,3.84,16
2025-05-01,West,SMB Platform,WE-011,46902.25,144,0.079,3.71,13
2025-05-01,West,SMB Platform,WE-012,55481.76,167,0.0544,4.11,16
2025-05-01,West,Professional Services,WE-001,54415.0,43,0.0851,3.73,27
2025-05-01,West,Professional Services,WE-002,45793.12,37,0.0218,3.72,41
2025-05-01,West,Professional Services,WE-003,51492.36,43,0.0277,4.25,30
2025-05-01,West,Professional Services,WE-004,58908.12,52,0.128,3.36,30
2025-05-01,West,Professional Services,WE-005,53926.82,50,0.0145,3.76,37
2025-05-01,West,Professional Services,WE-006,54608.78,38,0.0747,3.94,42
2025-05-01,West,Professional Services,WE-007,52767.5,48,0.1322,3.47,15
2025-05-01,West,Professional Services,WE-008,36172.52,29,0.0673,3.71,22
2025-05-01,West,Professional Services,WE-009,48500.26,38,0.045,3.89,32
2025-05-01,West,Professional Services,WE-010,49594.13,40,0.0539,3.52,35
2025-05-01,West,Professional Services,WE-011,44042.72,32,0.0761,3.56,32
2025-05-01,West,Professional Services,WE-012,38900.65,28,0.0933,3.79,38
2025-05-01,Southwest,Enterprise SaaS,SO-001,65355.09,60,0.0984,4.47,42
2025-05-01,Southwest,Enterprise SaaS,SO-002,64761.51,81,0.0612,3.6,52
2025-05-01,Southwest,Enterprise SaaS,SO-003,64530.09,67,0.0909,4.29,47
2025-05-01,Southwest,Enterprise SaaS,SO-004,52508.66,62,0.0275,4.12,45
2025-05-01,Southwest,Enterprise SaaS,SO-005,56430.69,73,0.034,4.2,41
2025-05-01,Southwest,Enterprise SaaS,SO-006,58777.02,54,0.1193,3.83,33
2025-05-01,Southwest,Enterprise SaaS,SO-007,68163.73,63,0.0166,3.95,51
2025-05-01,Southwest,Enterprise SaaS,SO-008,69556.87,71,0.0449,3.89,54
2025-05-01,Southwest,Enterprise SaaS,SO-009,57998.48,64,0.0672,3.11,41
2025-05-01,Southwest,Enterprise SaaS,SO-010,68128.07,64,0.0996,4.16,42
2025-05-01,Southwest,Enterprise SaaS,SO-011,53127.35,62,0.0312,4.37,43
2025-05-01,Southwest,Enterprise SaaS,SO-012,76929.19,88,0.108,4.28,47
2025-05-01,Southwest,SMB Platform,SO-001,41435.07,126,0.0489,3.96,13
2025-05-01,Southwest,SMB Platform,SO-002,44391.87,156,0.0706,4.0,20
2025-05-01,Southwest,SMB Platform,SO-003,54304.32,177,0.0243,4.31,21
2025-05-01,Southwest,SMB Platform,SO-004,47007.38,160,0.0793,3.76,19
2025-05-01,Southwest,SMB Platform,SO-005,54046.32,170,0.0835,4.02,20
2025-05-01,Southwest,SMB Platform,SO-006,45327.42,142,0.1222,4.64,16
2025-05-01,Southwest,SMB Platform,SO-007,49283.3,139,0.0899,3.69,10
2025-05-01,Southwest,SMB Platform,SO-008,44960.56,149,0.0953,3.59,11
2025-05-01,Southwest,SMB Platform,SO-009,45369.76,142,0.0853,4.48,12
2025-05-01,Southwest,SMB Platform,SO-010,34534.82,116,0.0859,3.57,23
2025-05-01,Southwest,SMB Platform,SO-011,43001.4,122,0.0654,4.3,19
2025-05-01,Southwest,SMB Platform,SO-012,48293.03,149,0.0262,4.02,13
2025-05-01,Southwest,Professional Services,SO-001,36062.08,32,0.0443,3.98,35
2025-05-01,Southwest,Professional Services,SO-002,34514.69,27,0.0434,4.07,33
2025-05-01,Southwest,Professional Services,SO-003,32822.26,26,0.0563,4.73,24
2025-05-01,Southwest,Professional Services,SO-004,27878.29,26,0.0954,3.7,30
2025-05-01,Southwest,Professional Services,SO-005,25378.21,18,0.0483,4.82,26
2025-05-01,Southwest,Professional Services,SO-006,23474.5,18,0.1944,3.73,34
2025-05-01,Southwest,Professional Services,SO-007,24386.1,19,0.0773,4.1,29
2025-05-01,Southwest,Professional Services,SO-008,36670.34,29,0.0774,3.68,26
2025-05-01,Southwest,Professional Services,SO-009,31745.62,28,0.0789,3.95,36
2025-05-01,Southwest,Professional Services,SO-010,35577.77,26,0.0401,3.99,28
2025-05-01,Southwest,Professional Services,SO-011,37316.13,27,0.0228,4.32,35
2025-05-01,Southwest,Professional Services,SO-012,30045.39,29,0.0014,3.7,27
2025-06-01,Northeast,Enterprise SaaS,NO-001,69648.63,80,0.1128,3.8,50
2025-06-01,Northeast,Enterprise SaaS,NO-002,74017.81,96,0.0165,3.79,43
2025-06-01,Northeast,Enterprise SaaS,NO-003,72060.22,85,0.1325,3.99,49
2025-06-01,Northeast,Enterprise SaaS,NO-004,85571.95,134,0.1003,3.94,47
2025-06-01,Northeast,Enterprise SaaS,NO-005,89445.48,106,0.1649,3.73,43
2025-06-01,Northeast,Enterprise SaaS,NO-006,94996.36,105,0.0668,4.16,42
2025-06-01,Northeast,Enterprise SaaS,NO-007,78674.44,81,0.0438,3.74,42
2025-06-01,Northeast,Enterprise SaaS,NO-008,96487.64,121,0.0183,3.83,63
2025-06-01,Northeast,Enterprise SaaS,NO-009,91920.43,117,0.0455,4.0,46
2025-06-01,Northeast,Enterprise SaaS,NO-010,62807.5,77,0.0639,3.83,39
2025-06-01,Northeast,Enterprise SaaS,NO-011,93218.53,114,0.1069,3.47,46
2025-06-01,Northeast,Enterprise SaaS,NO-012,79381.38,96,0.0926,4.31,54
2025-06-01,Northeast,SMB Platform,NO-001,63255.11,188,0.0335,3.85,20
2025-06-01,Northeast,SMB Platform,NO-002,48790.84,136,0.0684,3.98,17
2025-06-01,Northeast,SMB Platform,NO-003,63551.79,212,0.0344,3.87,15
2025-06-01,Northeast,SMB Platform,NO-004,53942.99,184,0.1183,3.8,11
2025-06-01,Northeast,SMB Platform,NO-005,76512.04,228,0.0118,3.52,16
2025-06-01,Northeast,SMB Platform,NO-006,52600.41,160,0.0753,3.46,16
2025-06-01,Northeast,SMB Platform,NO-007,74208.15,229,0.1285,4.21,18
2025-06-01,Northeast,SMB Platform,NO-008,67475.84,229,0.0811,3.9,21
2025-06-01,Northeast,SMB Platform,NO-009,56855.14,189,0.0188,4.04,7
2025-06-01,Northeast,SMB Platform,NO-010,56677.36,186,0.0921,3.71,19
2025-06-01,Northeast,SMB Platform,NO-011,69433.6,186,0.0199,3.75,22
2025-06-01,Northeast,SMB Platform,NO-012,57178.73,188,0.0248,4.11,19
2025-06-01,Northeast,Professional Services,NO-001,37190.17,30,0.0565,3.87,26
2025-06-01,Northeast,Professional Services,NO-002,42065.04,32,0.055,3.76,31
2025-06-01,Northeast,Professional Services,NO-003,50489.36,46,0.0872,3.85,30
2025-06-01,Northeast,Professional Services,NO-004,47163.86,37,0.0293,3.67,40
2025-06-01,Northeast,Professional Services,NO-005,39502.67,30,0.0163,4.16,28
2025-06-01,Northeast,Professional Services,NO-006,40322.4,34,0.0298,4.16,38
2025-06-01,Northeast,Professional Services,NO-007,45955.59,35,0.0631,4.81,38
2025-06-01,Northeast,Professional Services,NO-008,38351.67,25,0.0106,4.52,28
2025-06-01,Northeast,Professional Services,NO-009,43992.85,42,0.0336,3.95,32
2025-06-01,Northeast,Professional Services,NO-010,37595.36,29,0.0211,4.29,30
2025-06-01,Northeast,Professional Services,NO-011,46324.11,37,0.0433,4.16,24
2025-06-01,Northeast,Professional Services,NO-012,37819.51,30,0.1044,4.23,27
2025-06-01,Southeast,Enterprise SaaS,SO-001,73155.12,78,0.0875,4.03,33
2025-06-01,Southeast,Enterprise SaaS,SO-002,60617.5,73,0.0225,4.65,35
2025-06-01,Southeast,Enterprise SaaS,SO-003,87157.01,132,0.0844,4.77,49
2025-06-01,Southeast,Enterprise SaaS,SO-004,74892.23,76,0.0234,4.11,43
2025-06-01,Southeast,Enterprise SaaS,SO-005,82519.74,102,0.0145,4.16,35
2025-06-01,Southeast,Enterprise SaaS,SO-006,73572.28,80,0.0617,3.53,45
2025-06-01,Southeast,Enterprise SaaS,SO-007,60295.74,66,0.1438,3.83,53
2025-06-01,Southeast,Enterprise SaaS,SO-008,68697.82,90,0.0879,3.87,64
2025-06-01,Southeast,Enterprise SaaS,SO-009,61110.15,63,0.035,4.48,45
2025-06-01,Southeast,Enterprise SaaS,SO-010,76231.62,82,0.0101,4.59,48
2025-06-01,Southeast,Enterprise SaaS,SO-011,78615.92,101,0.0539,4.39,33
2025-06-01,Southeast,Enterprise SaaS,SO-012,72490.14,77,0.0878,3.94,46
2025-06-01,Southeast,SMB Platform,SO-001,46738.81,157,0.0163,4.08,26
2025-06-01,Southeast,SMB Platform,SO-002,43527.35,128,0.0764,4.18,11
2025-06-01,Southeast,SMB Platform,SO-003,46993.36,146,0.0162,4.65,19
2025-06-01,Southeast,SMB Platform,SO-004,69801.95,206,0.0584,3.9,17
2025-06-01,Southeast,SMB Platform,SO-005,48655.53,132,0.0633,3.56,20
2025-06-01,Southeast,SMB Platform,SO-006,54108.52,146,0.0309,4.24,14
2025-06-01,Southeast,SMB Platform,SO-007,67300.27,228,0.02,4.9,16
2025-06-01,Southeast,SMB Platform,SO-008,54462.71,174,0.1297,4.17,17
2025-06-01,Southeast,SMB Platform,SO-009,40033.6,123,0.0352,4.66,23
2025-06-01,Southeast,SMB Platform,SO-010,55744.09,202,0.0879,3.64,19
2025-06-01,Southeast,SMB Platform,SO-011,49246.84,145,0.0272,4.15,14
2025-06-01,Southeast,SMB Platform,SO-012,56114.0,201,0.0834,3.96,21
2025-06-01,Southeast,Professional Services,SO-001,39060.92,34,0.0981,3.73,26
2025-06-01,Southeast,Professional Services,SO-002,33517.72,25,0.0769,3.99,28
2025-06-01,Southeast,Professional Services,SO-003,43088.91,37,0.0253,3.78,22
2025-06-01,Southeast,Professional Services,SO-004,43682.78,34,0.0091,4.05,28
2025-06-01,Southeast,Professional Services,SO-005,47482.59,34,0.0119,4.52,26
2025-06-01,Southeast,Professional Services,SO-006,31758.89,25,0.113,3.5,16
2025-06-01,Southeast,Professional Services,SO-007,40771.67,30,0.0272,4.01,31
2025-06-01,Southeast,Professional Services,SO-008,33334.97,26,0.045,4.01,41
2025-06-01,Southeast,Professional Services,SO-009,37830.3,33,0.235,3.23,18
2025-06-01,Southeast,Professional Services,SO-010,42108.6,31,0.0425,3.86,27
2025-06-01,Southeast,Professional Services,SO-011,39851.4,37,0.0486,4.57,22
2025-06-01,Southeast,Professional Services,SO-012,38526.48,28,0.1682,3.55,28
2025-06-01,Midwest,Enterprise SaaS,MI-001,53203.44,74,0.0781,3.51,38
2025-06-01,Midwest,Enterprise SaaS,MI-002,76773.56,75,0.0326,4.4,43
2025-06-01,Midwest,Enterprise SaaS,MI-003,58963.28,66,0.0949,3.77,47
2025-06-01,Midwest,Enterprise SaaS,MI-004,52939.85,55,0.2001,3.13,51
2025-06-01,Midwest,Enterprise SaaS,MI-005,66796.48,71,0.0368,3.62,43
2025-06-01,Midwest,Enterprise SaaS,MI-006,63215.55,62,0.0327,4.06,43
2025-06-01,Midwest,Enterprise SaaS,MI-007,82460.67,97,0.0449,3.68,49
2025-06-01,Midwest,Enterprise SaaS,MI-008,65610.72,81,0.0333,4.25,53
2025-06-01,Midwest,Enterprise SaaS,MI-009,81714.43,89,0.024,4.27,69
2025-06-01,Midwest,Enterprise SaaS,MI-010,82568.55,112,0.1361,3.8,40
2025-06-01,Midwest,Enterprise SaaS,MI-011,51962.22,63,0.0535,4.12,41
2025-06-01,Midwest,Enterprise SaaS,MI-012,57478.58,72,0.1302,3.49,44
2025-06-01,Midwest,SMB Platform,MI-001,49511.7,147,0.0846,3.61,20
2025-06-01,Midwest,SMB Platform,MI-002,54159.03,146,0.1152,3.48,15
2025-06-01,Midwest,SMB Platform,MI-003,43280.86,112,0.0377,4.31,24
2025-06-01,Midwest,SMB Platform,MI-004,50729.01,158,0.0586,4.18,23
2025-06-01,Midwest,SMB Platform,MI-005,36289.78,108,0.0704,4.09,19
2025-06-01,Midwest,SMB Platform,MI-006,40101.87,148,0.1067,3.88,15
2025-06-01,Midwest,SMB Platform,MI-007,39380.43,104,0.0276,4.39,16
2025-06-01,Midwest,SMB Platform,MI-008,48117.61,181,0.0915,3.95,14
2025-06-01,Midwest,SMB Platform,MI-009,53188.56,158,0.1006,4.03,17
2025-06-01,Midwest,SMB Platform,MI-010,39716.7,101,0.0354,4.24,16
2025-06-01,Midwest,SMB Platform,MI-011,43429.0,162,0.1245,3.81,16
2025-06-01,Midwest,SMB Platform,MI-012,43446.08,143,0.0106,4.08,18
2025-06-01,Midwest,Professional Services,MI-001,28268.96,21,0.069,3.34,26
2025-06-01,Midwest,Professional Services,MI-002,28884.8,21,0.0678,4.08,24
2025-06-01,Midwest,Professional Services,MI-003,29017.29,21,0.1408,4.11,15
2025-06-01,Midwest,Professional Services,MI-004,37006.85,35,0.0213,4.18,29
2025-06-01,Midwest,Professional Services,MI-005,38677.11,31,0.0353,3.86,28
2025-06-01,Midwest,Professional Services,MI-006,34049.99,29,0.0634,4.86,39
2025-06-01,Midwest,Professional Services,MI-007,32791.68,21,0.0299,4.21,33
2025-06-01,Midwest,Professional Services,MI-008,32040.77,33,0.0556,4.16,20
2025-06-01,Midwest,Professional Services,MI-009,33577.84,32,0.1075,3.21,29
2025-06-01,Midwest,Professional Services,MI-010,28014.42,19,0.0547,3.97,30
2025-06-01,Midwest,Professional Services,MI-011,31273.31,29,0.0647,3.72,34
2025-06-01,Midwest,Professional Services,MI-012,35932.74,29,0.1332,3.79,19
2025-06-01,West,Enterprise SaaS,WE-001,108568.32,141,0.0647,4.47,41
2025-06-01,West,Enterprise SaaS,WE-002,108776.32,131,0.0442,4.34,33
2025-06-01,West,Enterprise SaaS,WE-003,98628.9,123,0.0089,4.06,55
2025-06-01,West,Enterprise SaaS,WE-004,84811.87,99,0.1034,3.83,47
2025-06-01,West,Enterprise SaaS,WE-005,82081.16,98,0.0591,4.55,42
2025-06-01,West,Enterprise SaaS,WE-006,109622.55,140,0.085,3.81,33
2025-06-01,West,Enterprise SaaS,WE-007,100056.66,128,0.1303,3.8,47
2025-06-01,West,Enterprise SaaS,WE-008,96807.47,131,0.106,4.03,46
2025-06-01,West,Enterprise SaaS,WE-009,96270.26,118,0.0572,3.52,42
2025-06-01,West,Enterprise SaaS,WE-010,77601.78,78,0.0511,4.51,54
2025-06-01,West,Enterprise SaaS,WE-011,80753.42,87,0.0187,3.99,25
2025-06-01,West,Enterprise SaaS,WE-012,82361.12,83,0.1133,3.51,48
2025-06-01,West,SMB Platform,WE-001,52937.96,126,0.092,4.26,15
2025-06-01,West,SMB Platform,WE-002,72748.27,230,0.041,3.77,21
2025-06-01,West,SMB Platform,WE-003,79030.23,270,0.076,4.15,18
2025-06-01,West,SMB Platform,WE-004,74630.66,268,0.0153,4.25,13
2025-06-01,West,SMB Platform,WE-005,58320.11,164,0.0198,4.58,15
2025-06-01,West,SMB Platform,WE-006,58831.14,188,0.0684,3.51,15
2025-06-01,West,SMB Platform,WE-007,55743.67,138,0.0551,4.03,14
2025-06-01,West,SMB Platform,WE-008,64724.61,206,0.1016,3.8,17
2025-06-01,West,SMB Platform,WE-009,81947.7,249,0.026,3.8,16
2025-06-01,West,SMB Platform,WE-010,52807.39,185,0.1064,4.31,11
2025-06-01,West,SMB Platform,WE-011,69663.78,235,0.0679,3.96,23
2025-06-01,West,SMB Platform,WE-012,85934.96,291,0.0572,3.97,16
2025-06-01,West,Professional Services,WE-001,40830.61,31,0.0803,3.81,31
2025-06-01,West,Professional Services,WE-002,49834.12,45,0.0173,3.89,34
2025-06-01,West,Professional Services,WE-003,40780.74,30,0.1017,4.24,24
2025-06-01,West,Professional Services,WE-004,42813.16,38,0.1329,4.53,28
2025-06-01,West,Professional Services,WE-005,56164.19,49,0.0988,3.68,22
2025-06-01,West,Professional Services,WE-006,44318.03,35,0.0441,4.41,33
2025-06-01,West,Professional Services,WE-007,53033.0,48,0.0416,4.34,14
2025-06-01,West,Professional Services,WE-008,53440.53,44,0.0799,4.03,42
2025-06-01,West,Professional Services,WE-009,52912.1,47,0.0533,3.77,29
2025-06-01,West,Professional Services,WE-010,47117.29,38,0.0401,3.4,29
2025-06-01,West,Professional Services,WE-011,51726.43,50,0.0425,4.12,24
2025-06-01,West,Professional Services,WE-012,54391.17,48,0.0512,4.22,27
2025-06-01,Southwest,Enterprise SaaS,SO-001,55583.01,68,0.0281,3.78,44
2025-06-01,Southwest,Enterprise SaaS,SO-002,68954.15,78,0.0754,3.93,40
2025-06-01,Southwest,Enterprise SaaS,SO-003,63353.33,68,0.0939,3.4,41
2025-06-01,Southwest,Enterprise SaaS,SO-004,52023.18,58,0.0676,4.08,39
2025-06-01,Southwest,Enterprise SaaS,SO-005,62894.46,71,0.0648,4.12,56
2025-06-01,Southwest,Enterprise SaaS,SO-006,50043.24,49,0.0971,3.96,46
2025-06-01,Southwest,Enterprise SaaS,SO-007,66736.55,64,0.0506,3.37,49
2025-06-01,Southwest,Enterprise SaaS,SO-008,57604.51,69,0.035,4.02,39
2025-06-01,Southwest,Enterprise SaaS,SO-009,53691.02,72,0.1633,4.16,43
2025-06-01,Southwest,Enterprise SaaS,SO-010,62563.61,78,0.0626,4.17,46
2025-06-01,Southwest,Enterprise SaaS,SO-011,61202.57,69,0.0516,4.52,39
2025-06-01,Southwest,Enterprise SaaS,SO-012,80160.36,95,0.0765,3.96,55
2025-06-01,Southwest,SMB Platform,SO-001,45964.01,119,0.0693,4.23,20
2025-06-01,Southwest,SMB Platform,SO-002,43089.69,109,0.0173,3.96,18
2025-06-01,Southwest,SMB Platform,SO-003,54088.89,133,0.0373,4.1,22
2025-06-01,Southwest,SMB Platform,SO-004,37621.46,105,0.0611,3.9,19
2025-06-01,Southwest,SMB Platform,SO-005,49241.65,174,0.1014,3.72,23
2025-06-01,Southwest,SMB Platform,SO-006,52063.08,182,0.0521,3.71,16
2025-06-01,Southwest,SMB Platform,SO-007,38030.71,110,0.0862,4.27,18
2025-06-01,Southwest,SMB Platform,SO-008,38385.35,122,0.0635,4.07,24
2025-06-01,Southwest,SMB Platform,SO-009,46709.04,143,0.1269,3.99,12
2025-06-01,Southwest,SMB Platform,SO-010,47238.44,147,0.0542,4.33,15
2025-06-01,Southwest,SMB Platform,SO-011,53747.45,170,0.1415,3.59,25
2025-06-01,Southwest,SMB Platform,SO-012,43887.17,139,0.1706,3.71,20
2025-06-01,Southwest,Professional Services,SO-001,37742.12,30,0.0544,3.83,23
2025-06-01,Southwest,Professional Services,SO-002,34411.11,28,0.0328,4.02,30
2025-06-01,Southwest,Professional Services,SO-003,33348.79,24,0.0238,3.74,24
2025-06-01,Southwest,Professional Services,SO-004,27412.91,21,0.0627,4.58,25
2025-06-01,Southwest,Professional Services,SO-005,36972.82,29,0.0102,4.24,31
2025-06-01,Southwest,Professional Services,SO-006,36039.51,31,0.0234,4.19,33
2025-06-01,Southwest,Professional Services,SO-007,38751.52,30,0.0636,3.86,27
2025-06-01,Southwest,Professional Services,SO-008,29084.01,24,0.0828,3.67,25
2025-06-01,Southwest,Professional Services,SO-009,31617.02,31,0.0928,3.9,33
2025-06-01,Southwest,Professional Services,SO-010,28533.18,24,0.0629,3.92,31
2025-06-01,Southwest,Professional Services,SO-011,35770.66,23,0.0671,3.56,32
2025-06-01,Southwest,Professional Services,SO-012,25926.37,21,0.0757,3.96,37
2025-07-01,Northeast,Enterprise SaaS,NO-001,79271.82,83,0.041,3.87,50
2025-07-01,Northeast,Enterprise SaaS,NO-002,105130.4,136,0.0337,4.31,54
2025-07-01,Northeast,Enterprise SaaS,NO-003,81848.43,95,0.1303,3.92,51
2025-07-01,Northeast,Enterprise SaaS,NO-004,76245.58,95,0.1329,4.18,43
2025-07-01,Northeast,Enterprise SaaS,NO-005,87889.6,94,0.0332,4.48,34
2025-07-01,Northeast,Enterprise SaaS,NO-006,85278.98,108,0.0881,4.2,32
2025-07-01,Northeast,Enterprise SaaS,NO-007,91725.95,117,0.011,4.25,25
2025-07-01,Northeast,Enterprise SaaS,NO-008,91790.75,109,0.048,4.0,48
2025-07-01,Northeast,Enterprise SaaS,NO-009,96367.62,93,0.0904,4.21,44
2025-07-01,Northeast,Enterprise SaaS,NO-010,76957.58,98,0.1493,3.47,33
2025-07-01,Northeast,Enterprise SaaS,NO-011,102591.46,123,0.0884,3.95,31
2025-07-01,Northeast,Enterprise SaaS,NO-012,98721.9,128,0.0758,4.12,43
2025-07-01,Northeast,SMB Platform,NO-001,50391.5,148,0.1203,4.12,18
2025-07-01,Northeast,SMB Platform,NO-002,50875.65,143,0.0366,4.09,26
2025-07-01,Northeast,SMB Platform,NO-003,65244.96,201,0.1191,3.64,16
2025-07-01,Northeast,SMB Platform,NO-004,53993.72,167,0.1723,3.64,9
2025-07-01,Northeast,SMB Platform,NO-005,74563.48,196,0.1064,3.8,19
2025-07-01,Northeast,SMB Platform,NO-006,69073.92,192,0.0598,4.16,8
2025-07-01,Northeast,SMB Platform,NO-007,50092.75,167,0.0329,4.05,14
2025-07-01,Northeast,SMB Platform,NO-008,59875.4,196,0.0737,4.19,13
2025-07-01,Northeast,SMB Platform,NO-009,50882.35,156,0.0115,4.5,22
2025-07-01,Northeast,SMB Platform,NO-010,67406.62,243,0.0598,3.94,22
2025-07-01,Northeast,SMB Platform,NO-011,64314.92,216,0.1188,4.1,15
2025-07-01,Northeast,SMB Platform,NO-012,71765.46,219,0.1301,3.83,20
2025-07-01,Northeast,Professional Services,NO-001,43240.86,36,0.0987,3.96,32
2025-07-01,Northeast,Professional Services,NO-002,43074.56,32,0.0185,4.76,19
2025-07-01,Northeast,Professional Services,NO-003,35546.02,30,0.0308,4.54,34
2025-07-01,Northeast,Professional Services,NO-004,42806.89,39,0.0185,4.01,18
2025-07-01,Northeast,Professional Services,NO-005,38992.29,30,0.1001,4.22,40
2025-07-01,Northeast,Professional Services,NO-006,37538.84,35,0.1146,3.76,30
2025-07-01,Northeast,Professional Services,NO-007,50731.39,46,0.016,3.33,26
2025-07-01,Northeast,Professional Services,NO-008,42408.66,38,0.0451,3.52,33
2025-07-01,Northeast,Professional Services,NO-009,47680.0,47,0.0267,3.67,23
2025-07-01,Northeast,Professional Services,NO-010,52462.31,45,0.0448,3.9,30
2025-07-01,Northeast,Professional Services,NO-011,40448.74,32,0.069,3.99,39
2025-07-01,Northeast,Professional Services,NO-012,48057.94,43,0.0583,3.11,31
2025-07-01,Southeast,Enterprise SaaS,SO-001,56427.08,60,0.0842,3.67,51
2025-07-01,Southeast,Enterprise SaaS,SO-002,63398.19,75,0.0728,3.98,58
2025-07-01,Southeast,Enterprise SaaS,SO-003,73918.13,81,0.1024,3.69,48
2025-07-01,Southeast,Enterprise SaaS,SO-004,89905.91,97,0.1682,4.13,56
2025-07-01,Southeast,Enterprise SaaS,SO-005,70435.08,66,0.0474,4.35,42
2025-07-01,Southeast,Enterprise SaaS,SO-006,79282.99,83,0.1007,3.51,51
2025-07-01,Southeast,Enterprise SaaS,SO-007,89248.65,110,0.0608,4.15,55
2025-07-01,Southeast,Enterprise SaaS,SO-008,74960.29,95,0.0221,4.19,53
2025-07-01,Southeast,Enterprise SaaS,SO-009,76348.45,76,0.0531,3.92,44
2025-07-01,Southeast,Enterprise SaaS,SO-010,66056.64,82,0.0226,4.37,45
2025-07-01,Southeast,Enterprise SaaS,SO-011,69247.52,79,0.0237,4.1,46
2025-07-01,Southeast,Enterprise SaaS,SO-012,80145.61,95,0.0978,3.35,47
2025-07-01,Southeast,SMB Platform,SO-001,50359.09,179,0.0765,4.06,13
2025-07-01,Southeast,SMB Platform,SO-002,52679.68,181,0.0566,4.16,13
2025-07-01,Southeast,SMB Platform,SO-003,57041.75,161,0.1146,4.14,14
2025-07-01,Southeast,SMB Platform,SO-004,55796.98,176,0.0752,4.32,14
2025-07-01,Southeast,SMB Platform,SO-005,65415.55,233,0.0345,4.0,14
2025-07-01,Southeast,SMB Platform,SO-006,59181.23,202,0.0497,3.61,17
2025-07-01,Southeast,SMB Platform,SO-007,44283.07,144,0.0527,4.03,20
2025-07-01,Southeast,SMB Platform,SO-008,60387.76,186,0.0939,3.05,16
2025-07-01,Southeast,SMB Platform,SO-009,56793.86,201,0.0238,4.29,12
2025-07-01,Southeast,SMB Platform,SO-010,68656.98,176,0.0948,3.83,15
2025-07-01,Southeast,SMB Platform,SO-011,51712.16,154,0.0403,4.16,15
2025-07-01,Southeast,SMB Platform,SO-012,49663.07,164,0.0721,3.79,21
2025-07-01,Southeast,Professional Services,SO-001,34721.23,29,0.1299,3.64,31
2025-07-01,Southeast,Professional Services,SO-002,35495.69,31,0.0937,3.85,30
2025-07-01,Southeast,Professional Services,SO-003,41849.36,33,0.0338,4.15,40
2025-07-01,Southeast,Professional Services,SO-004,33416.13,28,0.0621,4.13,34
2025-07-01,Southeast,Professional Services,SO-005,32072.86,27,0.0535,3.97,22
2025-07-01,Southeast,Professional Services,SO-006,40385.05,35,0.0238,4.25,36
2025-07-01,Southeast,Professional Services,SO-007,40203.31,34,0.1587,4.33,27
2025-07-01,Southeast,Professional Services,SO-008,34808.1,32,0.1235,3.31,30
2025-07-01,Southeast,Professional Services,SO-009,38436.23,26,0.0633,4.13,28
2025-07-01,Southeast,Professional Services,SO-010,29571.91,27,0.1176,3.54,27
2025-07-01,Southeast,Professional Services,SO-011,45494.03,33,0.1358,4.4,32
2025-07-01,Southeast,Professional Services,SO-012,32254.41,25,0.0164,4.67,42
2025-07-01,Midwest,Enterprise SaaS,MI-001,54926.53,72,0.0995,3.6,34
2025-07-01,Midwest,Enterprise SaaS,MI-002,73742.56,89,0.1123,3.66,42
2025-07-01,Midwest,Enterprise SaaS,MI-003,54454.38,58,0.091,4.02,52
2025-07-01,Midwest,Enterprise SaaS,MI-004,79230.94,100,0.0971,4.33,39
2025-07-01,Midwest,Enterprise SaaS,MI-005,60294.61,70,0.0404,3.58,24
2025-07-01,Midwest,Enterprise SaaS,MI-006,54034.28,65,0.0763,3.54,44
2025-07-01,Midwest,Enterprise SaaS,MI-007,74626.1,91,0.0078,4.11,64
2025-07-01,Midwest,Enterprise SaaS,MI-008,56229.19,67,0.1102,3.91,41
2025-07-01,Midwest,Enterprise SaaS,MI-009,73097.74,84,0.0742,3.99,28
2025-07-01,Midwest,Enterprise SaaS,MI-010,67003.84,70,0.179,4.07,36
2025-07-01,Midwest,Enterprise SaaS,MI-011,72813.76,69,0.0632,4.29,34
2025-07-01,Midwest,Enterprise SaaS,MI-012,56642.9,62,0.0441,4.11,37
2025-07-01,Midwest,SMB Platform,MI-001,47128.62,158,0.1028,3.98,14
2025-07-01,Midwest,SMB Platform,MI-002,40999.34,161,0.0283,3.9,13
2025-07-01,Midwest,SMB Platform,MI-003,46446.15,159,0.0599,3.93,23
2025-07-01,Midwest,SMB Platform,MI-004,50868.45,168,0.0618,3.38,16
2025-07-01,Midwest,SMB Platform,MI-005,50691.16,140,0.0047,4.42,15
2025-07-01,Midwest,SMB Platform,MI-006,41800.95,130,0.0774,4.26,16
2025-07-01,Midwest,SMB Platform,MI-007,45476.29,154,0.0364,3.74,12
2025-07-01,Midwest,SMB Platform,MI-008,51312.4,161,0.1117,3.86,16
2025-07-01,Midwest,SMB Platform,MI-009,40315.3,115,0.1269,3.73,15
2025-07-01,Midwest,SMB Platform,MI-010,41787.3,120,0.1245,3.99,15
2025-07-01,Midwest,SMB Platform,MI-011,40926.31,112,0.1026,4.1,26
2025-07-01,Midwest,SMB Platform,MI-012,60216.96,191,0.2075,3.78,8
2025-07-01,Midwest,Professional Services,MI-001,35183.95,31,0.109,4.09,32
2025-07-01,Midwest,Professional Services,MI-002,33707.89,25,0.1302,4.11,30
2025-07-01,Midwest,Professional Services,MI-003,43700.54,36,0.0491,4.35,25
2025-07-01,Midwest,Professional Services,MI-004,41261.04,29,0.0499,4.77,29
2025-07-01,Midwest,Professional Services,MI-005,36951.03,33,0.0901,3.71,31
2025-07-01,Midwest,Professional Services,MI-006,31848.57,27,0.0354,3.88,28
2025-07-01,Midwest,Professional Services,MI-007,42060.14,32,0.0036,3.82,41
2025-07-01,Midwest,Professional Services,MI-008,38145.32,32,0.0385,3.49,31
2025-07-01,Midwest,Professional Services,MI-009,33560.64,33,0.1575,3.54,24
2025-07-01,Midwest,Professional Services,MI-010,36331.62,34,0.1264,4.14,39
2025-07-01,Midwest,Professional Services,MI-011,27983.96,26,0.1546,4.27,33
2025-07-01,Midwest,Professional Services,MI-012,32974.85,27,0.1483,3.76,20
2025-07-01,West,Enterprise SaaS,WE-001,94666.35,120,0.0045,4.2,52
2025-07-01,West,Enterprise SaaS,WE-002,97628.31,121,0.1616,3.97,56
2025-07-01,West,Enterprise SaaS,WE-003,80204.4,95,0.1037,3.94,57
2025-07-01,West,Enterprise SaaS,WE-004,77307.31,108,0.0624,4.46,48
2025-07-01,West,Enterprise SaaS,WE-005,82230.83,93,0.0235,4.22,29
2025-07-01,West,Enterprise SaaS,WE-006,94592.78,120,0.098,3.68,45
2025-07-01,West,Enterprise SaaS,WE-007,121565.9,130,0.0732,4.21,38
2025-07-01,West,Enterprise SaaS,WE-008,121956.92,150,0.1634,3.56,34
2025-07-01,West,Enterprise SaaS,WE-009,114238.58,130,0.0198,4.48,44
2025-07-01,West,Enterprise SaaS,WE-010,77343.43,97,0.108,3.25,34
2025-07-01,West,Enterprise SaaS,WE-011,82187.45,81,0.0479,4.19,54
2025-07-01,West,Enterprise SaaS,WE-012,88309.2,105,0.0743,3.52,40
2025-07-01,West,SMB Platform,WE-001,80787.11,269,0.1508,3.65,19
2025-07-01,West,SMB Platform,WE-002,72314.4,262,0.0771,3.95,23
2025-07-01,West,SMB Platform,WE-003,57964.6,169,0.0912,3.92,24
2025-07-01,West,SMB Platform,WE-004,75963.5,243,0.0119,3.77,14
2025-07-01,West,SMB Platform,WE-005,70846.06,230,0.0478,4.05,19
2025-07-01,West,SMB Platform,WE-006,56012.67,167,0.1088,4.12,24
2025-07-01,West,SMB Platform,WE-007,77428.55,231,0.0625,4.6,17
2025-07-01,West,SMB Platform,WE-008,72746.27,246,0.1149,3.28,14
2025-07-01,West,SMB Platform,WE-009,61286.69,161,0.0701,4.17,22
2025-07-01,West,SMB Platform,WE-010,93735.24,314,0.0284,4.55,17
2025-07-01,West,SMB Platform,WE-011,67033.51,181,0.0646,3.83,14
2025-07-01,West,SMB Platform,WE-012,68148.62,216,0.0667,3.53,13
2025-07-01,West,Professional Services,WE-001,51782.28,41,0.1016,3.89,27
2025-07-01,West,Professional Services,WE-002,51832.35,47,0.0611,4.4,30
2025-07-01,West,Professional Services,WE-003,45430.01,43,0.0853,4.27,31
2025-07-01,West,Professional Services,WE-004,44228.94,33,0.0476,4.09,39
2025-07-01,West,Professional Services,WE-005,43336.26,35,0.1632,3.93,21
2025-07-01,West,Professional Services,WE-006,51434.08,39,0.037,4.21,33
2025-07-01,West,Professional Services,WE-007,59239.3,44,0.0862,4.68,22
2025-07-01,West,Professional Services,WE-008,46457.95,37,0.0559,3.97,48
2025-07-01,West,Professional Services,WE-009,55576.37,48,0.1084,3.66,27
2025-07-01,West,Professional Services,WE-010,40214.38,27,0.0856,4.08,28
2025-07-01,West,Professional Services,WE-011,53080.16,55,0.0703,3.81,47
2025-07-01,West,Professional Services,WE-012,42846.36,30,0.0663,3.96,18
2025-07-01,Southwest,Enterprise SaaS,SO-001,59561.26,65,0.0233,3.87,45
2025-07-01,Southwest,Enterprise SaaS,SO-002,69186.32,83,0.011,4.01,47
2025-07-01,Southwest,Enterprise SaaS,SO-003,56155.73,68,0.0374,4.51,42
2025-07-01,Southwest,Enterprise SaaS,SO-004,64997.78,80,0.069,3.34,50
2025-07-01,Southwest,Enterprise SaaS,SO-005,62491.38,69,0.0281,4.21,36
2025-07-01,Southwest,Enterprise SaaS,SO-006,57687.32,63,0.0842,4.24,60
2025-07-01,Southwest,Enterprise SaaS,SO-007,61548.11,72,0.1582,4.11,38
2025-07-01,Southwest,Enterprise SaaS,SO-008,77497.5,75,0.0716,3.91,49
2025-07-01,Southwest,Enterprise SaaS,SO-009,56268.21,66,0.0424,4.21,37
2025-07-01,Southwest,Enterprise SaaS,SO-010,54605.4,68,0.0745,4.04,36
2025-07-01,Southwest,Enterprise SaaS,SO-011,68563.15,84,0.076,3.72,46
2025-07-01,Southwest,Enterprise SaaS,SO-012,73468.44,90,0.1108,3.88,46
2025-07-01,Southwest,SMB Platform,SO-001,50514.74,177,0.1704,3.53,20
2025-07-01,Southwest,SMB Platform,SO-002,54792.81,159,0.051,4.17,15
2025-07-01,Southwest,SMB Platform,SO-003,53420.98,173,0.0333,4.29,23
2025-07-01,Southwest,SMB Platform,SO-004,55927.98,150,0.0625,4.17,16
2025-07-01,Southwest,SMB Platform,SO-005,44722.24,128,0.0234,4.1,14
2025-07-01,Southwest,SMB Platform,SO-006,35597.11,111,0.0619,4.16,15
2025-07-01,Southwest,SMB Platform,SO-007,54085.45,151,0.0227,4.42,18
2025-07-01,Southwest,SMB Platform,SO-008,51212.26,191,0.0479,3.54,13
2025-07-01,Southwest,SMB Platform,SO-009,45867.04,148,0.1471,3.97,18
2025-07-01,Southwest,SMB Platform,SO-010,45738.63,107,0.056,3.72,27
2025-07-01,Southwest,SMB Platform,SO-011,51557.66,173,0.1381,3.7,14
2025-07-01,Southwest,SMB Platform,SO-012,38737.34,132,0.0536,4.38,14
2025-07-01,Southwest,Professional Services,SO-001,30366.84,22,0.1048,4.35,30
2025-07-01,Southwest,Professional Services,SO-002,31454.46,24,0.1906,3.91,33
2025-07-01,Southwest,Professional Services,SO-003,29666.42,26,0.0611,4.38,30
2025-07-01,Southwest,Professional Services,SO-004,37642.77,30,0.0211,4.41,35
2025-07-01,Southwest,Professional Services,SO-005,28058.23,21,0.0722,3.53,30
2025-07-01,Southwest,Professional Services,SO-006,31331.98,27,0.0353,4.38,33
2025-07-01,Southwest,Professional Services,SO-007,34051.2,26,0.0107,4.16,30
2025-07-01,Southwest,Professional Services,SO-008,34599.13,30,0.0349,4.09,29
2025-07-01,Southwest,Professional Services,SO-009,27999.76,23,0.0709,3.58,20
2025-07-01,Southwest,Professional Services,SO-010,32607.52,24,0.0596,3.34,36
2025-07-01,Southwest,Professional Services,SO-011,33744.81,26,0.0847,3.63,38
2025-07-01,Southwest,Professional Services,SO-012,43341.74,37,0.0927,3.73,27
2025-08-01,Northeast,Enterprise SaaS,NO-001,94635.74,96,0.0879,4.07,21
2025-08-01,Northeast,Enterprise SaaS,NO-002,82825.62,72,0.1423,4.07,34
2025-08-01,Northeast,Enterprise SaaS,NO-003,88099.75,113,0.0528,4.36,45
2025-08-01,Northeast,Enterprise SaaS,NO-004,90864.12,98,0.0173,4.32,52
2025-08-01,Northeast,Enterprise SaaS,NO-005,98388.61,109,0.1771,3.9,49
2025-08-01,Northeast,Enterprise SaaS,NO-006,93002.88,117,0.0368,4.22,42
2025-08-01,Northeast,Enterprise SaaS,NO-007,90240.18,93,0.1531,4.36,56
2025-08-01,Northeast,Enterprise SaaS,NO-008,86558.74,84,0.0693,4.1,36
2025-08-01,Northeast,Enterprise SaaS,NO-009,90530.0,112,0.0236,4.23,53
2025-08-01,Northeast,Enterprise SaaS,NO-010,93548.93,115,0.2002,3.82,41
2025-08-01,Northeast,Enterprise SaaS,NO-011,93716.42,103,0.0319,3.79,51
2025-08-01,Northeast,Enterprise SaaS,NO-012,95818.14,117,0.0606,3.97,28
2025-08-01,Northeast,SMB Platform,NO-001,53023.06,163,0.0307,4.01,14
2025-08-01,Northeast,SMB Platform,NO-002,62623.45,222,0.0457,3.65,14
2025-08-01,Northeast,SMB Platform,NO-003,69939.08,204,0.0445,4.61,24
2025-08-01,Northeast,SMB Platform,NO-004,49761.04,145,0.0851,4.01,26
2025-08-01,Northeast,SMB Platform,NO-005,66784.86,215,0.018,4.27,11
2025-08-01,Northeast,SMB Platform,NO-006,62848.47,191,0.0741,4.39,13
2025-08-01,Northeast,SMB Platform,NO-007,55051.87,203,0.1016,3.67,21
2025-08-01,Northeast,SMB Platform,NO-008,58606.38,171,0.0459,4.23,12
2025-08-01,Northeast,SMB Platform,NO-009,66516.15,240,0.089,4.26,19
2025-08-01,Northeast,SMB Platform,NO-010,47962.58,137,0.0388,4.07,17
2025-08-01,Northeast,SMB Platform,NO-011,61203.82,208,0.009,3.69,17
2025-08-01,Northeast,SMB Platform,NO-012,57905.52,148,0.0223,4.48,19
2025-08-01,Northeast,Professional Services,NO-001,41019.5,35,0.0358,3.96,32
2025-08-01,Northeast,Professional Services,NO-002,34067.37,29,0.1284,3.52,23
2025-08-01,Northeast,Professional Services,NO-003,52101.9,39,0.1947,3.12,29
2025-08-01,Northeast,Professional Services,NO-004,47461.63,31,0.0148,3.77,36
2025-08-01,Northeast,Professional Services,NO-005,46303.05,33,0.1062,4.06,27
2025-08-01,Northeast,Professional Services,NO-006,47923.66,34,0.0665,3.68,19
2025-08-01,Northeast,Professional Services,NO-007,39864.99,32,0.0769,3.8,36
2025-08-01,Northeast,Professional Services,NO-008,43612.7,40,0.1998,3.78,35
2025-08-01,Northeast,Professional Services,NO-009,42658.31,37,0.0904,4.07,27
2025-08-01,Northeast,Professional Services,NO-010,33294.06,27,0.0971,3.85,35
2025-08-01,Northeast,Professional Services,NO-011,41802.35,34,0.0156,3.71,32
2025-08-01,Northeast,Professional Services,NO-012,48174.38,46,0.0714,3.83,38
2025-08-01,Southeast,Enterprise SaaS,SO-001,61838.75,59,0.0781,3.79,45
2025-08-01,Southeast,Enterprise SaaS,SO-002,62611.71,80,0.0719,4.05,38
2025-08-01,Southeast,Enterprise SaaS,SO-003,94969.67,102,0.0157,4.51,48
2025-08-01,Southeast,Enterprise SaaS,SO-004,82826.6,85,0.0414,3.66,34
2025-08-01,Southeast,Enterprise SaaS,SO-005,67099.99,73,0.0484,4.06,38
2025-08-01,Southeast,Enterprise SaaS,SO-006,77710.69,91,0.137,4.23,44
2025-08-01,Southeast,Enterprise SaaS,SO-007,68004.13,89,0.1195,4.16,54
2025-08-01,Southeast,Enterprise SaaS,SO-008,71042.24,87,0.0331,3.9,45
2025-08-01,Southeast,Enterprise SaaS,SO-009,74633.94,93,0.0954,3.6,46
2025-08-01,Southeast,Enterprise SaaS,SO-010,87811.24,92,0.0612,3.29,28
2025-08-01,Southeast,Enterprise SaaS,SO-011,85310.78,93,0.1211,4.41,47
2025-08-01,Southeast,Enterprise SaaS,SO-012,81157.13,77,0.0408,3.92,53
2025-08-01,Southeast,SMB Platform,SO-001,57802.58,186,0.0462,4.24,18
2025-08-01,Southeast,SMB Platform,SO-002,49922.81,178,0.0232,4.36,16
2025-08-01,Southeast,SMB Platform,SO-003,59592.29,175,0.2426,3.51,16
2025-08-01,Southeast,SMB Platform,SO-004,49571.6,149,0.0134,4.05,23
2025-08-01,Southeast,SMB Platform,SO-005,50408.43,141,0.0652,4.27,18
2025-08-01,Southeast,SMB Platform,SO-006,45212.62,157,0.0216,3.73,16
2025-08-01,Southeast,SMB Platform,SO-007,39860.3,125,0.0442,4.08,21
2025-08-01,Southeast,SMB Platform,SO-008,50819.44,153,0.1086,3.8,16
2025-08-01,Southeast,SMB Platform,SO-009,51357.87,180,0.0468,4.12,13
2025-08-01,Southeast,SMB Platform,SO-010,45645.91,154,0.1396,4.43,16
2025-08-01,Southeast,SMB Platform,SO-011,73363.24,212,0.0136,3.91,16
2025-08-01,Southeast,SMB Platform,SO-012,54882.18,177,0.033,3.77,22
2025-08-01,Southeast,Professional Services,SO-001,36947.93,25,0.1384,3.25,34
2025-08-01,Southeast,Professional Services,SO-002,33717.25,28,0.0281,3.92,15
2025-08-01,Southeast,Professional Services,SO-003,33970.0,26,0.0646,4.13,27
2025-08-01,Southeast,Professional Services,SO-004,38977.01,31,0.0225,3.93,34
2025-08-01,Southeast,Professional Services,SO-005,31724.7,33,0.0321,4.18,42
2025-08-01,Southeast,Professional Services,SO-006,46093.19,35,0.1522,3.71,29
2025-08-01,Southeast,Professional Services,SO-007,35873.77,31,0.0088,4.28,31
2025-08-01,Southeast,Professional Services,SO-008,35577.54,25,0.041,3.7,29
2025-08-01,Southeast,Professional Services,SO-009,37976.73,29,0.0668,3.67,38
2025-08-01,Southeast,Professional Services,SO-010,42491.2,36,0.0662,4.36,24
2025-08-01,Southeast,Professional Services,SO-011,38191.24,28,0.0404,3.98,40
2025-08-01,Southeast,Professional Services,SO-012,32754.38,24,0.0351,4.39,22
2025-08-01,Midwest,Enterprise SaaS,MI-001,52322.59,58,0.0311,4.47,47
2025-08-01,Midwest,Enterprise SaaS,MI-002,55611.65,55,0.0035,4.07,32
2025-08-01,Midwest,Enterprise SaaS,MI-003,68211.17,82,0.0875,3.78,41
2025-08-01,Midwest,Enterprise SaaS,MI-004,59569.8,69,0.0054,3.76,48
2025-08-01,Midwest,Enterprise SaaS,MI-005,75133.89,89,0.0636,4.11,46
2025-08-01,Midwest,Enterprise SaaS,MI-006,75542.8,90,0.1681,3.32,38
2025-08-01,Midwest,Enterprise SaaS,MI-007,59536.28,74,0.1012,3.9,46
2025-08-01,Midwest,Enterprise SaaS,MI-008,53019.28,54,0.0785,3.75,49
2025-08-01,Midwest,Enterprise SaaS,MI-009,71575.08,91,0.0886,3.98,16
2025-08-01,Midwest,Enterprise SaaS,MI-010,71137.84,82,0.0168,4.07,27
2025-08-01,Midwest,Enterprise SaaS,MI-011,60998.12,76,0.1396,3.78,45
2025-08-01,Midwest,Enterprise SaaS,MI-012,77586.59,89,0.0117,4.43,60
2025-08-01,Midwest,SMB Platform,MI-001,36472.76,109,0.1004,3.87,21
2025-08-01,Midwest,SMB Platform,MI-002,38553.14,125,0.1059,4.05,15
2025-08-01,Midwest,SMB Platform,MI-003,43913.59,143,0.0289,4.15,21
2025-08-01,Midwest,SMB Platform,MI-004,44205.76,133,0.0361,4.77,20
2025-08-01,Midwest,SMB Platform,MI-005,49256.22,117,0.0739,3.7,16
2025-08-01,Midwest,SMB Platform,MI-006,45492.94,163,0.1699,3.38,14
2025-08-01,Midwest,SMB Platform,MI-007,56830.31,164,0.1008,3.49,15
2025-08-01,Midwest,SMB Platform,MI-008,39306.69,140,0.0294,3.8,16
2025-08-01,Midwest,SMB Platform,MI-009,53741.19,150,0.1114,4.04,19
2025-08-01,Midwest,SMB Platform,MI-010,36235.56,120,0.0458,4.64,15
2025-08-01,Midwest,SMB Platform,MI-011,44356.0,159,0.0516,4.08,15
2025-08-01,Midwest,SMB Platform,MI-012,54922.28,185,0.0394,4.23,15
2025-08-01,Midwest,Professional Services,MI-001,35009.43,27,0.0916,4.33,43
2025-08-01,Midwest,Professional Services,MI-002,39029.69,32,0.0329,3.85,32
2025-08-01,Midwest,Professional Services,MI-003,27093.61,26,0.0195,4.16,25
2025-08-01,Midwest,Professional Services,MI-004,28917.21,23,0.0481,3.67,40
2025-08-01,Midwest,Professional Services,MI-005,38260.72,31,0.0749,3.96,33
2025-08-01,Midwest,Professional Services,MI-006,30535.59,25,0.0118,4.04,33
2025-08-01,Midwest,Professional Services,MI-007,41065.43,36,0.0251,3.82,43
2025-08-01,Midwest,Professional Services,MI-008,31053.54,26,0.1048,3.9,25
2025-08-01,Midwest,Professional Services,MI-009,29723.37,23,0.0681,3.62,25
2025-08-01,Midwest,Professional Services,MI-010,40583.16,31,0.1288,4.17,18
2025-08-01,Midwest,Professional Services,MI-011,30035.38,20,0.0739,4.61,31
2025-08-01,Midwest,Professional Services,MI-012,33059.04,27,0.0694,3.87,21
2025-08-01,West,Enterprise SaaS,WE-001,103533.81,104,0.0535,4.33,45
2025-08-01,West,Enterprise SaaS,WE-002,92294.05,62,0.0374,4.42,42
2025-08-01,West,Enterprise SaaS,WE-003,95296.01,94,0.0224,3.94,37
2025-08-01,West,Enterprise SaaS,WE-004,81341.06,105,0.0073,4.58,41
2025-08-01,West,Enterprise SaaS,WE-005,82256.43,97,0.0131,3.92,40
2025-08-01,West,Enterprise SaaS,WE-006,113437.74,120,0.0066,4.35,52
2025-08-01,West,Enterprise SaaS,WE-007,70119.14,85,0.0438,4.11,46
2025-08-01,West,Enterprise SaaS,WE-008,75719.42,81,0.0542,4.02,41
2025-08-01,West,Enterprise SaaS,WE-009,103876.32,121,0.0788,4.03,48
2025-08-01,West,Enterprise SaaS,WE-010,105886.33,115,0.0153,3.57,46
2025-08-01,West,Enterprise SaaS,WE-011,93553.94,110,0.0466,4.05,39
2025-08-01,West,Enterprise SaaS,WE-012,93853.59,118,0.0444,4.19,46
2025-08-01,West,SMB Platform,WE-001,75226.72,237,0.033,4.53,21
2025-08-01,West,SMB Platform,WE-002,68350.44,191,0.0187,4.0,9
2025-08-01,West,SMB Platform,WE-003,67468.57,215,0.0623,4.63,24
2025-08-01,West,SMB Platform,WE-004,68687.39,218,0.0441,4.45,16
2025-08-01,West,SMB Platform,WE-005,70655.12,241,0.0061,4.56,15
2025-08-01,West,SMB Platform,WE-006,80674.21,241,0.0258,3.88,14
2025-08-01,West,SMB Platform,WE-007,68764.05,210,0.051,3.96,17
2025-08-01,West,SMB Platform,WE-008,54441.81,129,0.1181,4.01,20
2025-08-01,West,SMB Platform,WE-009,76376.91,228,0.0983,4.34,18
2025-08-01,West,SMB Platform,WE-010,76828.72,251,0.0793,3.6,17
2025-08-01,West,SMB Platform,WE-011,64990.72,234,0.0275,4.15,16
2025-08-01,West,SMB Platform,WE-012,75697.1,274,0.0293,4.02,22
2025-08-01,West,Professional Services,WE-001,53354.32,47,0.0373,4.28,35
2025-08-01,West,Professional Services,WE-002,47804.1,34,0.0496,3.87,35
2025-08-01,West,Professional Services,WE-003,49479.76,46,0.0197,4.11,29
2025-08-01,West,Professional Services,WE-004,51365.39,40,0.182,3.71,31
2025-08-01,West,Professional Services,WE-005,39475.39,33,0.0681,3.78,27
2025-08-01,West,Professional Services,WE-006,45353.1,41,0.0514,3.59,31
2025-08-01,West,Professional Services,WE-007,57752.91,56,0.1601,3.44,44
2025-08-01,West,Professional Services,WE-008,49170.69,45,0.0939,3.86,33
2025-08-01,West,Professional Services,WE-009,50667.46,45,0.0202,4.45,36
2025-08-01,West,Professional Services,WE-010,52157.82,47,0.0183,4.06,28
2025-08-01,West,Professional Services,WE-011,53931.07,49,0.0949,3.91,45
2025-08-01,West,Professional Services,WE-012,48627.51,36,0.0868,4.05,35
2025-08-01,Southwest,Enterprise SaaS,SO-001,47926.28,60,0.0217,3.77,54
2025-08-01,Southwest,Enterprise SaaS,SO-002,62346.59,62,0.0322,3.89,40
2025-08-01,Southwest,Enterprise SaaS,SO-003,74230.81,96,0.1287,4.51,47
2025-08-01,Southwest,Enterprise SaaS,SO-004,66293.91,75,0.0974,4.16,48
2025-08-01,Southwest,Enterprise SaaS,SO-005,80092.84,92,0.0905,3.7,65
2025-08-01,Southwest,Enterprise SaaS,SO-006,67138.33,72,0.0266,4.43,45
2025-08-01,Southwest,Enterprise SaaS,SO-007,62925.49,64,0.0092,3.54,53
2025-08-01,Southwest,Enterprise SaaS,SO-008,75501.63,86,0.0626,3.93,42
2025-08-01,Southwest,Enterprise SaaS,SO-009,70943.1,73,0.0611,4.12,64
2025-08-01,Southwest,Enterprise SaaS,SO-010,62111.16,72,0.0917,3.71,54
2025-08-01,Southwest,Enterprise SaaS,SO-011,62537.89,62,0.1348,3.04,44
2025-08-01,Southwest,Enterprise SaaS,SO-012,71062.12,70,0.0306,4.88,40
2025-08-01,Southwest,SMB Platform,SO-001,41730.84,104,0.0691,4.12,15
2025-08-01,Southwest,SMB Platform,SO-002,52095.9,152,0.0328,3.92,11
2025-08-01,Southwest,SMB Platform,SO-003,59441.02,212,0.0328,3.8,23
2025-08-01,Southwest,SMB Platform,SO-004,36447.49,124,0.0605,4.08,18
2025-08-01,Southwest,SMB Platform,SO-005,52960.07,157,0.1231,3.69,13
2025-08-01,Southwest,SMB Platform,SO-006,44681.29,143,0.0255,4.66,20
2025-08-01,Southwest,SMB Platform,SO-007,41833.61,130,0.0608,4.48,16
2025-08-01,Southwest,SMB Platform,SO-008,48840.51,159,0.0291,3.92,19
2025-08-01,Southwest,SMB Platform,SO-009,51401.8,181,0.1247,3.3,15
2025-08-01,Southwest,SMB Platform,SO-010,50431.53,140,0.0436,3.77,22
2025-08-01,Southwest,SMB Platform,SO-011,52190.44,207,0.0689,4.08,14
2025-08-01,Southwest,SMB Platform,SO-012,44020.14,147,0.1334,3.53,18
2025-08-01,Southwest,Professional Services,SO-001,27433.2,24,0.1388,3.65,42
2025-08-01,Southwest,Professional Services,SO-002,35135.31,28,0.0801,3.99,37
2025-08-01,Southwest,Professional Services,SO-003,41788.1,36,0.05,3.32,40
2025-08-01,Southwest,Professional Services,SO-004,33120.59,26,0.1094,3.5,35
2025-08-01,Southwest,Professional Services,SO-005,25893.05,21,0.0385,3.99,28
2025-08-01,Southwest,Professional Services,SO-006,25132.3,21,0.0861,4.02,31
2025-08-01,Southwest,Professional Services,SO-007,37540.41,32,0.1073,4.19,28
2025-08-01,Southwest,Professional Services,SO-008,32610.84,32,0.0031,4.8,33
2025-08-01,Southwest,Professional Services,SO-009,29877.42,26,0.2357,3.64,16
2025-08-01,Southwest,Professional Services,SO-010,32920.07,26,0.0373,4.32,17
2025-08-01,Southwest,Professional Services,SO-011,34904.84,29,0.0317,4.08,34
2025-08-01,Southwest,Professional Services,SO-012,36786.2,27,0.1305,3.93,39
2025-09-01,Northeast,Enterprise SaaS,NO-001,76388.78,91,0.0351,3.86,43
2025-09-01,Northeast,Enterprise SaaS,NO-002,80502.7,93,0.0164,4.65,44
2025-09-01,Northeast,Enterprise SaaS,NO-003,102769.38,120,0.0248,4.17,31
2025-09-01,Northeast,Enterprise SaaS,NO-004,61931.05,71,0.0337,4.1,34
2025-09-01,Northeast,Enterprise SaaS,NO-005,113564.49,124,0.0092,4.15,49
2025-09-01,Northeast,Enterprise SaaS,NO-006,77846.55,102,0.0393,4.37,44
2025-09-01,Northeast,Enterprise SaaS,NO-007,64108.02,67,0.1378,3.59,38
2025-09-01,Northeast,Enterprise SaaS,NO-008,78535.84,91,0.0601,4.53,32
2025-09-01,Northeast,Enterprise SaaS,NO-009,94151.35,116,0.093,4.6,52
2025-09-01,Northeast,Enterprise SaaS,NO-010,84119.08,99,0.0646,4.07,37
2025-09-01,Northeast,Enterprise SaaS,NO-011,102066.77,99,0.0609,4.07,41
2025-09-01,Northeast,Enterprise SaaS,NO-012,93304.39,109,0.128,3.8,36
2025-09-01,Northeast,SMB Platform,NO-001,56166.09,150,0.0236,4.0,15
2025-09-01,Northeast,SMB Platform,NO-002,53426.13,173,0.0336,4.05,15
2025-09-01,Northeast,SMB Platform,NO-003,61824.56,165,0.0674,4.4,21
2025-09-01,Northeast,SMB Platform,NO-004,59543.65,192,0.0539,3.96,21
2025-09-01,Northeast,SMB Platform,NO-005,55543.73,167,0.047,3.7,22
2025-09-01,Northeast,SMB Platform,NO-006,64278.69,195,0.0972,3.82,17
2025-09-01,Northeast,SMB Platform,NO-007,48342.29,180,0.0623,4.26,19
2025-09-01,Northeast,SMB Platform,NO-008,47494.16,164,0.0053,4.23,21
2025-09-01,Northeast,SMB Platform,NO-009,51043.84,165,0.1905,3.81,22
2025-09-01,Northeast,SMB Platform,NO-010,80794.02,256,0.059,3.8,16
2025-09-01,Northeast,SMB Platform,NO-011,66793.46,190,0.0463,4.3,5
2025-09-01,Northeast,SMB Platform,NO-012,64705.79,194,0.1165,3.86,20
2025-09-01,Northeast,Professional Services,NO-001,42635.04,41,0.072,3.97,23
2025-09-01,Northeast,Professional Services,NO-002,34744.22,30,0.0146,4.41,34
2025-09-01,Northeast,Professional Services,NO-003,38907.21,33,0.1035,3.89,20
2025-09-01,Northeast,Professional Services,NO-004,37781.11,30,0.0904,3.79,32
2025-09-01,Northeast,Professional Services,NO-005,41047.6,32,0.0095,4.83,35
2025-09-01,Northeast,Professional Services,NO-006,50217.18,36,0.1274,3.56,25
2025-09-01,Northeast,Professional Services,NO-007,57370.17,48,0.0673,3.17,29
2025-09-01,Northeast,Professional Services,NO-008,34764.63,31,0.0969,3.9,28
2025-09-01,Northeast,Professional Services,NO-009,51472.24,41,0.0714,4.14,25
2025-09-01,Northeast,Professional Services,NO-010,43181.8,30,0.1003,3.62,26
2025-09-01,Northeast,Professional Services,NO-011,39072.47,32,0.0488,3.93,31
2025-09-01,Northeast,Professional Services,NO-012,39464.37,30,0.0718,3.92,33
2025-09-01,Southeast,Enterprise SaaS,SO-001,65921.98,80,0.0193,3.95,47
2025-09-01,Southeast,Enterprise SaaS,SO-002,74945.91,88,0.0636,3.84,48
2025-09-01,Southeast,Enterprise SaaS,SO-003,73318.44,77,0.0478,4.47,34
2025-09-01,Southeast,Enterprise SaaS,SO-004,88274.5,105,0.1184,3.86,49
2025-09-01,Southeast,Enterprise SaaS,SO-005,87867.08,96,0.0443,3.93,50
2025-09-01,Southeast,Enterprise SaaS,SO-006,72013.09,95,0.0959,3.45,37
2025-09-01,Southeast,Enterprise SaaS,SO-007,59824.57,65,0.0388,3.84,48
2025-09-01,Southeast,Enterprise SaaS,SO-008,67431.48,83,0.0206,4.28,39
2025-09-01,Southeast,Enterprise SaaS,SO-009,71879.21,81,0.0597,4.5,47
2025-09-01,Southeast,Enterprise SaaS,SO-010,57334.58,69,0.0926,3.94,39
2025-09-01,Southeast,Enterprise SaaS,SO-011,80510.67,87,0.0778,3.85,61
2025-09-01,Southeast,Enterprise SaaS,SO-012,77033.18,101,0.0343,4.11,47
2025-09-01,Southeast,SMB Platform,SO-001,46852.4,151,0.0731,3.85,16
2025-09-01,Southeast,SMB Platform,SO-002,50435.2,175,0.0475,4.09,21
2025-09-01,Southeast,SMB Platform,SO-003,50561.54,137,0.1235,3.93,14
2025-09-01,Southeast,SMB Platform,SO-004,51351.67,160,0.0467,3.9,15
2025-09-01,Southeast,SMB Platform,SO-005,57833.87,179,0.0349,4.26,13
2025-09-01,Southeast,SMB Platform,SO-006,61602.38,209,0.0397,3.7,23
2025-09-01,Southeast,SMB Platform,SO-007,54015.17,161,0.0987,4.07,18
2025-09-01,Southeast,SMB Platform,SO-008,52899.95,129,0.0302,3.74,15
2025-09-01,Southeast,SMB Platform,SO-009,56290.4,195,0.0592,4.31,17
2025-09-01,Southeast,SMB Platform,SO-010,63507.64,203,0.0844,4.25,23
2025-09-01,Southeast,SMB Platform,SO-011,54530.89,143,0.0348,4.61,17
2025-09-01,Southeast,SMB Platform,SO-012,52158.73,161,0.0734,3.58,15
2025-09-01,Southeast,Professional Services,SO-001,37795.1,31,0.0527,4.18,36
2025-09-01,Southeast,Professional Services,SO-002,43694.44,34,0.037,4.29,22
2025-09-01,Southeast,Professional Services,SO-003,31889.89,29,0.1084,3.8,33
2025-09-01,Southeast,Professional Services,SO-004,36171.98,27,0.0633,4.02,29
2025-09-01,Southeast,Professional Services,SO-005,40118.24,31,0.0421,4.26,28
2025-09-01,Southeast,Professional Services,SO-006,34328.58,27,0.1927,3.58,26
2025-09-01,Southeast,Professional Services,SO-007,40177.13,27,0.0527,4.5,31
2025-09-01,Southeast,Professional Services,SO-008,37180.13,35,0.0424,4.19,28
2025-09-01,Southeast,Professional Services,SO-009,41410.48,36,0.0108,4.39,20
2025-09-01,Southeast,Professional Services,SO-010,41707.47,39,0.0495,3.77,28
2025-09-01,Southeast,Professional Services,SO-011,44012.28,34,0.0162,4.35,28
2025-09-01,Southeast,Professional Services,SO-012,31033.35,28,0.0396,3.71,32
2025-09-01,Midwest,Enterprise SaaS,MI-001,51805.94,64,0.0206,3.57,50
2025-09-01,Midwest,Enterprise SaaS,MI-002,59987.78,62,0.0453,4.35,48
2025-09-01,Midwest,Enterprise SaaS,MI-003,50527.95,68,0.0923,4.02,45
2025-09-01,Midwest,Enterprise SaaS,MI-004,57707.6,69,0.0072,4.11,45
2025-09-01,Midwest,Enterprise SaaS,MI-005,50890.08,51,0.0446,4.15,22
2025-09-01,Midwest,Enterprise SaaS,MI-006,62204.47,74,0.0657,3.61,68
2025-09-01,Midwest,Enterprise SaaS,MI-007,74548.3,103,0.0322,4.23,23
2025-09-01,Midwest,Enterprise SaaS,MI-008,63650.23,72,0.0335,4.01,58
2025-09-01,Midwest,Enterprise SaaS,MI-009,58838.63,69,0.0595,4.02,34
2025-09-01,Midwest,Enterprise SaaS,MI-010,66893.85,73,0.1467,3.53,31
2025-09-01,Midwest,Enterprise SaaS,MI-011,52076.36,55,0.0952,4.34,51
2025-09-01,Midwest,Enterprise SaaS,MI-012,58015.16,55,0.0868,4.18,54
2025-09-01,Midwest,SMB Platform,MI-001,51334.97,144,0.0899,3.87,20
2025-09-01,Midwest,SMB Platform,MI-002,40791.01,113,0.0792,4.4,19
2025-09-01,Midwest,SMB Platform,MI-003,34937.54,99,0.1077,3.97,20
2025-09-01,Midwest,SMB Platform,MI-004,52990.63,163,0.1022,4.49,16
2025-09-01,Midwest,SMB Platform,MI-005,40980.39,109,0.0046,3.91,13
2025-09-01,Midwest,SMB Platform,MI-006,42728.56,128,0.1021,3.52,22
2025-09-01,Midwest,SMB Platform,MI-007,36704.3,110,0.111,3.78,22
2025-09-01,Midwest,SMB Platform,MI-008,48034.42,142,0.1567,4.08,18
2025-09-01,Midwest,SMB Platform,MI-009,49056.22,158,0.0223,3.9,16
2025-09-01,Midwest,SMB Platform,MI-010,57013.2,160,0.0863,3.9,15
2025-09-01,Midwest,SMB Platform,MI-011,51237.8,173,0.1247,3.88,15
2025-09-01,Midwest,SMB Platform,MI-012,49262.98,162,0.1065,4.56,23
2025-09-01,Midwest,Professional Services,MI-001,31062.4,20,0.0487,4.24,23
2025-09-01,Midwest,Professional Services,MI-002,25873.59,19,0.1619,3.3,26
2025-09-01,Midwest,Professional Services,MI-003,35891.7,30,0.1125,3.36,25
2025-09-01,Midwest,Professional Services,MI-004,33400.04,26,0.0118,3.89,23
2025-09-01,Midwest,Professional Services,MI-005,28284.5,23,0.1082,3.83,30
2025-09-01,Midwest,Professional Services,MI-006,32041.08,29,0.1186,3.79,31
2025-09-01,Midwest,Professional Services,MI-007,28812.68,22,0.0191,3.75,23
2025-09-01,Midwest,Professional Services,MI-008,34533.7,24,0.0094,3.95,34
2025-09-01,Midwest,Professional Services,MI-009,36466.84,25,0.0393,3.97,30
2025-09-01,Midwest,Professional Services,MI-010,30961.17,24,0.1314,3.99,36
2025-09-01,Midwest,Professional Services,MI-011,38115.72,31,0.0301,4.74,26
2025-09-01,Midwest,Professional Services,MI-012,29520.93,26,0.1575,3.77,36
2025-09-01,West,Enterprise SaaS,WE-001,79843.89,101,0.0147,4.07,57
2025-09-01,West,Enterprise SaaS,WE-002,83435.92,114,0.0788,3.75,47
2025-09-01,West,Enterprise SaaS,WE-003,79975.28,104,0.0942,4.14,49
2025-09-01,West,Enterprise SaaS,WE-004,86310.96,82,0.0374,4.09,33
2025-09-01,West,Enterprise SaaS,WE-005,95131.03,95,0.0316,4.34,35
2025-09-01,West,Enterprise SaaS,WE-006,86328.23,107,0.0594,4.06,42
2025-09-01,West,Enterprise SaaS,WE-007,102928.65,138,0.1544,4.06,44
2025-09-01,West,Enterprise SaaS,WE-008,112183.54,122,0.0236,3.32,36
2025-09-01,West,Enterprise SaaS,WE-009,65578.01,65,0.0838,3.88,30
2025-09-01,West,Enterprise SaaS,WE-010,81187.79,93,0.0605,4.06,49
2025-09-01,West,Enterprise SaaS,WE-011,95277.07,102,0.0619,4.67,44
2025-09-01,West,Enterprise SaaS,WE-012,87948.15,114,0.076,4.27,34
2025-09-01,West,SMB Platform,WE-001,64179.87,194,0.0214,4.87,16
2025-09-01,West,SMB Platform,WE-002,82912.58,244,0.1677,3.88,17
2025-09-01,West,SMB Platform,WE-003,74557.74,265,0.0146,4.08,14
2025-09-01,West,SMB Platform,WE-004,69311.36,216,0.0186,4.45,14
2025-09-01,West,SMB Platform,WE-005,78534.62,225,0.1725,3.42,13
2025-09-01,West,SMB Platform,WE-006,69155.42,198,0.1465,3.38,21
2025-09-01,West,SMB Platform,WE-007,60638.5,208,0.0607,4.13,18
2025-09-01,West,SMB Platform,WE-008,68637.96,216,0.0699,3.56,31
2025-09-01,West,SMB Platform,WE-009,56965.27,167,0.1423,3.46,20
2025-09-01,West,SMB Platform,WE-010,73837.11,245,0.1516,3.75,27
2025-09-01,West,SMB Platform,WE-011,50903.4,155,0.0722,4.63,19
2025-09-01,West,SMB Platform,WE-012,87077.92,248,0.0719,4.13,25
2025-09-01,West,Professional Services,WE-001,34708.13,29,0.0557,3.99,26
2025-09-01,West,Professional Services,WE-002,46210.19,40,0.0165,4.26,25
2025-09-01,West,Professional Services,WE-003,48498.66,32,0.1105,4.03,31
2025-09-01,West,Professional Services,WE-004,51798.87,42,0.0733,4.06,29
2025-09-01,West,Professional Services,WE-005,45434.48,37,0.049,3.64,25
2025-09-01,West,Professional Services,WE-006,38552.0,29,0.1238,4.29,29
2025-09-01,West,Professional Services,WE-007,41222.74,26,0.0636,3.67,38
2025-09-01,West,Professional Services,WE-008,48130.95,37,0.0737,4.68,33
2025-09-01,West,Professional Services,WE-009,41297.18,35,0.0366,4.26,23
2025-09-01,West,Professional Services,WE-010,58446.05,51,0.0621,3.56,33
2025-09-01,West,Professional Services,WE-011,51026.15,43,0.0197,4.45,39
2025-09-01,West,Professional Services,WE-012,49519.61,41,0.021,4.13,20
2025-09-01,Southwest,Enterprise SaaS,SO-001,72403.01,95,0.0819,3.82,48
2025-09-01,Southwest,Enterprise SaaS,SO-002,50255.06,52,0.0838,4.25,53
2025-09-01,Southwest,Enterprise SaaS,SO-003,73987.92,105,0.0516,4.4,42
2025-09-01,Southwest,Enterprise SaaS,SO-004,64001.89,84,0.0215,3.98,54
2025-09-01,Southwest,Enterprise SaaS,SO-005,68198.46,77,0.0339,4.03,52
2025-09-01,Southwest,Enterprise SaaS,SO-006,77751.19,91,0.0188,4.21,40
2025-09-01,Southwest,Enterprise SaaS,SO-007,61315.82,73,0.0285,3.82,46
2025-09-01,Southwest,Enterprise SaaS,SO-008,61789.9,80,0.0313,4.23,41
2025-09-01,Southwest,Enterprise SaaS,SO-009,57724.71,62,0.02,4.27,54
2025-09-01,Southwest,Enterprise SaaS,SO-010,64249.55,79,0.0711,3.94,43
2025-09-01,Southwest,Enterprise SaaS,SO-011,55627.06,54,0.0695,3.9,50
2025-09-01,Southwest,Enterprise SaaS,SO-012,64574.67,70,0.0716,4.0,38
2025-09-01,Southwest,SMB Platform,SO-001,37391.81,102,0.1023,4.3,11
2025-09-01,Southwest,SMB Platform,SO-002,43618.43,152,0.1328,3.77,18
2025-09-01,Southwest,SMB Platform,SO-003,41528.56,135,0.0598,4.42,17
2025-09-01,Southwest,SMB Platform,SO-004,32667.38,106,0.1154,3.89,15
2025-09-01,Southwest,SMB Platform,SO-005,50202.33,128,0.0155,4.24,18
2025-09-01,Southwest,SMB Platform,SO-006,50775.66,159,0.0822,4.24,18
2025-09-01,Southwest,SMB Platform,SO-007,41945.89,122,0.0261,4.1,17
2025-09-01,Southwest,SMB Platform,SO-008,56681.61,189,0.0722,3.97,13
2025-09-01,Southwest,SMB Platform,SO-009,35173.66,107,0.0659,4.18,24
2025-09-01,Southwest,SMB Platform,SO-010,47345.13,163,0.0793,5.0,22
2025-09-01,Southwest,SMB Platform,SO-011,38295.95,125,0.0618,4.16,20
2025-09-01,Southwest,SMB Platform,SO-012,37232.12,127,0.075,4.44,17
2025-09-01,Southwest,Professional Services,SO-001,35746.61,28,0.038,4.05,29
2025-09-01,Southwest,Professional Services,SO-002,32526.28,31,0.0481,4.02,21
2025-09-01,Southwest,Professional Services,SO-003,29809.68,20,0.0781,3.68,27
2025-09-01,Southwest,Professional Services,SO-004,25653.43,22,0.0469,3.77,35
2025-09-01,Southwest,Professional Services,SO-005,31912.1,26,0.03,4.15,39
2025-09-01,Southwest,Professional Services,SO-006,32645.23,25,0.1842,3.25,29
2025-09-01,Southwest,Professional Services,SO-007,37999.1,32,0.0378,3.73,39
2025-09-01,Southwest,Professional Services,SO-008,39636.7,33,0.1443,4.1,30
2025-09-01,Southwest,Professional Services,SO-009,27872.86,23,0.0416,4.1,30
2025-09-01,Southwest,Professional Services,SO-010,31287.58,27,0.0414,3.88,34
2025-09-01,Southwest,Professional Services,SO-011,34226.33,28,0.1223,3.82,32
2025-09-01,Southwest,Professional Services,SO-012,24381.19,21,0.0902,3.91,28
2025-10-01,Northeast,Enterprise SaaS,NO-001,71026.52,74,0.0935,4.63,44
2025-10-01,Northeast,Enterprise SaaS,NO-002,90549.71,84,0.0329,3.66,45
2025-10-01,Northeast,Enterprise SaaS,NO-003,68630.91,80,0.0448,3.64,42
2025-10-01,Northeast,Enterprise SaaS,NO-004,95895.83,117,0.0455,3.81,57
2025-10-01,Northeast,Enterprise SaaS,NO-005,63884.72,79,0.0545,3.78,35
2025-10-01,Northeast,Enterprise SaaS,NO-006,78623.4,91,0.0463,3.85,52
2025-10-01,Northeast,Enterprise SaaS,NO-007,89436.28,99,0.0126,4.26,66
2025-10-01,Northeast,Enterprise SaaS,NO-008,71023.57,79,0.0663,3.03,44
2025-10-01,Northeast,Enterprise SaaS,NO-009,79061.14,90,0.1191,4.3,39
2025-10-01,Northeast,Enterprise SaaS,NO-010,90295.09,99,0.0872,3.79,40
2025-10-01,Northeast,Enterprise SaaS,NO-011,56741.08,69,0.081,3.9,56
2025-10-01,Northeast,Enterprise SaaS,NO-012,75961.61,99,0.0177,4.38,49
2025-10-01,Northeast,SMB Platform,NO-001,50488.88,161,0.0262,4.01,18
2025-10-01,Northeast,SMB Platform,NO-002,56163.13,174,0.0872,4.2,19
2025-10-01,Northeast,SMB Platform,NO-003,59600.98,179,0.0388,3.87,20
2025-10-01,Northeast,SMB Platform,NO-004,42290.07,103,0.1455,3.65,28
2025-10-01,Northeast,SMB Platform,NO-005,51396.52,181,0.1315,3.15,17
2025-10-01,Northeast,SMB Platform,NO-006,66750.53,246,0.0932,3.92,22
2025-10-01,Northeast,SMB Platform,NO-007,67198.67,177,0.0925,4.07,22
2025-10-01,Northeast,SMB Platform,NO-008,55043.13,158,0.1031,3.72,16
2025-10-01,Northeast,SMB Platform,NO-009,53498.95,135,0.0875,3.92,16
2025-10-01,Northeast,SMB Platform,NO-010,41127.91,116,0.0191,3.81,16
2025-10-01,Northeast,SMB Platform,NO-011,53674.11,160,0.0123,4.2,12
2025-10-01,Northeast,SMB Platform,NO-012,46214.05,143,0.054,4.3,16
2025-10-01,Northeast,Professional Services,NO-001,29837.63,28,0.0289,4.15,27
2025-10-01,Northeast,Professional Services,NO-002,33828.05,31,0.0962,4.51,28
2025-10-01,Northeast,Professional Services,NO-003,41068.73,35,0.0413,4.23,27
2025-10-01,Northeast,Professional Services,NO-004,39394.37,30,0.0787,3.85,39
2025-10-01,Northeast,Professional Services,NO-005,42506.15,31,0.085,3.71,22
2025-10-01,Northeast,Professional Services,NO-006,43147.76,34,0.0294,3.75,28
2025-10-01,Northeast,Professional Services,NO-007,44416.7,34,0.1636,3.48,22
2025-10-01,Northeast,Professional Services,NO-008,36144.93,29,0.0195,4.52,21
2025-10-01,Northeast,Professional Services,NO-009,52324.72,42,0.0189,3.47,28
2025-10-01,Northeast,Professional Services,NO-010,37681.38,35,0.0123,4.24,33
2025-10-01,Northeast,Professional Services,NO-011,32105.33,24,0.1079,3.6,21
2025-10-01,Northeast,Professional Services,NO-012,29673.27,24,0.0144,3.72,24
2025-10-01,Southeast,Enterprise SaaS,SO-001,64026.18,66,0.0071,4.42,39
2025-10-01,Southeast,Enterprise SaaS,SO-002,92021.85,131,0.0782,4.07,51
2025-10-01,Southeast,Enterprise SaaS,SO-003,62078.42,73,0.0467,4.44,66
2025-10-01,Southeast,Enterprise SaaS,SO-004,78708.73,68,0.119,3.84,47
2025-10-01,Southeast,Enterprise SaaS,SO-005,71724.59,76,0.0477,3.54,46
2025-10-01,Southeast,Enterprise SaaS,SO-006,82095.58,105,0.0434,3.65,45
2025-10-01,Southeast,Enterprise SaaS,SO-007,83185.38,116,0.103,3.68,43
2025-10-01,Southeast,Enterprise SaaS,SO-008,67086.69,95,0.023,4.1,52
2025-10-01,Southeast,Enterprise SaaS,SO-009,57674.36,72,0.1714,3.82,37
2025-10-01,Southeast,Enterprise SaaS,SO-010,59899.26,71,0.0633,3.88,45
2025-10-01,Southeast,Enterprise SaaS,SO-011,74499.2,100,0.0098,3.94,42
2025-10-01,Southeast,Enterprise SaaS,SO-012,54488.99,67,0.0791,4.17,60
2025-10-01,Southeast,SMB Platform,SO-001,41090.65,160,0.0243,4.21,26
2025-10-01,Southeast,SMB Platform,SO-002,43895.34,117,0.0496,3.7,20
2025-10-01,Southeast,SMB Platform,SO-003,35250.78,97,0.0665,4.2,15
2025-10-01,Southeast,SMB Platform,SO-004,47620.12,150,0.0414,3.72,14
2025-10-01,Southeast,SMB Platform,SO-005,58994.11,198,0.067,3.45,20
2025-10-01,Southeast,SMB Platform,SO-006,57462.93,188,0.1351,3.78,16
2025-10-01,Southeast,SMB Platform,SO-007,57281.47,191,0.0475,3.88,19
2025-10-01,Southeast,SMB Platform,SO-008,51287.44,174,0.0667,4.29,23
2025-10-01,Southeast,SMB Platform,SO-009,45937.88,147,0.0656,3.67,18
2025-10-01,Southeast,SMB Platform,SO-010,51177.88,154,0.0404,4.46,13
2025-10-01,Southeast,SMB Platform,SO-011,42893.86,118,0.0995,4.04,23
2025-10-01,Southeast,SMB Platform,SO-012,61456.47,197,0.0372,4.23,20
2025-10-01,Southeast,Professional Services,SO-001,43229.92,39,0.0312,4.1,24
2025-10-01,Southeast,Professional Services,SO-002,30224.99,20,0.0057,4.66,23
2025-10-01,Southeast,Professional Services,SO-003,34749.82,26,0.0558,4.35,34
2025-10-01,Southeast,Professional Services,SO-004,38543.24,27,0.1464,4.07,25
2025-10-01,Southeast,Professional Services,SO-005,30223.01,25,0.0503,3.9,23
2025-10-01,Southeast,Professional Services,SO-006,32443.82,27,0.1516,4.0,34
2025-10-01,Southeast,Professional Services,SO-007,36766.33,30,0.0075,3.75,38
2025-10-01,Southeast,Professional Services,SO-008,39996.74,28,0.0148,4.13,20
2025-10-01,Southeast,Professional Services,SO-009,37416.36,32,0.0075,4.39,35
2025-10-01,Southeast,Professional Services,SO-010,38327.06,32,0.0228,4.02,22
2025-10-01,Southeast,Professional Services,SO-011,28782.79,22,0.1044,3.79,36
2025-10-01,Southeast,Professional Services,SO-012,36845.58,27,0.0067,3.69,27
2025-10-01,Midwest,Enterprise SaaS,MI-001,65335.61,76,0.0499,4.03,54
2025-10-01,Midwest,Enterprise SaaS,MI-002,57433.93,65,0.0359,4.35,45
2025-10-01,Midwest,Enterprise SaaS,MI-003,63873.71,81,0.039,3.94,34
2025-10-01,Midwest,Enterprise SaaS,MI-004,66570.32,82,0.0664,4.09,39
2025-10-01,Midwest,Enterprise SaaS,MI-005,57082.8,61,0.0123,4.15,30
2025-10-01,Midwest,Enterprise SaaS,MI-006,51087.88,62,0.0553,4.1,36
2025-10-01,Midwest,Enterprise SaaS,MI-007,51731.61,61,0.0706,4.31,35
2025-10-01,Midwest,Enterprise SaaS,MI-008,60618.75,66,0.0552,3.75,49
2025-10-01,Midwest,Enterprise SaaS,MI-009,51166.02,52,0.1099,4.18,49
2025-10-01,Midwest,Enterprise SaaS,MI-010,64505.5,69,0.0363,4.45,31
2025-10-01,Midwest,Enterprise SaaS,MI-011,71922.16,79,0.0357,4.27,35
2025-10-01,Midwest,Enterprise SaaS,MI-012,60479.26,71,0.0345,4.3,46
2025-10-01,Midwest,SMB Platform,MI-001,47279.71,157,0.0872,3.52,17
2025-10-01,Midwest,SMB Platform,MI-002,33690.44,125,0.0215,3.93,20
2025-10-01,Midwest,SMB Platform,MI-003,42653.09,149,0.0186,4.22,18
2025-10-01,Midwest,SMB Platform,MI-004,57632.46,228,0.0725,3.51,17
2025-10-01,Midwest,SMB Platform,MI-005,38589.0,108,0.0206,4.17,18
2025-10-01,Midwest,SMB Platform,MI-006,43579.32,129,0.1967,3.69,18
2025-10-01,Midwest,SMB Platform,MI-007,39911.04,109,0.0143,3.89,14
2025-10-01,Midwest,SMB Platform,MI-008,36467.1,123,0.0513,4.29,17
2025-10-01,Midwest,SMB Platform,MI-009,40722.26,151,0.0093,4.2,20
2025-10-01,Midwest,SMB Platform,MI-010,47338.76,165,0.0604,3.66,22
2025-10-01,Midwest,SMB Platform,MI-011,34498.52,113,0.0498,4.87,23
2025-10-01,Midwest,SMB Platform,MI-012,50464.72,175,0.0619,4.3,16
2025-10-01,Midwest,Professional Services,MI-001,26050.76,19,0.0025,3.86,32
2025-10-01,Midwest,Professional Services,MI-002,36176.45,28,0.0624,4.07,19
2025-10-01,Midwest,Professional Services,MI-003,29679.24,28,0.0398,3.82,23
2025-10-01,Midwest,Professional Services,MI-004,35905.72,27,0.031,4.18,23
2025-10-01,Midwest,Professional Services,MI-005,34622.93,28,0.0699,3.96,36
2025-10-01,Midwest,Professional Services,MI-006,27602.11,19,0.0648,3.97,18
2025-10-01,Midwest,Professional Services,MI-007,32417.71,26,0.1706,3.61,30
2025-10-01,Midwest,Professional Services,MI-008,36709.42,36,0.0403,3.51,30
2025-10-01,Midwest,Professional Services,MI-009,32612.35,25,0.0712,3.37,32
2025-10-01,Midwest,Professional Services,MI-010,25603.43,23,0.0256,4.29,32
2025-10-01,Midwest,Professional Services,MI-011,32109.13,26,0.0526,4.2,30
2025-10-01,Midwest,Professional Services,MI-012,30366.57,26,0.0504,3.9,36
2025-10-01,West,Enterprise SaaS,WE-001,85403.5,116,0.0692,3.71,45
2025-10-01,West,Enterprise SaaS,WE-002,79195.01,86,0.1875,3.8,40
2025-10-01,West,Enterprise SaaS,WE-003,96553.19,134,0.0491,3.63,51
2025-10-01,West,Enterprise SaaS,WE-004,90828.42,96,0.0745,4.11,39
2025-10-01,West,Enterprise SaaS,WE-005,73527.37,71,0.1467,4.38,55
2025-10-01,West,Enterprise SaaS,WE-006,95342.66,105,0.009,4.36,40
2025-10-01,West,Enterprise SaaS,WE-007,89098.85,81,0.0815,3.71,28
2025-10-01,West,Enterprise SaaS,WE-008,84594.06,108,0.0698,4.01,64
2025-10-01,West,Enterprise SaaS,WE-009,96500.83,104,0.0286,4.39,50
2025-10-01,West,Enterprise SaaS,WE-010,107519.67,123,0.0274,3.97,37
2025-10-01,West,Enterprise SaaS,WE-011,105305.86,127,0.0721,3.76,60
2025-10-01,West,Enterprise SaaS,WE-012,86554.42,86,0.0125,4.21,48
2025-10-01,West,SMB Platform,WE-001,78666.45,240,0.0683,3.7,13
2025-10-01,West,SMB Platform,WE-002,53023.47,157,0.0169,4.12,19
2025-10-01,West,SMB Platform,WE-003,59692.84,191,0.0503,3.79,18
2025-10-01,West,SMB Platform,WE-004,61517.83,191,0.0296,4.28,16
2025-10-01,West,SMB Platform,WE-005,57352.14,167,0.0184,3.9,21
2025-10-01,West,SMB Platform,WE-006,64132.93,175,0.0763,3.91,21
2025-10-01,West,SMB Platform,WE-007,55437.09,160,0.071,3.81,23
2025-10-01,West,SMB Platform,WE-008,66837.34,177,0.0628,4.25,16
2025-10-01,West,SMB Platform,WE-009,64389.77,193,0.0572,3.97,15
2025-10-01,West,SMB Platform,WE-010,58709.97,167,0.0966,3.71,20
2025-10-01,West,SMB Platform,WE-011,67338.02,208,0.1699,3.99,14
2025-10-01,West,SMB Platform,WE-012,73562.67,241,0.0264,4.01,9
2025-10-01,West,Professional Services,WE-001,42898.26,33,0.0694,3.31,37
2025-10-01,West,Professional Services,WE-002,46175.83,33,0.1045,4.26,23
2025-10-01,West,Professional Services,WE-003,33160.47,26,0.0304,4.08,30
2025-10-01,West,Professional Services,WE-004,41627.78,32,0.0664,4.04,27
2025-10-01,West,Professional Services,WE-005,40011.16,32,0.0257,4.57,25
2025-10-01,West,Professional Services,WE-006,39785.09,34,0.0648,4.75,30
2025-10-01,West,Professional Services,WE-007,36796.43,33,0.0443,3.86,16
2025-10-01,West,Professional Services,WE-008,45525.42,33,0.1904,3.38,32
2025-10-01,West,Professional Services,WE-009,40723.73,37,0.1033,4.17,35
2025-10-01,West,Professional Services,WE-010,47793.0,35,0.0925,4.56,34
2025-10-01,West,Professional Services,WE-011,38772.93,34,0.1425,3.36,21
2025-10-01,West,Professional Services,WE-012,38250.22,32,0.162,3.45,25
2025-10-01,Southwest,Enterprise SaaS,SO-001,46969.43,52,0.0431,4.01,55
2025-10-01,Southwest,Enterprise SaaS,SO-002,51889.45,63,0.0681,4.22,51
2025-10-01,Southwest,Enterprise SaaS,SO-003,55134.07,53,0.168,3.28,48
2025-10-01,Southwest,Enterprise SaaS,SO-004,60816.99,77,0.069,3.83,37
2025-10-01,Southwest,Enterprise SaaS,SO-005,66804.97,68,0.0999,3.89,51
2025-10-01,Southwest,Enterprise SaaS,SO-006,51387.58,79,0.0748,3.94,57
2025-10-01,Southwest,Enterprise SaaS,SO-007,51860.69,66,0.0132,3.72,40
2025-10-01,Southwest,Enterprise SaaS,SO-008,72846.43,87,0.0829,4.25,47
2025-10-01,Southwest,Enterprise SaaS,SO-009,62311.69,83,0.0778,3.9,50
2025-10-01,Southwest,Enterprise SaaS,SO-010,57966.79,65,0.0459,4.18,44
2025-10-01,Southwest,Enterprise SaaS,SO-011,52288.54,53,0.0662,4.03,41
2025-10-01,Southwest,Enterprise SaaS,SO-012,54779.78,61,0.1021,4.21,57
2025-10-01,Southwest,SMB Platform,SO-001,49040.45,151,0.1427,4.11,22
2025-10-01,Southwest,SMB Platform,SO-002,47879.41,141,0.0143,3.67,14
2025-10-01,Southwest,SMB Platform,SO-003,47337.64,189,0.0911,3.52,21
2025-10-01,Southwest,SMB Platform,SO-004,42059.02,109,0.0982,3.43,17
2025-10-01,Southwest,SMB Platform,SO-005,45237.01,147,0.117,3.65,10
2025-10-01,Southwest,SMB Platform,SO-006,41943.55,132,0.014,3.59,15
2025-10-01,Southwest,SMB Platform,SO-007,32444.62,97,0.0968,3.82,24
2025-10-01,Southwest,SMB Platform,SO-008,34606.3,110,0.0437,4.69,20
2025-10-01,Southwest,SMB Platform,SO-009,43847.78,127,0.0175,4.37,17
2025-10-01,Southwest,SMB Platform,SO-010,47714.5,131,0.0931,3.93,20
2025-10-01,Southwest,SMB Platform,SO-011,38055.02,102,0.1384,4.15,17
2025-10-01,Southwest,SMB Platform,SO-012,42172.41,118,0.0467,4.23,19
2025-10-01,Southwest,Professional Services,SO-001,33199.4,28,0.0933,3.95,33
2025-10-01,Southwest,Professional Services,SO-002,31749.12,22,0.056,3.89,22
2025-10-01,Southwest,Professional Services,SO-003,35297.26,35,0.0749,3.99,33
2025-10-01,Southwest,Professional Services,SO-004,35817.2,29,0.0657,4.35,36
2025-10-01,Southwest,Professional Services,SO-005,26183.33,22,0.053,4.18,41
2025-10-01,Southwest,Professional Services,SO-006,29985.78,27,0.052,4.33,38
2025-10-01,Southwest,Professional Services,SO-007,28882.56,24,0.0794,3.95,31
2025-10-01,Southwest,Professional Services,SO-008,26537.65,20,0.0256,4.28,24
2025-10-01,Southwest,Professional Services,SO-009,34049.32,25,0.1765,3.7,28
2025-10-01,Southwest,Professional Services,SO-010,22659.01,20,0.0469,3.85,27
2025-10-01,Southwest,Professional Services,SO-011,32608.86,27,0.0105,3.93,36
2025-10-01,Southwest,Professional Services,SO-012,24291.94,21,0.0741,4.31,15
2025-11-01,Northeast,Enterprise SaaS,NO-001,81132.25,100,0.1503,3.31,64
2025-11-01,Northeast,Enterprise SaaS,NO-002,72484.87,82,0.0892,4.2,43
2025-11-01,Northeast,Enterprise SaaS,NO-003,85982.94,115,0.1495,3.97,34
2025-11-01,Northeast,Enterprise SaaS,NO-004,89771.81,98,0.0233,4.07,22
2025-11-01,Northeast,Enterprise SaaS,NO-005,83332.13,93,0.0386,4.95,44
2025-11-01,Northeast,Enterprise SaaS,NO-006,72429.47,70,0.0344,3.71,43
2025-11-01,Northeast,Enterprise SaaS,NO-007,64279.44,68,0.0704,4.14,47
2025-11-01,Northeast,Enterprise SaaS,NO-008,72595.29,93,0.0286,4.04,44
2025-11-01,Northeast,Enterprise SaaS,NO-009,82909.53,108,0.0407,4.11,43
2025-11-01,Northeast,Enterprise SaaS,NO-010,79025.12,89,0.0317,4.3,56
2025-11-01,Northeast,Enterprise SaaS,NO-011,64633.62,79,0.0533,4.61,28
2025-11-01,Northeast,Enterprise SaaS,NO-012,54438.43,64,0.023,4.4,24
2025-11-01,Northeast,SMB Platform,NO-001,48073.14,149,0.1024,3.59,19
2025-11-01,Northeast,SMB Platform,NO-002,50810.61,157,0.0713,4.34,12
2025-11-01,Northeast,SMB Platform,NO-003,46246.63,156,0.165,3.62,20
2025-11-01,Northeast,SMB Platform,NO-004,42555.37,138,0.0862,4.26,14
2025-11-01,Northeast,SMB Platform,NO-005,60500.88,167,0.11,3.77,19
2025-11-01,Northeast,SMB Platform,NO-006,67687.48,252,0.0108,4.29,11
2025-11-01,Northeast,SMB Platform,NO-007,51533.32,151,0.04,4.54,15
2025-11-01,Northeast,SMB Platform,NO-008,49568.74,139,0.047,4.22,15
2025-11-01,Northeast,SMB Platform,NO-009,55506.06,183,0.0324,3.95,21
2025-11-01,Northeast,SMB Platform,NO-010,41250.99,115,0.0745,4.09,14
2025-11-01,Northeast,SMB Platform,NO-011,58273.98,183,0.1012,3.68,8
2025-11-01,Northeast,SMB Platform,NO-012,52589.71,181,0.1167,3.96,17
2025-11-01,Northeast,Professional Services,NO-001,35982.76,35,0.0038,3.83,19
2025-11-01,Northeast,Professional Services,NO-002,41851.88,35,0.0889,3.84,37
2025-11-01,Northeast,Professional Services,NO-003,31962.57,28,0.1813,3.62,33
2025-11-01,Northeast,Professional Services,NO-004,32671.71,25,0.1618,4.25,25
2025-11-01,Northeast,Professional Services,NO-005,36172.35,37,0.0697,3.97,42
2025-11-01,Northeast,Professional Services,NO-006,27967.9,24,0.0208,4.54,31
2025-11-01,Northeast,Professional Services,NO-007,36046.07,25,0.1355,3.45,32
2025-11-01,Northeast,Professional Services,NO-008,38003.49,31,0.1727,3.88,34
2025-11-01,Northeast,Professional Services,NO-009,39109.91,37,0.0383,3.8,27
2025-11-01,Northeast,Professional Services,NO-010,40716.97,36,0.106,3.85,30
2025-11-01,Northeast,Professional Services,NO-011,36154.76,29,0.0779,4.4,38
2025-11-01,Northeast,Professional Services,NO-012,36302.13,28,0.0117,3.75,27
2025-11-01,Southeast,Enterprise SaaS,SO-001,76095.97,96,0.2708,3.48,45
2025-11-01,Southeast,Enterprise SaaS,SO-002,57147.52,61,0.0489,3.77,44
2025-11-01,Southeast,Enterprise SaaS,SO-003,71020.45,82,0.0522,4.17,51
2025-11-01,Southeast,Enterprise SaaS,SO-004,65725.69,67,0.0826,4.34,39
2025-11-01,Southeast,Enterprise SaaS,SO-005,60716.47,75,0.031,3.25,50
2025-11-01,Southeast,Enterprise SaaS,SO-006,74350.58,85,0.0881,4.26,50
2025-11-01,Southeast,Enterprise SaaS,SO-007,61537.75,77,0.0383,4.43,59
2025-11-01,Southeast,Enterprise SaaS,SO-008,52381.14,59,0.2259,3.81,28
2025-11-01,Southeast,Enterprise SaaS,SO-009,82424.79,86,0.0685,3.57,39
2025-11-01,Southeast,Enterprise SaaS,SO-010,52321.37,56,0.0483,4.12,42
2025-11-01,Southeast,Enterprise SaaS,SO-011,47600.11,58,0.0598,4.15,43
2025-11-01,Southeast,Enterprise SaaS,SO-012,66326.71,71,0.1956,3.73,31
2025-11-01,Southeast,SMB Platform,SO-001,33850.55,117,0.0209,3.9,15
2025-11-01,Southeast,SMB Platform,SO-002,43621.18,137,0.1611,3.79,15
2025-11-01,Southeast,SMB Platform,SO-003,56258.71,186,0.1148,3.95,15
2025-11-01,Southeast,SMB Platform,SO-004,47175.9,156,0.0626,4.48,18
2025-11-01,Southeast,SMB Platform,SO-005,37519.19,114,0.031,3.6,20
2025-11-01,Southeast,SMB Platform,SO-006,47349.11,140,0.0689,4.02,24
2025-11-01,Southeast,SMB Platform,SO-007,44694.67,129,0.0572,3.78,12
2025-11-01,Southeast,SMB Platform,SO-008,35820.85,119,0.0242,4.14,18
2025-11-01,Southeast,SMB Platform,SO-009,49287.98,162,0.0308,3.93,16
2025-11-01,Southeast,SMB Platform,SO-010,52541.58,163,0.1316,4.11,17
2025-11-01,Southeast,SMB Platform,SO-011,43349.68,134,0.0697,3.83,21
2025-11-01,Southeast,SMB Platform,SO-012,43887.28,141,0.0756,3.9,19
2025-11-01,Southeast,Professional Services,SO-001,42927.26,34,0.057,4.4,30
2025-11-01,Southeast,Professional Services,SO-002,28428.75,22,0.0476,4.49,29
2025-11-01,Southeast,Professional Services,SO-003,33625.58,29,0.0271,3.5,42
2025-11-01,Southeast,Professional Services,SO-004,35209.79,27,0.1303,3.43,27
2025-11-01,Southeast,Professional Services,SO-005,29096.27,21,0.08,3.66,27
2025-11-01,Southeast,Professional Services,SO-006,36978.49,27,0.1761,3.39,37
2025-11-01,Southeast,Professional Services,SO-007,36985.93,29,0.0211,4.21,27
2025-11-01,Southeast,Professional Services,SO-008,26118.43,20,0.086,3.85,30
2025-11-01,Southeast,Professional Services,SO-009,21296.29,17,0.0692,3.77,27
2025-11-01,Southeast,Professional Services,SO-010,30122.11,19,0.1596,3.76,39
2025-11-01,Southeast,Professional Services,SO-011,41030.19,28,0.0818,4.1,35
2025-11-01,Southeast,Professional Services,SO-012,26762.47,21,0.0986,3.98,26
2025-11-01,Midwest,Enterprise SaaS,MI-001,54806.71,70,0.0183,4.55,56
2025-11-01,Midwest,Enterprise SaaS,MI-002,61189.73,83,0.0266,4.42,32
2025-11-01,Midwest,Enterprise SaaS,MI-003,46571.55,56,0.1126,3.78,43
2025-11-01,Midwest,Enterprise SaaS,MI-004,46538.33,52,0.0159,4.33,55
2025-11-01,Midwest,Enterprise SaaS,MI-005,67303.16,64,0.1085,4.02,61
2025-11-01,Midwest,Enterprise SaaS,MI-006,65323.3,79,0.0901,3.94,31
2025-11-01,Midwest,Enterprise SaaS,MI-007,51616.33,60,0.0424,3.87,40
2025-11-01,Midwest,Enterprise SaaS,MI-008,40780.33,49,0.0139,4.2,52
2025-11-01,Midwest,Enterprise SaaS,MI-009,64836.04,78,0.0361,4.17,64
2025-11-01,Midwest,Enterprise SaaS,MI-010,67476.58,75,0.0169,4.04,37
2025-11-01,Midwest,Enterprise SaaS,MI-011,57946.04,67,0.0107,3.96,46
2025-11-01,Midwest,Enterprise SaaS,MI-012,57234.47,65,0.0873,3.75,41
2025-11-01,Midwest,SMB Platform,MI-001,48810.98,166,0.0347,3.81,16
2025-11-01,Midwest,SMB Platform,MI-002,43269.5,135,0.1355,4.65,19
2025-11-01,Midwest,SMB Platform,MI-003,40681.5,145,0.0401,4.26,20
2025-11-01,Midwest,SMB Platform,MI-004,48923.35,141,0.0506,4.36,21
2025-11-01,Midwest,SMB Platform,MI-005,49132.56,155,0.0821,3.69,20
2025-11-01,Midwest,SMB Platform,MI-006,48520.31,141,0.0478,4.37,17
2025-11-01,Midwest,SMB Platform,MI-007,35812.48,112,0.0772,4.28,20
2025-11-01,Midwest,SMB Platform,MI-008,34424.81,93,0.03,4.53,19
2025-11-01,Midwest,SMB Platform,MI-009,44353.15,112,0.0426,4.03,14
2025-11-01,Midwest,SMB Platform,MI-010,38546.52,103,0.1338,4.2,16
2025-11-01,Midwest,SMB Platform,MI-011,45530.42,130,0.0214,4.44,19
2025-11-01,Midwest,SMB Platform,MI-012,34598.9,106,0.1164,3.81,22
2025-11-01,Midwest,Professional Services,MI-001,27082.79,25,0.104,4.16,30
2025-11-01,Midwest,Professional Services,MI-002,26089.11,21,0.0604,4.06,22
2025-11-01,Midwest,Professional Services,MI-003,31272.74,20,0.1575,3.69,33
2025-11-01,Midwest,Professional Services,MI-004,28118.28,25,0.078,3.8,29
2025-11-01,Midwest,Professional Services,MI-005,22947.54,17,0.1078,4.04,27
2025-11-01,Midwest,Professional Services,MI-006,24515.01,21,0.0524,3.81,28
2025-11-01,Midwest,Professional Services,MI-007,23845.35,17,0.0397,3.89,41
2025-11-01,Midwest,Professional Services,MI-008,22623.26,16,0.0335,4.33,26
2025-11-01,Midwest,Professional Services,MI-009,30620.82,27,0.1258,3.94,36
2025-11-01,Midwest,Professional Services,MI-010,31900.93,23,0.0291,3.89,24
2025-11-01,Midwest,Professional Services,MI-011,26972.39,21,0.0573,4.27,34
2025-11-01,Midwest,Professional Services,MI-012,30305.15,24,0.0679,4.21,35
2025-11-01,West,Enterprise SaaS,WE-001,68792.95,91,0.0516,4.08,40
2025-11-01,West,Enterprise SaaS,WE-002,76186.9,81,0.0989,3.76,42
2025-11-01,West,Enterprise SaaS,WE-003,98543.3,95,0.0952,3.99,52
2025-11-01,West,Enterprise SaaS,WE-004,68892.02,74,0.1871,3.47,58
2025-11-01,West,Enterprise SaaS,WE-005,76436.57,101,0.1015,4.41,39
2025-11-01,West,Enterprise SaaS,WE-006,76440.79,77,0.0295,3.61,36
2025-11-01,West,Enterprise SaaS,WE-007,68645.95,82,0.0676,4.26,48
2025-11-01,West,Enterprise SaaS,WE-008,88269.28,102,0.0543,3.73,52
2025-11-01,West,Enterprise SaaS,WE-009,87078.99,96,0.1464,4.24,56
2025-11-01,West,Enterprise SaaS,WE-010,90276.23,94,0.0984,3.78,43
2025-11-01,West,Enterprise SaaS,WE-011,77196.39,106,0.0653,4.29,40
2025-11-01,West,Enterprise SaaS,WE-012,68100.97,74,0.0447,3.94,46
2025-11-01,West,SMB Platform,WE-001,59347.76,184,0.1138,3.88,21
2025-11-01,West,SMB Platform,WE-002,57933.06,174,0.0624,3.75,14
2025-11-01,West,SMB Platform,WE-003,71159.51,189,0.0601,4.03,19
2025-11-01,West,SMB Platform,WE-004,59356.99,211,0.0694,3.98,13
2025-11-01,West,SMB Platform,WE-005,51731.2,168,0.0105,4.27,14
2025-11-01,West,SMB Platform,WE-006,61795.7,164,0.02,4.8,16
2025-11-01,West,SMB Platform,WE-007,63198.05,190,0.0331,3.93,12
2025-11-01,West,SMB Platform,WE-008,68967.08,239,0.0428,3.81,18
2025-11-01,West,SMB Platform,WE-009,65602.29,215,0.0398,3.72,12
2025-11-01,West,SMB Platform,WE-010,49086.95,142,0.0685,4.08,18
2025-11-01,West,SMB Platform,WE-011,50749.12,162,0.023,3.98,15
2025-11-01,West,SMB Platform,WE-012,52894.73,169,0.1575,3.9,22
2025-11-01,West,Professional Services,WE-001,40038.04,36,0.1199,3.33,28
2025-11-01,West,Professional Services,WE-002,32489.06,24,0.0119,4.34,31
2025-11-01,West,Professional Services,WE-003,31009.07,31,0.014,4.41,24
2025-11-01,West,Professional Services,WE-004,45159.9,31,0.0801,4.53,35
2025-11-01,West,Professional Services,WE-005,37268.02,32,0.0987,3.5,25
2025-11-01,West,Professional Services,WE-006,47114.88,36,0.0824,4.07,32
2025-11-01,West,Professional Services,WE-007,30582.28,29,0.0324,4.42,28
2025-11-01,West,Professional Services,WE-008,34452.86,27,0.1201,3.91,25
2025-11-01,West,Professional Services,WE-009,35836.43,27,0.079,3.94,34
2025-11-01,West,Professional Services,WE-010,52469.99,44,0.032,4.51,23
2025-11-01,West,Professional Services,WE-011,47859.68,36,0.0476,3.7,22
2025-11-01,West,Professional Services,WE-012,45585.19,33,0.0288,3.58,40
2025-11-01,Southwest,Enterprise SaaS,SO-001,55096.25,71,0.1088,3.47,53
2025-11-01,Southwest,Enterprise SaaS,SO-002,45816.11,55,0.045,4.21,45
2025-11-01,Southwest,Enterprise SaaS,SO-003,43759.47,60,0.0122,4.03,45
2025-11-01,Southwest,Enterprise SaaS,SO-004,59024.9,63,0.0683,3.55,54
2025-11-01,Southwest,Enterprise SaaS,SO-005,58827.53,72,0.1573,3.42,52
2025-11-01,Southwest,Enterprise SaaS,SO-006,66570.17,76,0.0001,4.33,38
2025-11-01,Southwest,Enterprise SaaS,SO-007,71804.49,85,0.0293,3.85,40
2025-11-01,Southwest,Enterprise SaaS,SO-008,53731.67,73,0.0492,4.22,42
2025-11-01,Southwest,Enterprise SaaS,SO-009,50453.65,52,0.1075,3.22,45
2025-11-01,Southwest,Enterprise SaaS,SO-010,50472.34,53,0.04,3.93,33
2025-11-01,Southwest,Enterprise SaaS,SO-011,70413.55,77,0.0286,3.98,39
2025-11-01,Southwest,Enterprise SaaS,SO-012,60410.12,78,0.0797,4.74,46
2025-11-01,Southwest,SMB Platform,SO-001,33908.67,91,0.0743,4.11,18
2025-11-01,Southwest,SMB Platform,SO-002,44054.96,111,0.0623,4.32,16
2025-11-01,Southwest,SMB Platform,SO-003,34753.62,122,0.0334,3.6,20
2025-11-01,Southwest,SMB Platform,SO-004,45732.02,135,0.035,4.38,20
2025-11-01,Southwest,SMB Platform,SO-005,47771.73,159,0.1144,3.96,23
2025-11-01,Southwest,SMB Platform,SO-006,38866.33,127,0.1119,3.51,16
2025-11-01,Southwest,SMB Platform,SO-007,45337.92,142,0.0651,4.03,14
2025-11-01,Southwest,SMB Platform,SO-008,48238.71,166,0.0994,3.83,11
2025-11-01,Southwest,SMB Platform,SO-009,43346.2,127,0.0414,3.77,21
2025-11-01,Southwest,SMB Platform,SO-010,46979.77,145,0.068,4.3,13
2025-11-01,Southwest,SMB Platform,SO-011,43357.17,130,0.0438,4.14,19
2025-11-01,Southwest,SMB Platform,SO-012,38103.84,100,0.0775,4.0,18
2025-11-01,Southwest,Professional Services,SO-001,24471.72,18,0.1728,3.57,36
2025-11-01,Southwest,Professional Services,SO-002,27989.44,22,0.0633,4.02,24
2025-11-01,Southwest,Professional Services,SO-003,20324.94,15,0.0369,4.34,33
2025-11-01,Southwest,Professional Services,SO-004,33700.61,28,0.0465,3.69,26
2025-11-01,Southwest,Professional Services,SO-005,24667.45,22,0.0459,3.82,39
2025-11-01,Southwest,Professional Services,SO-006,24923.33,20,0.0316,4.17,33
2025-11-01,Southwest,Professional Services,SO-007,26090.61,20,0.1085,4.09,28
2025-11-01,Southwest,Professional Services,SO-008,28779.09,20,0.144,3.72,18
2025-11-01,Southwest,Professional Services,SO-009,34397.09,34,0.0724,3.84,35
2025-11-01,Southwest,Professional Services,SO-010,28981.71,26,0.0068,4.56,30
2025-11-01,Southwest,Professional Services,SO-011,29791.08,23,0.0628,3.81,25
2025-11-01,Southwest,Professional Services,SO-012,19179.75,18,0.0718,3.94,33
2025-12-01,Northeast,Enterprise SaaS,NO-001,81296.57,94,0.0166,3.85,41
2025-12-01,Northeast,Enterprise SaaS,NO-002,64495.07,79,0.078,3.82,57
2025-12-01,Northeast,Enterprise SaaS,NO-003,51527.82,50,0.1047,4.0,44
2025-12-01,Northeast,Enterprise SaaS,NO-004,52122.82,63,0.0895,4.03,47
2025-12-01,Northeast,Enterprise SaaS,NO-005,57531.11,70,0.0722,4.15,68
2025-12-01,Northeast,Enterprise SaaS,NO-006,70039.38,81,0.0441,4.23,44
2025-12-01,Northeast,Enterprise SaaS,NO-007,58062.02,68,0.0366,3.38,54
2025-12-01,Northeast,Enterprise SaaS,NO-008,72899.99,86,0.0271,4.38,48
2025-12-01,Northeast,Enterprise SaaS,NO-009,64409.4,68,0.0973,3.87,40
2025-12-01,Northeast,Enterprise SaaS,NO-010,82314.86,93,0.0664,3.9,35
2025-12-01,Northeast,Enterprise SaaS,NO-011,74871.98,80,0.0857,3.82,32
2025-12-01,Northeast,Enterprise SaaS,NO-012,76894.58,83,0.0308,3.66,54
2025-12-01,Northeast,SMB Platform,NO-001,50500.57,128,0.0595,4.03,17
2025-12-01,Northeast,SMB Platform,NO-002,44098.94,149,0.1174,3.95,13
2025-12-01,Northeast,SMB Platform,NO-003,51287.2,153,0.0577,3.89,19
2025-12-01,Northeast,SMB Platform,NO-004,60936.17,191,0.0839,3.65,22
2025-12-01,Northeast,SMB Platform,NO-005,38060.51,113,0.0793,3.87,13
2025-12-01,Northeast,SMB Platform,NO-006,57416.91,181,0.0439,4.04,21
2025-12-01,Northeast,SMB Platform,NO-007,55848.62,184,0.0598,3.66,20
2025-12-01,Northeast,SMB Platform,NO-008,41809.11,127,0.0587,3.89,13
2025-12-01,Northeast,SMB Platform,NO-009,47564.48,150,0.1555,3.45,8
2025-12-01,Northeast,SMB Platform,NO-010,58861.17,179,0.0243,4.07,20
2025-12-01,Northeast,SMB Platform,NO-011,44468.24,125,0.0313,3.03,19
2025-12-01,Northeast,SMB Platform,NO-012,37168.16,121,0.0311,4.17,15
2025-12-01,Northeast,Professional Services,NO-001,35840.24,26,0.1225,3.6,36
2025-12-01,Northeast,Professional Services,NO-002,26296.49,19,0.0166,4.45,30
2025-12-01,Northeast,Professional Services,NO-003,32023.9,29,0.0429,3.82,44
2025-12-01,Northeast,Professional Services,NO-004,36523.36,34,0.0607,3.94,25
2025-12-01,Northeast,Professional Services,NO-005,32070.83,28,0.0422,4.75,30
2025-12-01,Northeast,Professional Services,NO-006,29912.49,27,0.1047,3.86,22
2025-12-01,Northeast,Professional Services,NO-007,30789.0,25,0.1696,3.88,31
2025-12-01,Northeast,Professional Services,NO-008,30127.74,24,0.0315,4.54,36
2025-12-01,Northeast,Professional Services,NO-009,25125.17,20,0.0647,4.02,27
2025-12-01,Northeast,Professional Services,NO-010,29178.25,24,0.0589,3.7,24
2025-12-01,Northeast,Professional Services,NO-011,35665.38,24,0.0718,3.47,31
2025-12-01,Northeast,Professional Services,NO-012,37610.23,28,0.0084,4.14,27
2025-12-01,Southeast,Enterprise SaaS,SO-001,48883.41,59,0.0708,3.64,47
2025-12-01,Southeast,Enterprise SaaS,SO-002,57336.19,70,0.0165,4.11,51
2025-12-01,Southeast,Enterprise SaaS,SO-003,78032.84,105,0.0709,4.02,51
2025-12-01,Southeast,Enterprise SaaS,SO-004,58994.46,75,0.075,3.96,45
2025-12-01,Southeast,Enterprise SaaS,SO-005,70620.36,74,0.1185,3.92,44
2025-12-01,Southeast,Enterprise SaaS,SO-006,58732.96,68,0.1041,3.74,56
2025-12-01,Southeast,Enterprise SaaS,SO-007,50947.16,60,0.0032,3.82,62
2025-12-01,Southeast,Enterprise SaaS,SO-008,60631.85,78,0.096,3.53,37
2025-12-01,Southeast,Enterprise SaaS,SO-009,63192.86,72,0.0907,3.77,45
2025-12-01,Southeast,Enterprise SaaS,SO-010,71207.91,83,0.123,4.05,37
2025-12-01,Southeast,Enterprise SaaS,SO-011,53778.02,65,0.0606,4.65,52
2025-12-01,Southeast,Enterprise SaaS,SO-012,55553.3,71,0.02,3.92,40
2025-12-01,Southeast,SMB Platform,SO-001,40455.59,131,0.075,4.23,12
2025-12-01,Southeast,SMB Platform,SO-002,38758.24,128,0.0733,3.89,15
2025-12-01,Southeast,SMB Platform,SO-003,40353.56,131,0.0202,4.18,16
2025-12-01,Southeast,SMB Platform,SO-004,36661.78,124,0.0989,3.9,17
2025-12-01,Southeast,SMB Platform,SO-005,43399.63,138,0.174,4.45,11
2025-12-01,Southeast,SMB Platform,SO-006,50043.32,170,0.2091,3.76,23
2025-12-01,Southeast,SMB Platform,SO-007,46029.38,144,0.1435,4.63,16
2025-12-01,Southeast,SMB Platform,SO-008,48783.8,159,0.0366,4.0,19
2025-12-01,Southeast,SMB Platform,SO-009,44866.21,126,0.104,3.91,18
2025-12-01,Southeast,SMB Platform,SO-010,46826.57,125,0.0593,3.77,17
2025-12-01,Southeast,SMB Platform,SO-011,33009.74,93,0.0366,3.96,22
2025-12-01,Southeast,SMB Platform,SO-012,31239.73,75,0.1352,3.95,17
2025-12-01,Southeast,Professional Services,SO-001,35783.56,28,0.0472,4.2,26
2025-12-01,Southeast,Professional Services,SO-002,29803.74,23,0.0873,4.13,24
2025-12-01,Southeast,Professional Services,SO-003,33252.74,27,0.199,3.53,34
2025-12-01,Southeast,Professional Services,SO-004,26587.78,22,0.1137,3.65,21
2025-12-01,Southeast,Professional Services,SO-005,31145.96,25,0.0858,3.83,18
2025-12-01,Southeast,Professional Services,SO-006,35790.5,20,0.152,3.97,35
2025-12-01,Southeast,Professional Services,SO-007,29856.9,25,0.0886,3.94,35
2025-12-01,Southeast,Professional Services,SO-008,30421.34,28,0.1307,3.63,39
2025-12-01,Southeast,Professional Services,SO-009,29489.71,22,0.0895,3.65,32
2025-12-01,Southeast,Professional Services,SO-010,34525.22,28,0.0197,4.56,23
2025-12-01,Southeast,Professional Services,SO-011,30881.87,25,0.101,4.59,26
2025-12-01,Southeast,Professional Services,SO-012,30014.1,22,0.1224,3.66,26
2025-12-01,Midwest,Enterprise SaaS,MI-001,42360.97,43,0.0536,4.31,38
2025-12-01,Midwest,Enterprise SaaS,MI-002,63422.78,72,0.0292,4.43,49
2025-12-01,Midwest,Enterprise SaaS,MI-003,36828.2,38,0.0736,3.83,46
2025-12-01,Midwest,Enterprise SaaS,MI-004,65087.32,66,0.0908,4.1,48
2025-12-01,Midwest,Enterprise SaaS,MI-005,41801.45,49,0.0147,3.87,49
2025-12-01,Midwest,Enterprise SaaS,MI-006,47582.38,57,0.0825,3.77,50
2025-12-01,Midwest,Enterprise SaaS,MI-007,46440.53,55,0.0724,3.51,53
2025-12-01,Midwest,Enterprise SaaS,MI-008,61266.27,77,0.0138,3.7,46
2025-12-01,Midwest,Enterprise SaaS,MI-009,59731.26,67,0.0215,3.99,43
2025-12-01,Midwest,Enterprise SaaS,MI-010,42170.92,40,0.0298,4.69,50
2025-12-01,Midwest,Enterprise SaaS,MI-011,51848.17,61,0.0605,3.57,47
2025-12-01,Midwest,Enterprise SaaS,MI-012,48951.78,55,0.0547,3.83,49
2025-12-01,Midwest,SMB Platform,MI-001,40446.94,127,0.0933,4.28,20
2025-12-01,Midwest,SMB Platform,MI-002,35083.21,112,0.0349,3.62,20
2025-12-01,Midwest,SMB Platform,MI-003,36371.46,101,0.0252,3.82,21
2025-12-01,Midwest,SMB Platform,MI-004,28338.45,90,0.1665,3.56,11
2025-12-01,Midwest,SMB Platform,MI-005,38482.69,124,0.0665,4.5,10
2025-12-01,Midwest,SMB Platform,MI-006,29611.51,91,0.0114,4.04,14
2025-12-01,Midwest,SMB Platform,MI-007,37195.34,95,0.2066,3.62,18
2025-12-01,Midwest,SMB Platform,MI-008,41780.82,127,0.0638,3.78,11
2025-12-01,Midwest,SMB Platform,MI-009,37682.37,113,0.0361,4.77,18
2025-12-01,Midwest,SMB Platform,MI-010,31343.52,103,0.1186,3.8,17
2025-12-01,Midwest,SMB Platform,MI-011,45667.42,149,0.0493,4.09,9
2025-12-01,Midwest,SMB Platform,MI-012,42426.69,117,0.0337,4.68,19
2025-12-01,Midwest,Professional Services,MI-001,21012.38,17,0.1237,4.24,27
2025-12-01,Midwest,Professional Services,MI-002,25050.4,25,0.0414,4.56,17
2025-12-01,Midwest,Professional Services,MI-003,19311.5,16,0.1056,3.5,31
2025-12-01,Midwest,Professional Services,MI-004,28638.42,20,0.0459,4.32,27
2025-12-01,Midwest,Professional Services,MI-005,25350.28,18,0.0667,3.8,35
2025-12-01,Midwest,Professional Services,MI-006,28413.83,23,0.0782,4.62,25
2025-12-01,Midwest,Professional Services,MI-007,23205.43,18,0.018,3.93,24
2025-12-01,Midwest,Professional Services,MI-008,29287.9,27,0.0453,3.85,26
2025-12-01,Midwest,Professional Services,MI-009,21837.66,18,0.004,3.99,35
2025-12-01,Midwest,Professional Services,MI-010,26100.95,20,0.0967,3.7,33
2025-12-01,Midwest,Professional Services,MI-011,19614.06,14,0.0669,3.86,23
2025-12-01,Midwest,Professional Services,MI-012,21706.21,18,0.0679,3.76,27
2025-12-01,West,Enterprise SaaS,WE-001,74807.07,94,0.0684,4.08,48
2025-12-01,West,Enterprise SaaS,WE-002,81070.56,85,0.0235,4.7,47
2025-12-01,West,Enterprise SaaS,WE-003,78819.19,101,0.1112,3.64,49
2025-12-01,West,Enterprise SaaS,WE-004,89102.29,100,0.0819,3.78,49
2025-12-01,West,Enterprise SaaS,WE-005,64418.77,85,0.0885,3.92,35
2025-12-01,West,Enterprise SaaS,WE-006,95349.76,112,0.0027,4.43,34
2025-12-01,West,Enterprise SaaS,WE-007,69119.32,87,0.0246,4.14,28
2025-12-01,West,Enterprise SaaS,WE-008,69727.32,81,0.0726,3.66,54
2025-12-01,West,Enterprise SaaS,WE-009,93476.49,124,0.1523,3.78,47
2025-12-01,West,Enterprise SaaS,WE-010,64894.51,79,0.0589,4.31,53
2025-12-01,West,Enterprise SaaS,WE-011,92361.97,119,0.0281,3.94,32
2025-12-01,West,Enterprise SaaS,WE-012,69687.42,67,0.017,3.69,46
2025-12-01,West,SMB Platform,WE-001,57709.98,169,0.1641,3.52,23
2025-12-01,West,SMB Platform,WE-002,48922.96,164,0.0153,3.96,18
2025-12-01,West,SMB Platform,WE-003,65228.84,198,0.0795,4.65,19
2025-12-01,West,SMB Platform,WE-004,48805.32,134,0.0781,4.15,13
2025-12-01,West,SMB Platform,WE-005,53079.11,141,0.0489,4.27,19
2025-12-01,West,SMB Platform,WE-006,47157.04,147,0.0621,3.67,20
2025-12-01,West,SMB Platform,WE-007,56859.23,174,0.0292,3.18,22
2025-12-01,West,SMB Platform,WE-008,49178.0,168,0.0545,4.3,23
2025-12-01,West,SMB Platform,WE-009,57075.49,194,0.0274,3.83,20
2025-12-01,West,SMB Platform,WE-010,57174.24,148,0.0406,3.28,16
2025-12-01,West,SMB Platform,WE-011,42129.06,144,0.0157,3.86,19
2025-12-01,West,SMB Platform,WE-012,49906.24,173,0.0361,3.71,16
2025-12-01,West,Professional Services,WE-001,32296.17,27,0.0629,3.48,18
2025-12-01,West,Professional Services,WE-002,37871.69,39,0.0318,4.05,33
2025-12-01,West,Professional Services,WE-003,47764.78,47,0.0151,4.56,33
2025-12-01,West,Professional Services,WE-004,42769.49,34,0.0659,3.75,32
2025-12-01,West,Professional Services,WE-005,44429.89,40,0.0863,3.72,29
2025-12-01,West,Professional Services,WE-006,34471.92,32,0.0616,4.62,15
2025-12-01,West,Professional Services,WE-007,37503.1,36,0.0706,3.48,36
2025-12-01,West,Professional Services,WE-008,43582.84,40,0.1212,3.22,34
2025-12-01,West,Professional Services,WE-009,37763.45,32,0.069,4.04,29
2025-12-01,West,Professional Services,WE-010,36458.39,32,0.0199,4.14,31
2025-12-01,West,Professional Services,WE-011,27646.05,23,0.0338,3.37,39
2025-12-01,West,Professional Services,WE-012,49305.88,36,0.0605,3.69,33
2025-12-01,Southwest,Enterprise SaaS,SO-001,53649.54,63,0.0015,4.27,45
2025-12-01,Southwest,Enterprise SaaS,SO-002,45175.52,60,0.1065,3.37,50
2025-12-01,Southwest,Enterprise SaaS,SO-003,45210.62,55,0.0403,4.0,54
2025-12-01,Southwest,Enterprise SaaS,SO-004,46388.52,61,0.0156,4.25,44
2025-12-01,Southwest,Enterprise SaaS,SO-005,44731.63,54,0.0463,3.36,43
2025-12-01,Southwest,Enterprise SaaS,SO-006,41397.96,50,0.0358,3.7,30
2025-12-01,Southwest,Enterprise SaaS,SO-007,48944.86,48,0.0591,3.78,39
2025-12-01,Southwest,Enterprise SaaS,SO-008,44907.6,43,0.0675,4.43,53
2025-12-01,Southwest,Enterprise SaaS,SO-009,46130.66,45,0.0819,3.92,33
2025-12-01,Southwest,Enterprise SaaS,SO-010,49249.11,55,0.0063,4.41,36
2025-12-01,Southwest,Enterprise SaaS,SO-011,58578.15,70,0.0874,3.41,37
2025-12-01,Southwest,Enterprise SaaS,SO-012,48196.77,65,0.0838,3.68,42
2025-12-01,Southwest,SMB Platform,SO-001,31190.12,83,0.0699,4.47,12
2025-12-01,Southwest,SMB Platform,SO-002,29310.8,103,0.1389,3.62,18
2025-12-01,Southwest,SMB Platform,SO-003,31209.86,89,0.1576,3.6,18
2025-12-01,Southwest,SMB Platform,SO-004,30469.4,102,0.1465,3.53,19
2025-12-01,Southwest,SMB Platform,SO-005,31524.13,104,0.0706,3.79,11
2025-12-01,Southwest,SMB Platform,SO-006,34428.18,104,0.1137,3.23,17
2025-12-01,Southwest,SMB Platform,SO-007,26334.17,87,0.1209,3.75,13
2025-12-01,Southwest,SMB Platform,SO-008,32139.52,80,0.0212,4.29,19
2025-12-01,Southwest,SMB Platform,SO-009,40217.64,140,0.0337,4.05,19
2025-12-01,Southwest,SMB Platform,SO-010,32510.17,102,0.1339,3.58,21
2025-12-01,Southwest,SMB Platform,SO-011,41537.79,129,0.0255,3.67,17
2025-12-01,Southwest,SMB Platform,SO-012,29592.11,84,0.0434,4.18,22
2025-12-01,Southwest,Professional Services,SO-001,28224.6,24,0.0929,3.75,27
2025-12-01,Southwest,Professional Services,SO-002,27337.76,20,0.0534,3.93,33
2025-12-01,Southwest,Professional Services,SO-003,23633.37,19,0.0227,4.59,28
2025-12-01,Southwest,Professional Services,SO-004,29495.85,22,0.1008,3.75,20
2025-12-01,Southwest,Professional Services,SO-005,19999.93,13,0.039,4.24,35
2025-12-01,Southwest,Professional Services,SO-006,29846.36,24,0.1313,4.18,32
2025-12-01,Southwest,Professional Services,SO-007,20083.76,15,0.0135,4.17,17
2025-12-01,Southwest,Professional Services,SO-008,27221.58,23,0.0086,3.98,30
2025-12-01,Southwest,Professional Services,SO-009,25713.98,21,0.0542,4.05,28
2025-12-01,Southwest,Professional Services,SO-010,29793.07,26,0.1521,3.94,24
2025-12-01,Southwest,Professional Services,SO-011,34676.1,28,0.007,4.75,18
2025-12-01,Southwest,Professional Services,SO-012,31679.74,29,0.0435,3.88,24
