company_size,industry,lead_source,website_visits,pages_per_session,email_opens,email_clicks,content_downloads,webinar_attended,demo_requested,days_since_first_touch,days_since_last_activity,converted
201-500,Professional Services,Paid Ads,5,9.0,0,0,0,0,0,73,58,0
51-200,Healthcare,Referral,4,7.4,3,1,1,0,0,175,52,0
501-1000,Education,Referral,3,1.7,2,0,2,0,0,78,84,0
201-500,Retail,Organic Search,3,6.1,1,0,3,0,0,30,84,0
1-10,Technology,Organic Search,6,3.3,4,1,2,0,1,136,73,0
1000+,Professional Services,Direct,8,11.6,7,2,0,0,0,78,71,0
201-500,Manufacturing,Referral,7,2.2,3,3,2,0,1,72,30,1
201-500,Technology,Direct,5,7.6,1,0,0,0,0,46,78,0
1-10,Technology,Social Media,11,6.3,7,3,0,0,0,135,32,1
51-200,Retail,Event,4,7.4,5,0,1,1,0,88,68,0
11-50,Technology,Organic Search,6,11.5,3,2,3,1,0,87,43,1
1000+,Financial Services,Organic Search,1,4.8,2,2,4,0,0,138,45,0
51-200,Technology,Social Media,5,9.2,4,1,0,0,1,65,72,0
501-1000,Healthcare,Referral,7,5.9,4,1,1,0,1,119,12,0
51-200,Healthcare,Organic Search,4,8.3,2,0,1,1,0,31,76,0
11-50,Manufacturing,Social Media,6,5.0,4,1,3,0,1,103,73,0
51-200,Financial Services,Organic Search,6,3.5,1,1,1,0,1,77,42,0
1-10,Technology,Organic Search,8,1.9,1,1,1,0,1,92,58,0
501-1000,Retail,Direct,8,2.1,3,2,1,1,0,66,23,0
51-200,Healthcare,Referral,9,11.6,4,0,4,1,0,24,69,0
201-500,Retail,Paid Ads,6,9.7,5,3,1,0,1,165,10,0
11-50,Technology,Organic Search,3,3.7,4,0,2,0,0,73,66,0
1000+,Technology,Direct,6,6.8,7,0,1,0,0,134,61,0
501-1000,Financial Services,Direct,1,8.9,3,1,2,0,0,163,22,0
201-500,Healthcare,Paid Ads,3,4.9,4,1,1,0,0,80,73,0
11-50,Healthcare,Paid Ads,6,5.8,1,0,2,0,0,147,25,0
51-200,Professional Services,Social Media,9,8.9,4,1,1,0,0,79,48,1
1-10,Healthcare,Organic Search,9,3.5,2,1,0,1,0,12,77,0
11-50,Manufacturing,Referral,2,6.8,2,0,0,0,0,158,5,0
201-500,Manufacturing,Organic Search,5,3.3,6,0,0,0,0,151,36,0
201-500,Technology,Organic Search,3,1.0,1,0,2,0,0,102,56,0
1000+,Manufacturing,Social Media,5,8.6,2,1,2,0,0,149,15,1
11-50,Financial Services,Paid Ads,2,8.8,3,2,1,0,0,120,46,0
11-50,Healthcare,Referral,4,12.0,3,0,2,0,0,144,57,0
51-200,Technology,Paid Ads,3,3.0,3,0,0,1,1,11,78,0
11-50,Professional Services,Referral,3,9.1,3,0,0,0,0,146,26,0
1-10,Education,Direct,4,11.4,3,0,1,0,0,39,74,0
51-200,Technology,Referral,4,8.1,3,1,3,0,0,176,57,1
11-50,Retail,Referral,3,11.6,7,0,1,0,0,173,45,1
201-500,Professional Services,Referral,9,11.9,1,1,2,0,0,10,53,1
51-200,Financial Services,Direct,2,9.8,5,1,0,0,0,117,88,0
501-1000,Professional Services,Social Media,4,12.0,5,2,3,0,0,69,59,0
201-500,Retail,Organic Search,2,7.9,9,0,3,0,0,46,38,0
11-50,Education,Organic Search,9,6.5,0,0,5,0,0,174,89,1
501-1000,Education,Referral,8,11.1,4,0,2,1,0,72,62,1
501-1000,Technology,Event,4,10.1,3,1,0,1,0,99,24,1
11-50,Healthcare,Organic Search,4,2.2,5,1,0,0,0,57,54,0
11-50,Manufacturing,Referral,5,4.3,2,2,0,1,0,123,87,1
201-500,Technology,Social Media,4,3.9,1,0,6,0,0,46,62,0
1-10,Financial Services,Paid Ads,7,10.4,2,1,1,1,0,65,68,0
11-50,Education,Social Media,6,3.6,3,0,2,0,0,127,59,1
1-10,Technology,Paid Ads,2,4.3,0,0,1,0,0,38,76,1
201-500,Healthcare,Social Media,8,6.7,3,0,2,0,0,141,7,0
201-500,Professional Services,Event,2,1.8,0,0,2,1,0,176,72,0
201-500,Financial Services,Direct,5,11.6,2,2,3,1,0,127,81,1
201-500,Manufacturing,Social Media,3,6.4,4,2,5,0,0,65,2,0
51-200,Education,Paid Ads,3,3.1,3,0,1,0,1,33,70,0
51-200,Manufacturing,Social Media,7,4.0,3,0,0,0,0,101,45,0
1-10,Technology,Event,4,9.8,1,1,0,1,0,79,34,0
1-10,Technology,Paid Ads,8,8.0,0,0,1,0,0,44,9,0
201-500,Education,Paid Ads,5,6.1,2,1,1,0,0,66,28,0
51-200,Financial Services,Organic Search,4,4.6,6,0,0,0,0,174,60,0
51-200,Manufacturing,Social Media,5,10.9,0,0,2,0,0,31,46,0
201-500,Technology,Paid Ads,6,9.5,1,0,1,0,0,47,5,0
51-200,Healthcare,Organic Search,5,8.9,2,0,1,1,0,63,27,1
51-200,Education,Referral,5,5.9,5,0,1,1,0,164,2,0
51-200,Manufacturing,Direct,4,11.8,2,1,0,0,0,65,32,0
11-50,Education,Organic Search,6,8.8,4,2,2,1,0,53,81,1
1-10,Financial Services,Referral,2,5.7,5,3,2,0,0,54,68,0
51-200,Manufacturing,Direct,3,11.6,3,1,1,0,0,170,82,0
11-50,Professional Services,Direct,0,10.9,3,0,2,0,1,64,14,1
51-200,Healthcare,Paid Ads,4,9.1,2,1,0,0,1,66,56,0
501-1000,Financial Services,Organic Search,3,9.4,2,1,1,1,1,66,27,1
11-50,Professional Services,Paid Ads,2,5.7,1,1,2,0,0,157,41,0
1-10,Healthcare,Paid Ads,7,6.6,4,0,1,0,0,128,87,0
11-50,Manufacturing,Referral,2,3.1,2,1,3,0,0,108,74,0
11-50,Education,Referral,6,7.5,4,0,0,0,0,39,62,1
201-500,Technology,Event,5,5.1,5,3,2,0,0,21,86,0
51-200,Financial Services,Social Media,3,4.8,2,0,4,0,0,16,44,1
201-500,Technology,Direct,6,11.4,4,1,3,1,1,53,4,1
201-500,Healthcare,Social Media,5,2.8,2,1,2,0,0,142,82,0
51-200,Financial Services,Referral,4,10.1,2,1,2,0,0,137,9,0
501-1000,Retail,Organic Search,8,4.1,0,0,1,0,0,141,23,0
11-50,Technology,Event,5,1.3,1,0,3,0,0,120,81,1
1-10,Retail,Social Media,4,1.4,2,1,1,0,0,93,79,0
1-10,Financial Services,Paid Ads,3,5.7,5,0,0,0,1,64,8,0
201-500,Healthcare,Organic Search,4,6.0,3,1,1,1,0,131,77,0
51-200,Financial Services,Social Media,5,4.5,2,2,4,0,0,35,64,0
11-50,Retail,Organic Search,3,8.4,3,0,2,1,0,13,9,0
51-200,Healthcare,Event,4,6.3,5,0,3,1,0,149,49,0
11-50,Healthcare,Organic Search,9,1.8,5,0,2,0,0,85,23,0
201-500,Professional Services,Referral,4,4.8,4,2,3,0,0,112,46,0
51-200,Manufacturing,Paid Ads,4,2.1,1,0,0,0,0,172,16,0
11-50,Financial Services,Referral,3,1.7,0,0,0,0,0,123,8,0
11-50,Education,Event,5,3.3,1,1,3,0,0,137,58,0
51-200,Financial Services,Paid Ads,1,8.7,2,1,2,0,0,86,65,1
11-50,Technology,Organic Search,5,8.7,0,0,2,0,0,58,17,0
1-10,Manufacturing,Organic Search,5,10.5,2,2,0,0,0,63,54,0
1-10,Technology,Organic Search,4,9.3,2,0,1,0,1,162,44,0
1000+,Financial Services,Referral,5,6.9,4,0,2,0,0,69,83,0
1000+,Retail,Organic Search,3,4.4,0,0,2,1,1,168,50,1
201-500,Technology,Paid Ads,12,1.1,5,2,2,1,0,6,43,1
11-50,Professional Services,Social Media,4,8.1,1,0,1,1,0,53,0,0
1000+,Education,Direct,9,4.2,4,1,2,0,0,169,82,1
201-500,Retail,Organic Search,6,3.8,3,0,1,0,0,104,59,0
201-500,Retail,Direct,4,11.7,4,4,2,0,0,66,16,1
51-200,Retail,Direct,6,2.9,5,2,1,0,0,32,0,0
11-50,Education,Social Media,3,1.4,1,1,1,0,0,87,18,0
1-10,Financial Services,Social Media,4,11.4,3,0,1,1,0,172,45,0
1000+,Technology,Referral,4,4.4,4,1,3,1,0,64,85,0
51-200,Manufacturing,Organic Search,0,5.3,0,0,0,1,0,87,55,0
11-50,Manufacturing,Direct,2,1.9,4,0,0,0,0,64,8,0
11-50,Technology,Direct,7,5.4,1,1,0,0,1,155,17,0
51-200,Retail,Paid Ads,4,11.7,3,0,1,0,0,123,21,0
11-50,Technology,Organic Search,5,8.6,6,0,0,1,1,111,6,0
501-1000,Education,Organic Search,6,6.2,5,1,1,0,0,120,12,0
201-500,Financial Services,Referral,2,4.4,2,0,3,1,0,74,8,1
201-500,Technology,Direct,3,5.0,2,2,1,1,0,146,63,1
51-200,Technology,Organic Search,3,7.7,1,1,1,0,0,110,61,0
51-200,Financial Services,Social Media,9,3.8,1,1,3,0,0,13,70,0
51-200,Financial Services,Event,9,2.7,1,1,1,1,0,67,16,1
51-200,Technology,Paid Ads,3,8.7,8,2,2,0,0,157,81,0
1-10,Financial Services,Social Media,2,10.6,2,0,0,0,1,46,33,1
51-200,Technology,Paid Ads,6,10.9,3,1,2,0,0,172,13,1
1-10,Healthcare,Organic Search,5,10.3,2,1,1,0,0,146,14,0
51-200,Healthcare,Referral,3,6.8,5,1,1,1,0,178,28,0
11-50,Financial Services,Organic Search,6,9.7,3,2,2,0,0,143,7,1
1-10,Financial Services,Social Media,4,11.2,5,0,2,0,0,24,28,0
1-10,Technology,Paid Ads,3,1.3,3,1,0,1,0,35,59,0
51-200,Technology,Event,3,5.5,2,1,0,0,0,88,87,0
11-50,Financial Services,Referral,4,3.2,3,1,1,0,0,65,0,0
1000+,Professional Services,Direct,7,12.0,6,3,2,1,0,169,52,0
51-200,Education,Social Media,8,11.2,4,1,1,0,0,152,21,0
11-50,Education,Social Media,4,9.8,5,1,2,0,0,136,30,0
51-200,Manufacturing,Paid Ads,1,4.3,5,1,6,0,0,169,57,0
1-10,Manufacturing,Paid Ads,2,11.5,2,0,1,0,0,11,26,0
1000+,Financial Services,Social Media,9,1.3,2,1,4,0,1,126,39,1
51-200,Professional Services,Social Media,3,3.1,2,0,1,0,0,156,28,0
201-500,Professional Services,Social Media,4,7.8,4,2,2,0,0,175,32,0
1-10,Professional Services,Organic Search,5,9.7,1,1,2,1,0,151,64,0
51-200,Professional Services,Organic Search,8,10.7,5,1,0,0,1,145,26,0
51-200,Healthcare,Organic Search,3,4.3,3,1,0,0,0,140,49,0
1000+,Professional Services,Organic Search,6,5.3,4,3,2,0,0,23,71,0
51-200,Professional Services,Event,6,6.0,5,0,2,0,1,74,56,1
51-200,Financial Services,Referral,6,1.3,4,0,2,0,1,157,68,1
11-50,Education,Referral,1,10.5,0,0,3,0,1,114,42,0
11-50,Technology,Organic Search,5,4.7,4,0,2,1,0,47,41,1
51-200,Education,Event,3,3.2,5,1,1,1,0,129,2,0
51-200,Professional Services,Organic Search,5,5.5,2,0,1,0,1,5,63,1
1-10,Technology,Organic Search,3,8.8,4,2,1,0,0,72,61,0
501-1000,Retail,Event,6,10.6,3,1,7,0,0,136,45,0
501-1000,Technology,Social Media,5,3.4,0,0,0,0,1,141,65,1
1-10,Professional Services,Organic Search,7,2.9,1,1,0,0,0,92,59,0
51-200,Professional Services,Organic Search,6,11.4,2,1,1,1,0,49,16,0
1-10,Retail,Paid Ads,6,7.1,1,1,1,1,0,89,20,0
201-500,Professional Services,Social Media,7,5.0,1,0,0,0,0,33,58,0
11-50,Technology,Organic Search,6,3.2,1,1,1,0,0,168,8,0
201-500,Financial Services,Referral,3,11.9,3,0,0,0,0,154,78,0
201-500,Healthcare,Paid Ads,8,8.9,2,2,1,0,1,130,31,1
201-500,Technology,Referral,5,3.4,8,1,3,0,1,61,54,1
1-10,Healthcare,Social Media,7,2.0,1,1,0,0,0,26,46,0
1000+,Financial Services,Event,5,3.2,3,2,0,0,0,11,60,0
11-50,Healthcare,Organic Search,10,3.7,1,0,2,0,0,69,32,0
1-10,Healthcare,Organic Search,5,2.2,3,1,2,1,0,150,63,0
51-200,Professional Services,Organic Search,4,3.5,1,1,1,0,1,67,15,0
11-50,Financial Services,Organic Search,1,2.3,4,1,1,0,1,144,29,0
501-1000,Professional Services,Paid Ads,2,5.2,6,0,0,0,0,32,3,0
501-1000,Healthcare,Organic Search,5,6.3,2,0,0,0,0,144,13,0
11-50,Financial Services,Event,6,6.0,4,3,1,0,0,14,4,0
1000+,Manufacturing,Event,3,10.1,4,0,2,0,0,62,42,0
11-50,Healthcare,Social Media,4,3.8,3,0,0,1,0,27,6,0
51-200,Financial Services,Paid Ads,5,10.8,3,1,1,0,0,108,20,0
11-50,Manufacturing,Social Media,6,11.0,4,0,2,1,0,34,43,1
1000+,Technology,Referral,5,11.6,6,1,2,0,0,3,61,1
11-50,Healthcare,Social Media,4,3.0,1,1,1,0,0,58,2,0
1-10,Manufacturing,Organic Search,9,3.7,4,1,2,0,0,1,64,0
51-200,Healthcare,Direct,4,7.9,1,1,3,0,0,68,46,0
1000+,Professional Services,Paid Ads,1,2.5,3,0,0,0,0,47,0,1
501-1000,Financial Services,Paid Ads,3,1.9,2,0,3,0,0,168,8,1
201-500,Education,Paid Ads,5,1.8,3,0,2,0,0,95,85,0
501-1000,Professional Services,Organic Search,5,7.7,4,1,1,0,0,79,40,0
501-1000,Education,Direct,5,9.9,4,1,3,0,0,108,83,0
51-200,Professional Services,Social Media,5,3.8,1,0,2,0,0,25,46,0
11-50,Technology,Direct,3,11.3,4,0,1,1,0,24,11,0
201-500,Manufacturing,Direct,6,9.7,1,1,1,0,0,28,65,0
201-500,Technology,Referral,6,1.9,4,1,1,0,0,156,43,1
11-50,Professional Services,Event,5,5.5,1,1,3,1,0,134,34,0
1-10,Manufacturing,Direct,8,1.7,4,0,0,0,0,172,18,0
201-500,Financial Services,Organic Search,9,11.1,4,1,0,0,0,146,39,0
11-50,Education,Paid Ads,5,9.2,5,3,2,0,0,22,86,0
1000+,Technology,Paid Ads,6,8.6,2,2,2,0,0,30,19,0
11-50,Manufacturing,Social Media,5,8.5,1,1,0,1,0,148,50,0
1-10,Retail,Event,3,4.1,0,0,2,0,0,98,2,0
501-1000,Technology,Paid Ads,5,11.3,5,2,1,0,1,110,63,0
11-50,Manufacturing,Event,4,11.2,1,1,1,0,0,42,80,0
11-50,Professional Services,Social Media,3,9.1,3,0,1,0,0,90,88,0
51-200,Technology,Paid Ads,8,6.2,2,0,2,0,0,162,73,0
501-1000,Manufacturing,Social Media,3,1.5,2,0,4,0,0,88,60,0
11-50,Financial Services,Direct,1,1.3,1,0,1,1,0,124,52,0
11-50,Retail,Paid Ads,6,2.5,4,0,2,0,0,135,78,0
201-500,Technology,Paid Ads,5,7.6,5,1,1,0,0,166,0,0
1000+,Education,Social Media,4,9.8,3,1,1,1,0,38,21,0
51-200,Professional Services,Paid Ads,2,11.4,1,0,1,0,0,163,4,0
1-10,Technology,Organic Search,0,2.9,3,2,0,0,0,110,20,0
1-10,Financial Services,Direct,4,4.0,1,1,0,1,0,150,20,0
11-50,Manufacturing,Organic Search,3,1.6,2,1,3,1,0,47,39,0
1-10,Retail,Organic Search,9,11.9,8,0,5,0,0,22,62,1
201-500,Healthcare,Direct,4,9.6,3,1,1,0,0,16,79,1
1-10,Technology,Social Media,3,6.3,1,0,0,0,1,69,53,0
51-200,Technology,Paid Ads,2,7.3,4,0,3,0,0,99,3,0
201-500,Education,Paid Ads,5,7.2,5,1,4,0,1,52,8,1
51-200,Healthcare,Organic Search,2,3.8,3,3,5,0,1,49,39,0
11-50,Professional Services,Organic Search,2,3.0,5,1,1,1,0,147,55,0
501-1000,Manufacturing,Direct,2,4.3,3,2,3,0,0,133,74,0
201-500,Education,Organic Search,3,3.7,6,0,2,1,0,114,33,1
201-500,Technology,Organic Search,5,7.1,2,0,2,0,0,117,15,0
1-10,Technology,Event,4,4.4,1,1,2,0,0,152,12,1
1-10,Education,Direct,4,9.0,3,3,2,0,0,41,55,0
1000+,Education,Social Media,4,7.2,5,2,2,0,0,169,89,0
11-50,Financial Services,Organic Search,3,6.9,4,2,1,0,0,155,6,0
11-50,Healthcare,Paid Ads,8,11.5,5,1,0,0,1,62,0,0
51-200,Healthcare,Direct,3,4.5,4,3,1,1,0,63,0,0
201-500,Healthcare,Social Media,12,8.0,2,2,2,0,0,34,49,0
1000+,Technology,Event,6,1.0,1,1,4,0,0,127,28,0
11-50,Professional Services,Paid Ads,8,9.1,0,0,2,0,0,55,74,0
1000+,Financial Services,Event,4,6.5,2,0,1,1,1,48,72,0
1-10,Retail,Direct,4,3.3,1,1,2,0,0,121,45,0
51-200,Technology,Paid Ads,5,1.0,1,1,1,0,0,36,3,0
51-200,Technology,Paid Ads,5,8.8,3,1,2,1,0,21,51,1
1-10,Retail,Organic Search,4,8.3,4,0,2,0,1,154,32,0
1-10,Financial Services,Social Media,2,8.3,2,2,1,0,0,8,75,0
51-200,Retail,Organic Search,7,5.8,4,1,0,0,1,165,65,0
1000+,Technology,Paid Ads,6,8.0,6,1,3,0,0,123,86,1
51-200,Education,Social Media,4,7.3,3,1,0,0,1,64,33,0
1000+,Retail,Social Media,4,3.6,1,1,1,0,0,101,29,0
501-1000,Professional Services,Paid Ads,11,6.7,1,1,1,1,1,57,43,0
51-200,Technology,Direct,8,6.7,4,0,2,0,0,74,74,0
201-500,Financial Services,Organic Search,5,10.1,2,2,2,0,0,126,45,0
1-10,Healthcare,Referral,6,5.8,2,0,3,0,0,163,30,0
1-10,Manufacturing,Social Media,3,5.8,2,2,1,0,0,41,81,0
501-1000,Financial Services,Social Media,8,11.8,4,0,3,0,0,96,35,1
201-500,Technology,Social Media,3,10.8,6,0,1,0,0,155,78,0
11-50,Healthcare,Social Media,3,3.7,4,2,1,1,1,3,57,0
51-200,Financial Services,Event,5,11.0,4,3,1,0,0,2,5,1
51-200,Healthcare,Event,5,2.5,4,0,0,1,0,111,44,1
501-1000,Technology,Direct,6,10.4,1,1,1,0,0,26,62,0
51-200,Financial Services,Direct,11,3.0,3,2,2,0,0,178,82,1
51-200,Retail,Referral,4,5.7,2,2,0,0,0,22,48,0
11-50,Healthcare,Social Media,9,11.8,2,0,2,0,0,133,1,1
51-200,Financial Services,Paid Ads,5,2.1,5,4,3,1,0,57,31,1
201-500,Manufacturing,Social Media,3,10.2,2,0,1,0,0,166,87,0
501-1000,Professional Services,Organic Search,3,6.4,2,1,1,0,0,156,44,0
51-200,Healthcare,Paid Ads,4,2.2,2,1,3,0,0,143,34,1
11-50,Manufacturing,Direct,4,11.5,3,0,2,0,0,115,79,0
11-50,Education,Social Media,5,7.0,0,0,4,0,0,39,37,0
201-500,Manufacturing,Organic Search,0,10.7,2,2,3,1,1,20,69,0
501-1000,Education,Referral,6,10.6,2,1,3,1,0,47,1,1
1-10,Professional Services,Paid Ads,6,1.2,6,1,1,1,1,15,51,1
1-10,Technology,Event,3,3.9,3,0,1,0,0,141,2,0
51-200,Healthcare,Organic Search,3,4.7,7,0,3,0,0,52,15,0
1-10,Retail,Social Media,6,6.9,2,2,0,0,0,79,49,0
501-1000,Education,Social Media,5,1.8,3,0,0,0,0,111,55,1
11-50,Healthcare,Referral,4,5.3,2,0,0,0,0,126,10,0
1-10,Technology,Paid Ads,5,10.0,4,1,2,0,0,107,44,0
1000+,Manufacturing,Event,9,2.9,2,2,1,1,0,132,36,0
11-50,Technology,Event,1,8.7,1,1,2,0,0,21,40,1
11-50,Professional Services,Paid Ads,9,6.1,7,1,3,0,0,51,72,0
11-50,Manufacturing,Paid Ads,2,1.8,2,2,2,1,0,137,84,0
1-10,Retail,Social Media,6,3.0,4,3,1,1,0,129,6,0
1-10,Professional Services,Paid Ads,3,2.6,3,0,0,0,0,114,89,0
1-10,Retail,Paid Ads,4,7.8,2,1,3,0,0,169,4,0
11-50,Retail,Referral,2,2.0,2,0,1,0,0,176,85,0
1-10,Professional Services,Referral,8,10.1,3,1,0,0,0,16,55,0
51-200,Professional Services,Event,7,9.9,5,2,1,0,1,99,66,1
201-500,Professional Services,Direct,4,1.9,9,3,3,0,1,162,21,1
11-50,Technology,Social Media,7,10.8,0,0,2,0,0,59,53,0
11-50,Manufacturing,Organic Search,6,11.6,2,0,1,0,0,11,53,0
51-200,Financial Services,Paid Ads,4,1.5,2,2,4,0,0,22,28,0
501-1000,Professional Services,Organic Search,5,11.5,3,1,0,1,0,130,45,0
501-1000,Retail,Social Media,4,4.1,3,0,2,0,0,165,85,0
1-10,Healthcare,Referral,4,8.3,2,1,0,0,1,127,9,1
11-50,Technology,Direct,3,2.9,3,0,0,1,1,7,41,0
11-50,Financial Services,Paid Ads,4,10.0,1,1,2,0,1,74,30,0
11-50,Retail,Organic Search,7,10.3,1,1,2,0,0,63,18,0
51-200,Financial Services,Referral,2,11.8,3,0,2,0,0,164,43,1
51-200,Technology,Paid Ads,5,11.9,2,1,1,1,0,96,9,0
1-10,Professional Services,Organic Search,5,1.8,2,0,1,1,0,43,10,0
11-50,Professional Services,Paid Ads,4,8.2,3,1,1,0,0,102,75,0
51-200,Technology,Organic Search,9,4.0,1,1,1,0,0,135,28,0
1-10,Financial Services,Organic Search,6,2.4,3,2,1,0,1,105,29,1
501-1000,Education,Referral,1,2.6,2,1,2,0,0,75,59,0
1-10,Retail,Event,4,11.3,2,2,0,0,0,129,68,0
1000+,Retail,Direct,5,8.5,3,0,1,0,0,55,77,0
1-10,Financial Services,Paid Ads,4,1.6,6,0,0,0,1,23,56,0
501-1000,Financial Services,Paid Ads,6,11.8,1,1,1,0,1,155,23,0
1000+,Technology,Event,6,9.9,7,0,0,0,0,129,25,1
1000+,Retail,Direct,4,4.4,2,1,1,0,0,131,63,0
501-1000,Technology,Event,1,6.2,5,0,3,0,0,160,76,0
201-500,Technology,Referral,9,9.0,2,0,2,0,0,128,82,0
51-200,Retail,Direct,10,8.4,3,0,0,1,0,6,76,0
201-500,Education,Social Media,6,6.1,6,0,0,0,1,151,56,0
1-10,Professional Services,Organic Search,5,6.6,4,0,0,0,0,7,15,1
51-200,Manufacturing,Organic Search,2,1.5,3,0,1,0,0,125,37,1
51-200,Manufacturing,Direct,6,6.5,3,1,1,0,0,178,10,0
501-1000,Healthcare,Direct,7,4.7,8,4,1,0,0,73,39,0
51-200,Financial Services,Referral,4,4.1,4,0,0,1,0,56,54,0
11-50,Manufacturing,Social Media,12,4.0,4,0,1,0,0,167,60,0
51-200,Healthcare,Paid Ads,7,8.1,3,0,2,0,1,82,21,1
11-50,Manufacturing,Social Media,7,5.7,4,2,0,1,0,166,62,0
1-10,Professional Services,Paid Ads,6,5.7,7,0,0,0,0,56,29,0
51-200,Education,Paid Ads,4,2.8,1,1,1,0,0,33,62,0
51-200,Technology,Paid Ads,4,11.6,3,2,1,1,0,100,84,0
11-50,Healthcare,Referral,6,3.5,0,0,1,0,0,67,26,0
11-50,Technology,Direct,6,5.5,2,0,2,0,1,128,15,1
11-50,Healthcare,Direct,7,3.1,5,3,1,1,0,54,87,1
11-50,Financial Services,Organic Search,4,8.7,3,1,2,0,0,137,42,0
11-50,Technology,Paid Ads,3,5.8,5,0,1,0,0,64,20,0
201-500,Professional Services,Paid Ads,4,5.6,0,0,4,0,1,64,26,0
11-50,Manufacturing,Organic Search,7,10.6,2,1,1,0,0,128,42,0
1000+,Education,Referral,3,9.4,3,0,1,0,0,47,31,0
1000+,Technology,Referral,4,6.7,1,0,6,1,0,52,81,1
51-200,Technology,Organic Search,6,6.2,3,1,2,1,0,98,33,0
11-50,Healthcare,Direct,3,11.6,4,0,4,0,0,60,42,0
51-200,Technology,Event,5,11.5,4,1,2,1,0,69,23,1
501-1000,Financial Services,Organic Search,3,8.8,0,0,3,0,0,61,63,0
201-500,Education,Social Media,2,9.4,2,2,5,0,0,112,68,0
501-1000,Financial Services,Paid Ads,6,10.9,1,1,0,0,0,60,50,0
51-200,Technology,Social Media,4,11.6,0,0,3,0,0,110,73,0
51-200,Manufacturing,Referral,6,1.9,4,0,2,0,0,42,24,0
11-50,Manufacturing,Organic Search,7,12.0,3,0,4,0,0,161,48,1
201-500,Manufacturing,Referral,4,8.7,3,0,0,1,0,171,65,0
11-50,Healthcare,Direct,7,7.5,0,0,3,0,0,1,80,0
201-500,Professional Services,Social Media,3,5.5,2,0,1,0,0,19,29,0
501-1000,Technology,Social Media,6,4.7,1,1,1,0,0,19,12,0
1-10,Healthcare,Event,5,9.8,4,0,0,0,0,33,70,1
51-200,Retail,Event,1,8.2,5,3,0,0,0,141,45,0
1-10,Professional Services,Direct,5,3.2,3,2,3,0,0,45,5,1
201-500,Healthcare,Organic Search,4,7.7,4,2,2,0,0,105,74,0
1-10,Manufacturing,Organic Search,6,2.6,2,0,3,0,0,46,44,0
1000+,Technology,Event,6,6.5,2,2,1,0,0,12,55,1
1-10,Technology,Direct,7,7.4,3,0,1,0,0,16,32,0
1000+,Technology,Referral,7,8.0,1,0,1,0,1,169,88,0
501-1000,Retail,Direct,2,2.6,5,1,1,0,0,100,38,0
51-200,Financial Services,Social Media,6,2.1,6,4,1,0,0,117,53,0
201-500,Retail,Organic Search,2,3.8,5,1,2,1,0,34,48,1
201-500,Technology,Direct,10,7.7,1,0,1,0,0,87,86,1
1000+,Professional Services,Event,4,11.2,2,0,3,0,0,118,55,1
11-50,Professional Services,Referral,1,9.6,3,1,1,0,0,140,8,1
51-200,Technology,Social Media,7,9.2,1,1,2,1,0,118,77,0
1-10,Technology,Paid Ads,5,4.6,6,1,0,0,0,107,3,0
51-200,Technology,Social Media,5,2.2,7,0,3,0,0,112,47,0
11-50,Professional Services,Paid Ads,1,10.8,5,1,3,0,1,67,32,0
51-200,Financial Services,Referral,6,6.5,1,1,1,0,0,126,43,0
51-200,Manufacturing,Social Media,5,2.1,3,0,1,0,0,54,75,0
51-200,Healthcare,Organic Search,2,6.9,4,1,1,1,0,129,9,1
51-200,Professional Services,Organic Search,1,8.4,1,1,2,0,0,82,4,1
201-500,Manufacturing,Organic Search,4,4.5,4,1,4,0,0,104,81,0
201-500,Manufacturing,Referral,2,1.1,2,0,0,0,0,86,22,0
51-200,Education,Paid Ads,2,7.8,7,1,1,0,0,102,39,0
51-200,Technology,Referral,5,1.4,4,1,1,0,0,128,88,1
1000+,Professional Services,Referral,5,5.8,3,1,2,0,0,51,65,0
1-10,Technology,Organic Search,4,10.1,7,0,3,0,0,85,57,0
1-10,Manufacturing,Event,8,12.0,2,2,3,0,0,73,0,0
1-10,Professional Services,Social Media,6,5.1,5,1,3,0,0,4,35,0
201-500,Retail,Social Media,1,1.2,5,1,2,0,1,153,46,1
51-200,Retail,Organic Search,3,6.4,0,0,2,0,0,123,7,0
201-500,Financial Services,Social Media,2,4.0,2,0,4,0,1,9,58,0
201-500,Healthcare,Referral,0,10.8,2,1,1,0,0,13,67,0
11-50,Healthcare,Event,5,8.8,4,2,0,0,0,166,33,0
501-1000,Manufacturing,Organic Search,4,5.4,4,3,2,0,0,152,83,0
201-500,Healthcare,Social Media,3,9.4,3,2,0,1,1,131,84,1
11-50,Financial Services,Direct,10,4.8,2,1,1,0,1,127,66,0
11-50,Financial Services,Direct,3,6.7,2,1,1,0,0,151,28,0
11-50,Financial Services,Direct,0,11.2,5,3,6,0,1,108,10,0
11-50,Healthcare,Organic Search,9,3.2,1,1,1,1,0,2,62,1
1-10,Technology,Referral,8,4.4,4,1,2,1,0,82,47,0
1000+,Professional Services,Organic Search,2,10.7,4,1,0,0,0,60,64,0
51-200,Retail,Referral,7,6.1,5,1,0,1,0,31,36,1
11-50,Technology,Social Media,4,4.5,4,1,4,0,0,154,13,0
201-500,Retail,Social Media,3,1.4,2,0,0,1,0,118,81,0
51-200,Professional Services,Direct,6,5.6,3,2,1,0,0,162,86,0
1000+,Financial Services,Direct,3,6.5,5,3,4,1,1,20,68,1
201-500,Technology,Organic Search,4,5.5,3,2,1,1,0,175,2,0
51-200,Technology,Direct,4,4.1,3,1,0,1,0,109,72,0
11-50,Technology,Direct,4,5.1,3,0,1,0,0,102,89,1
1000+,Professional Services,Social Media,4,8.1,1,1,0,0,0,33,37,1
201-500,Education,Paid Ads,6,10.8,4,0,2,0,0,112,45,0
1000+,Technology,Organic Search,6,8.1,5,0,1,0,0,107,2,0
1-10,Retail,Paid Ads,5,8.1,4,3,2,0,0,126,54,0
501-1000,Technology,Organic Search,7,10.0,1,0,2,0,0,28,68,0
51-200,Manufacturing,Paid Ads,4,2.8,4,1,1,0,0,114,18,1
1-10,Professional Services,Organic Search,4,4.3,3,2,0,0,0,17,56,0
51-200,Healthcare,Referral,2,1.6,1,1,1,1,0,13,23,1
201-500,Technology,Social Media,3,4.8,2,0,2,0,0,85,12,1
1-10,Manufacturing,Organic Search,2,12.0,1,1,4,0,0,22,2,1
51-200,Education,Direct,4,4.6,2,0,4,0,1,128,68,0
501-1000,Financial Services,Organic Search,6,10.5,1,1,2,0,0,87,19,1
11-50,Technology,Paid Ads,11,1.9,0,0,0,0,0,43,13,0
51-200,Technology,Referral,4,6.1,2,0,1,0,0,49,86,0
51-200,Manufacturing,Referral,7,4.9,8,1,0,0,0,90,66,0
11-50,Manufacturing,Paid Ads,7,3.2,3,1,2,0,0,108,23,0
1000+,Professional Services,Social Media,5,5.1,2,0,3,1,0,143,64,0
201-500,Professional Services,Paid Ads,7,8.2,2,0,2,0,1,103,44,0
1-10,Professional Services,Paid Ads,7,6.4,2,0,1,0,1,99,0,0
1000+,Professional Services,Referral,10,10.3,2,1,6,1,0,109,24,1
501-1000,Financial Services,Organic Search,7,11.0,3,1,0,1,0,107,69,0
11-50,Manufacturing,Direct,4,6.3,4,1,0,0,0,63,64,1
501-1000,Financial Services,Referral,6,11.8,4,1,0,0,1,40,36,1
1-10,Financial Services,Organic Search,5,1.8,4,1,0,0,0,95,88,0
1000+,Education,Event,6,4.0,3,2,2,0,0,23,45,1
201-500,Retail,Social Media,4,5.6,3,0,2,0,0,44,1,0
201-500,Education,Paid Ads,5,7.4,5,1,0,0,0,27,86,0
1-10,Healthcare,Direct,3,7.0,0,0,3,0,0,88,2,0
501-1000,Manufacturing,Referral,6,7.2,1,0,2,0,1,175,82,1
1-10,Manufacturing,Organic Search,2,10.9,6,2,2,1,0,157,6,0
11-50,Technology,Event,5,4.1,6,0,1,0,0,16,34,0
1-10,Financial Services,Direct,5,10.0,2,1,2,1,0,148,4,1
201-500,Manufacturing,Paid Ads,1,7.1,0,0,1,0,0,28,63,0
11-50,Technology,Organic Search,4,6.4,4,1,1,1,0,163,27,1
1000+,Education,Social Media,5,4.3,4,0,2,1,0,37,46,0
201-500,Technology,Social Media,7,4.3,3,2,3,0,0,23,17,0
1-10,Technology,Paid Ads,7,5.3,2,0,1,0,0,142,73,0
1-10,Professional Services,Direct,9,9.4,2,0,1,0,0,150,41,0
1-10,Technology,Organic Search,10,6.2,4,1,2,0,0,72,28,0
51-200,Education,Event,3,2.7,1,1,3,0,1,98,2,1
501-1000,Retail,Direct,9,9.4,3,0,1,0,1,142,42,1
11-50,Technology,Organic Search,6,8.3,4,1,2,1,0,153,65,0
501-1000,Retail,Referral,8,11.4,3,1,1,0,0,75,10,1
1-10,Retail,Organic Search,2,6.8,1,1,5,0,0,141,45,0
501-1000,Professional Services,Social Media,5,8.2,2,2,2,1,0,143,83,0
1000+,Professional Services,Referral,5,6.3,5,2,2,1,0,142,78,0
201-500,Retail,Event,3,8.5,1,0,0,0,0,161,81,0
201-500,Manufacturing,Referral,3,5.8,1,0,3,0,0,150,80,0
501-1000,Financial Services,Paid Ads,5,2.5,3,0,0,0,0,81,24,0
1-10,Retail,Organic Search,3,11.9,4,0,0,0,1,57,14,0
11-50,Education,Organic Search,8,8.9,2,0,1,0,0,177,52,0
1-10,Manufacturing,Referral,6,7.7,2,1,4,1,0,80,64,0
51-200,Retail,Direct,4,6.3,5,1,0,0,0,167,34,0
201-500,Healthcare,Event,3,8.8,3,1,2,0,0,179,20,1
51-200,Professional Services,Paid Ads,10,2.4,3,1,1,0,0,3,14,1
501-1000,Education,Direct,9,4.6,3,1,1,1,0,26,45,0
11-50,Technology,Organic Search,2,2.4,6,1,1,0,0,101,4,0
201-500,Financial Services,Direct,9,2.4,2,0,1,0,0,16,61,0
11-50,Manufacturing,Organic Search,3,1.2,1,1,1,0,0,118,74,0
11-50,Manufacturing,Organic Search,2,9.3,3,0,0,0,1,3,74,1
201-500,Manufacturing,Direct,4,3.5,1,1,2,0,0,151,26,0
1000+,Technology,Referral,2,10.2,4,0,1,0,0,77,8,1
51-200,Healthcare,Direct,4,10.9,1,0,1,0,0,121,46,0
1-10,Manufacturing,Social Media,5,2.9,6,0,1,0,0,84,66,0
51-200,Manufacturing,Organic Search,1,8.8,4,4,0,0,0,124,81,0
1-10,Retail,Organic Search,6,6.1,1,1,0,0,0,122,10,1
501-1000,Retail,Paid Ads,7,11.1,2,2,0,0,0,52,1,0
201-500,Retail,Referral,2,6.3,1,1,1,1,0,144,12,1
11-50,Professional Services,Paid Ads,3,5.2,1,0,1,0,0,147,49,0
1-10,Retail,Organic Search,3,4.2,3,1,1,0,0,58,14,0
11-50,Manufacturing,Organic Search,9,10.9,1,1,1,0,0,12,85,0
1000+,Retail,Referral,7,3.5,4,2,0,0,1,81,31,1
51-200,Technology,Organic Search,6,10.1,3,0,0,0,1,118,72,0
201-500,Financial Services,Paid Ads,3,3.1,3,0,1,0,0,140,29,0
51-200,Manufacturing,Organic Search,9,8.1,3,0,1,1,0,37,19,0
51-200,Professional Services,Direct,5,6.0,2,0,1,0,0,86,7,0
1-10,Retail,Social Media,4,2.2,3,2,1,0,1,138,18,1
1000+,Technology,Organic Search,5,2.4,4,1,1,0,0,95,67,0
11-50,Manufacturing,Event,4,4.1,2,2,0,0,0,142,68,0
51-200,Financial Services,Referral,9,9.4,4,0,1,0,0,121,60,0
201-500,Retail,Referral,4,9.0,2,0,0,1,0,32,7,0
51-200,Professional Services,Paid Ads,7,3.3,3,0,3,1,0,38,28,0
1000+,Manufacturing,Paid Ads,4,6.2,8,3,1,1,0,143,53,1
1-10,Manufacturing,Direct,3,2.1,2,0,2,0,0,126,84,0
51-200,Financial Services,Organic Search,2,8.9,8,2,2,0,1,150,21,1
51-200,Healthcare,Social Media,3,9.7,4,1,4,0,0,53,16,0
51-200,Professional Services,Organic Search,5,10.8,4,0,1,0,0,10,75,0
1-10,Retail,Paid Ads,3,10.7,1,0,3,0,0,43,42,0
1-10,Manufacturing,Referral,9,4.7,7,2,1,0,0,77,34,0
11-50,Healthcare,Organic Search,7,3.8,3,3,3,0,0,22,34,0
11-50,Technology,Organic Search,4,10.9,3,2,1,1,0,35,37,1
51-200,Technology,Referral,8,2.6,2,0,2,1,0,26,43,1
51-200,Technology,Paid Ads,6,1.7,1,1,3,1,0,23,71,1
51-200,Healthcare,Direct,9,4.5,2,1,0,0,0,69,62,0
51-200,Education,Social Media,3,9.4,3,1,0,1,0,144,7,1
51-200,Manufacturing,Direct,4,8.6,7,1,0,0,0,68,11,0
11-50,Financial Services,Direct,5,11.9,1,0,0,0,0,53,54,0
51-200,Technology,Organic Search,3,5.0,3,3,4,0,0,99,75,0
11-50,Financial Services,Direct,6,4.0,5,1,2,0,0,116,86,0
1-10,Professional Services,Direct,7,5.2,0,0,4,0,0,63,80,0
51-200,Healthcare,Referral,3,9.6,3,2,1,1,0,1,58,0
51-200,Professional Services,Social Media,6,3.4,1,1,1,0,0,54,21,0
11-50,Professional Services,Paid Ads,3,11.4,1,0,0,1,0,15,7,0
51-200,Technology,Organic Search,3,6.6,4,0,0,0,0,26,66,0
51-200,Retail,Paid Ads,4,9.6,0,0,5,0,0,110,81,0
201-500,Education,Organic Search,6,10.1,7,1,1,1,0,33,36,1
51-200,Healthcare,Referral,2,6.3,3,1,1,0,0,67,11,0
201-500,Technology,Social Media,2,9.2,1,1,2,1,0,71,65,0
11-50,Education,Organic Search,9,5.0,3,1,0,0,0,158,33,1
201-500,Professional Services,Organic Search,2,9.9,1,0,1,0,0,28,57,0
51-200,Manufacturing,Organic Search,3,10.1,2,2,2,0,0,15,16,1
51-200,Manufacturing,Direct,9,7.2,7,3,2,0,0,96,32,1
51-200,Financial Services,Event,10,3.4,1,0,1,0,1,112,64,0
11-50,Professional Services,Organic Search,6,11.7,0,0,2,0,0,90,77,0
51-200,Manufacturing,Event,7,11.4,5,1,2,0,0,126,23,0
201-500,Technology,Event,5,7.8,2,0,1,0,0,155,71,0
501-1000,Retail,Event,10,11.8,6,2,1,1,0,110,23,1
1000+,Education,Direct,6,6.5,4,2,1,1,0,97,66,1
51-200,Professional Services,Referral,5,5.1,3,2,3,0,0,122,37,0
51-200,Financial Services,Organic Search,3,6.1,5,1,2,0,0,39,63,0
201-500,Technology,Direct,7,1.5,1,0,2,0,0,45,25,0
11-50,Education,Event,8,7.0,5,0,3,0,1,67,7,0
501-1000,Education,Paid Ads,3,8.3,4,0,0,0,0,138,70,0
51-200,Manufacturing,Referral,2,2.2,3,2,3,1,0,153,0,0
1-10,Retail,Referral,13,3.8,2,0,2,0,0,100,47,0
1-10,Healthcare,Referral,2,8.9,4,2,1,0,1,111,5,1
501-1000,Healthcare,Social Media,3,9.7,2,1,3,0,0,142,50,0
1-10,Technology,Organic Search,4,11.8,5,2,2,1,0,44,9,0
11-50,Technology,Referral,4,3.8,3,3,0,0,1,22,14,1
11-50,Financial Services,Paid Ads,4,10.3,2,2,1,0,0,134,88,0
11-50,Professional Services,Organic Search,2,2.9,4,1,0,0,0,23,82,0
11-50,Technology,Referral,2,2.4,2,0,0,0,0,29,40,0
201-500,Financial Services,Paid Ads,5,9.0,2,0,1,0,0,71,31,0
1-10,Manufacturing,Paid Ads,3,5.9,2,0,2,0,0,141,62,0
501-1000,Financial Services,Organic Search,7,9.7,3,1,1,0,0,70,33,1
501-1000,Technology,Referral,4,4.1,4,2,0,0,0,22,13,0
11-50,Manufacturing,Paid Ads,3,3.3,1,1,3,1,0,23,21,1
11-50,Healthcare,Organic Search,1,7.0,5,1,2,0,0,46,55,0
51-200,Retail,Event,5,2.3,0,0,2,1,0,15,86,1
1-10,Education,Social Media,6,4.1,0,0,0,0,0,59,58,0
11-50,Technology,Referral,7,2.8,4,1,2,1,0,15,54,0
1000+,Education,Social Media,5,4.5,0,0,2,0,0,152,70,0
1000+,Education,Paid Ads,7,9.4,3,2,4,0,0,10,5,0
201-500,Professional Services,Organic Search,1,2.3,2,1,4,0,0,36,56,0
11-50,Retail,Paid Ads,3,7.7,1,0,0,0,0,6,17,0
201-500,Retail,Event,3,7.4,1,1,0,1,0,53,37,0
201-500,Retail,Social Media,8,6.9,6,1,3,0,1,145,43,1
11-50,Retail,Event,4,6.3,4,1,1,0,0,104,65,1
51-200,Technology,Direct,8,8.3,0,0,0,0,0,168,16,0
1-10,Education,Organic Search,5,10.4,1,1,0,1,1,111,85,0
11-50,Manufacturing,Direct,5,2.8,2,2,3,0,0,77,54,0
51-200,Professional Services,Social Media,6,10.0,1,1,2,1,0,172,31,1
11-50,Healthcare,Referral,9,1.7,6,0,3,0,0,34,27,0
11-50,Technology,Referral,7,6.3,1,0,1,1,0,21,9,0
501-1000,Manufacturing,Referral,2,6.6,3,0,0,0,1,59,31,1
1000+,Manufacturing,Organic Search,4,3.2,3,3,0,0,0,167,10,0
51-200,Healthcare,Organic Search,5,2.0,3,1,1,0,0,147,70,0
501-1000,Financial Services,Paid Ads,3,1.8,6,1,3,1,0,97,71,0
1000+,Financial Services,Organic Search,4,1.4,1,1,0,0,0,167,47,0
1-10,Manufacturing,Organic Search,6,7.3,4,0,1,0,0,116,86,0
51-200,Healthcare,Organic Search,4,2.7,0,0,1,0,0,43,10,0
11-50,Education,Direct,4,9.9,1,1,1,0,1,1,79,0
1-10,Technology,Organic Search,7,10.9,2,2,1,0,0,6,33,0
201-500,Financial Services,Direct,4,4.2,2,0,3,0,0,153,68,0
51-200,Financial Services,Referral,4,2.8,3,0,0,0,0,56,80,0
51-200,Manufacturing,Organic Search,2,5.5,7,0,1,0,0,76,11,0
11-50,Manufacturing,Organic Search,4,10.7,4,0,1,0,0,69,76,0
11-50,Retail,Organic Search,8,5.4,4,0,3,0,0,16,89,0
1000+,Education,Paid Ads,10,2.2,2,2,3,0,0,1,68,1
1-10,Financial Services,Organic Search,5,11.8,7,0,2,0,0,131,13,0
11-50,Retail,Event,4,6.5,2,2,1,0,0,122,75,0
11-50,Technology,Paid Ads,4,4.8,5,1,3,0,0,41,25,0
51-200,Financial Services,Referral,3,10.8,4,2,1,0,0,23,8,0
51-200,Healthcare,Referral,7,11.2,5,2,1,0,0,93,57,0
51-200,Technology,Social Media,5,6.5,3,0,1,0,1,15,10,0
1-10,Retail,Direct,5,4.4,7,0,2,0,0,52,51,0
11-50,Retail,Paid Ads,7,6.3,2,2,0,0,0,129,1,0
501-1000,Retail,Paid Ads,5,3.4,7,1,1,0,0,32,66,1
51-200,Manufacturing,Direct,3,6.3,7,0,1,1,0,138,11,0
51-200,Retail,Direct,6,3.5,1,1,3,1,0,159,60,0
201-500,Healthcare,Event,2,7.8,4,2,1,0,0,33,74,0
201-500,Technology,Event,7,9.4,5,2,3,0,0,120,8,1
1-10,Technology,Paid Ads,7,11.7,2,0,4,0,0,138,3,0
11-50,Retail,Referral,5,10.3,1,1,2,0,0,93,79,1
51-200,Education,Paid Ads,5,1.9,1,1,2,0,0,54,41,0
11-50,Technology,Social Media,1,3.3,4,0,2,1,1,177,45,0
501-1000,Manufacturing,Event,6,6.8,0,0,2,0,1,56,22,1
51-200,Professional Services,Paid Ads,6,3.8,2,0,1,0,0,45,42,0
201-500,Professional Services,Referral,9,1.2,3,1,2,0,0,22,74,1
501-1000,Manufacturing,Event,4,9.3,4,1,2,0,0,163,75,1
51-200,Retail,Organic Search,3,4.9,2,2,6,0,0,41,72,1
1000+,Retail,Social Media,3,1.7,2,1,0,1,0,24,26,0
51-200,Professional Services,Event,2,6.6,2,0,1,0,0,7,68,1
501-1000,Technology,Organic Search,8,11.7,2,0,0,0,1,53,40,0
11-50,Education,Paid Ads,4,8.5,2,2,1,0,0,121,34,0
51-200,Technology,Organic Search,6,2.7,1,1,2,1,0,123,29,0
51-200,Professional Services,Organic Search,6,6.7,5,1,3,0,0,153,83,0
1-10,Technology,Referral,2,10.9,3,3,1,0,0,120,15,0
11-50,Technology,Social Media,5,1.6,1,0,1,1,0,9,80,0
1000+,Technology,Paid Ads,5,8.0,3,2,0,1,0,151,82,0
51-200,Healthcare,Social Media,3,8.9,6,2,2,0,0,46,58,0
11-50,Financial Services,Organic Search,5,8.7,2,0,2,1,0,172,2,0
11-50,Technology,Event,6,2.7,0,0,4,0,0,62,55,0
11-50,Healthcare,Paid Ads,7,11.0,2,0,2,0,1,3,10,1
1-10,Healthcare,Social Media,5,4.5,5,0,3,0,0,71,30,0
1000+,Professional Services,Organic Search,4,1.6,6,0,2,0,0,81,6,1
51-200,Professional Services,Event,6,1.9,3,1,1,1,0,148,66,0
11-50,Retail,Referral,8,6.0,2,0,3,0,0,99,43,0
51-200,Technology,Direct,1,1.4,2,0,1,0,0,8,84,0
1-10,Financial Services,Paid Ads,4,9.6,2,2,2,0,0,9,61,0
11-50,Education,Direct,5,10.5,6,1,2,0,1,110,28,1
201-500,Technology,Paid Ads,8,1.1,2,1,1,1,0,16,69,0
51-200,Healthcare,Organic Search,5,9.9,3,0,1,1,0,96,25,1
1000+,Education,Social Media,4,11.8,1,0,1,0,0,161,24,0
51-200,Education,Organic Search,3,1.3,3,0,2,0,1,151,23,0
51-200,Healthcare,Event,5,9.0,0,0,1,0,0,114,63,0
201-500,Retail,Paid Ads,2,12.0,3,1,3,1,0,55,88,0
1000+,Healthcare,Event,4,9.8,2,0,2,0,0,93,76,1
201-500,Professional Services,Referral,6,6.6,3,3,2,0,0,19,48,1
1000+,Technology,Referral,3,10.7,3,2,2,0,0,133,0,1
201-500,Technology,Social Media,1,8.8,6,0,2,1,0,24,87,0
501-1000,Retail,Social Media,6,4.2,4,1,0,0,0,10,34,0
1-10,Financial Services,Social Media,6,3.5,4,2,0,1,0,113,55,0
201-500,Retail,Social Media,7,6.6,3,0,3,0,0,103,38,0
51-200,Healthcare,Referral,1,5.1,3,2,0,0,0,98,26,0
51-200,Professional Services,Event,3,4.6,1,1,0,0,0,86,27,0
201-500,Professional Services,Paid Ads,5,3.0,3,2,1,1,0,107,52,0
1000+,Manufacturing,Organic Search,5,10.3,3,0,0,0,1,79,38,1
1000+,Professional Services,Social Media,12,8.8,1,1,2,1,0,25,13,1
11-50,Financial Services,Referral,8,4.6,5,0,5,0,0,103,34,1
201-500,Manufacturing,Direct,7,3.6,5,1,1,1,0,8,40,0
201-500,Technology,Direct,3,2.4,4,1,3,0,0,12,56,0
11-50,Professional Services,Direct,3,2.2,5,1,2,0,0,102,39,0
1-10,Professional Services,Referral,6,7.9,3,2,1,0,1,126,17,1
1-10,Education,Event,4,2.2,4,3,2,1,0,15,51,0
201-500,Professional Services,Paid Ads,5,11.6,2,0,2,0,0,68,75,0
51-200,Education,Organic Search,6,4.1,4,2,2,0,0,167,34,0
1000+,Financial Services,Event,6,1.3,2,0,1,0,0,140,57,0
51-200,Education,Event,8,10.4,8,0,0,1,0,144,40,0
1000+,Manufacturing,Organic Search,6,5.0,4,0,1,0,1,118,26,1
51-200,Healthcare,Direct,7,4.8,8,0,1,0,0,33,78,0
201-500,Manufacturing,Direct,5,2.3,3,0,0,0,0,70,86,0
1-10,Financial Services,Paid Ads,4,8.3,5,0,2,0,0,108,16,0
51-200,Financial Services,Organic Search,4,4.9,3,0,2,0,1,120,56,1
501-1000,Financial Services,Direct,6,10.1,5,0,0,1,1,24,83,1
1000+,Technology,Organic Search,6,7.9,2,2,1,1,1,174,48,1
501-1000,Manufacturing,Organic Search,5,10.7,4,1,3,0,0,168,48,1
1-10,Professional Services,Referral,4,7.8,3,0,2,0,0,7,86,0
11-50,Retail,Event,3,9.6,0,0,1,0,0,106,56,0
1-10,Manufacturing,Event,6,8.7,3,1,1,1,0,26,76,0
1-10,Healthcare,Social Media,4,6.1,5,1,0,1,0,57,9,0
201-500,Healthcare,Event,9,8.6,2,0,0,0,1,159,53,1
201-500,Financial Services,Social Media,5,8.3,2,1,1,1,0,122,13,0
201-500,Professional Services,Social Media,5,1.1,4,1,2,0,0,64,18,0
501-1000,Technology,Organic Search,1,8.7,3,2,1,1,0,1,65,1
201-500,Retail,Paid Ads,5,3.9,2,2,1,1,0,150,78,0
501-1000,Professional Services,Referral,4,7.0,1,1,1,0,0,52,81,0
1-10,Manufacturing,Organic Search,6,2.2,3,1,1,1,0,109,68,0
11-50,Professional Services,Paid Ads,8,1.3,4,2,0,0,0,42,46,0
51-200,Financial Services,Organic Search,6,1.2,3,1,1,0,1,142,39,0
501-1000,Professional Services,Organic Search,4,2.7,1,1,3,1,0,62,15,1
1-10,Retail,Referral,4,1.2,8,0,0,0,1,133,70,1
51-200,Professional Services,Organic Search,5,2.5,5,0,2,0,0,16,71,0
201-500,Retail,Organic Search,7,7.2,3,1,0,0,0,111,11,0
1-10,Professional Services,Event,5,5.4,2,0,1,0,0,174,82,0
51-200,Education,Event,6,11.8,2,0,1,0,1,85,29,1
501-1000,Healthcare,Social Media,5,9.9,1,1,3,1,0,84,60,1
201-500,Professional Services,Organic Search,4,2.6,2,1,2,1,0,123,11,0
11-50,Retail,Social Media,6,5.6,1,0,1,1,0,154,16,0
501-1000,Healthcare,Social Media,6,5.7,0,0,3,0,0,146,54,0
11-50,Education,Organic Search,4,5.0,4,0,0,1,0,11,37,0
501-1000,Healthcare,Organic Search,3,6.5,7,1,2,0,0,53,2,1
11-50,Manufacturing,Paid Ads,2,8.4,4,1,1,0,0,152,84,0
51-200,Technology,Paid Ads,7,8.0,2,0,0,0,1,175,79,0
11-50,Financial Services,Organic Search,3,4.9,3,0,1,0,0,117,17,0
11-50,Professional Services,Organic Search,6,8.8,4,1,0,0,0,1,58,0
501-1000,Healthcare,Referral,4,4.2,4,2,0,0,0,122,15,1
11-50,Healthcare,Referral,8,10.2,0,0,1,1,0,170,64,0
1-10,Financial Services,Referral,8,11.6,4,0,1,0,0,145,63,0
11-50,Manufacturing,Direct,5,4.2,3,1,1,1,0,130,67,1
201-500,Professional Services,Organic Search,5,9.6,2,2,4,0,1,95,48,0
501-1000,Professional Services,Event,0,9.9,4,1,0,0,0,162,2,1
1000+,Technology,Paid Ads,4,6.4,2,1,1,0,0,114,18,0
11-50,Manufacturing,Event,4,2.0,3,1,1,1,0,92,89,0
51-200,Healthcare,Social Media,6,9.6,3,0,1,0,0,162,55,0
1-10,Retail,Social Media,7,5.5,4,1,2,0,1,1,30,1
51-200,Healthcare,Social Media,4,3.3,3,0,0,1,1,23,84,0
1000+,Healthcare,Social Media,5,7.9,6,0,0,1,0,151,38,0
201-500,Manufacturing,Social Media,4,5.8,1,0,1,1,0,10,76,0
51-200,Manufacturing,Organic Search,3,2.0,1,1,4,0,0,161,72,0
11-50,Manufacturing,Paid Ads,14,11.8,5,3,2,0,0,176,0,0
1000+,Manufacturing,Event,5,3.7,4,2,2,0,1,47,83,1
51-200,Professional Services,Referral,3,6.6,4,0,1,0,0,158,78,1
1-10,Retail,Organic Search,4,8.3,2,2,0,0,1,98,89,0
11-50,Financial Services,Direct,10,2.3,5,3,1,1,1,93,56,1
1-10,Professional Services,Direct,5,9.1,8,2,1,1,0,166,62,0
11-50,Professional Services,Referral,5,8.1,7,1,1,0,0,140,24,0
1-10,Technology,Referral,7,6.4,3,3,2,1,0,160,13,0
51-200,Manufacturing,Paid Ads,5,6.8,2,1,1,0,0,158,8,0
51-200,Financial Services,Referral,9,11.5,0,0,2,0,0,131,15,1
11-50,Retail,Direct,10,11.0,5,2,0,0,0,84,87,0
51-200,Financial Services,Paid Ads,5,2.2,4,4,0,0,0,34,24,0
1000+,Retail,Paid Ads,4,5.1,4,3,1,0,0,18,2,0
201-500,Financial Services,Direct,3,6.7,3,0,2,1,0,46,61,0
51-200,Manufacturing,Paid Ads,5,11.1,2,1,2,0,0,87,16,0
11-50,Education,Direct,5,10.0,5,2,2,0,0,25,45,0
501-1000,Healthcare,Paid Ads,2,5.3,5,0,1,0,0,63,60,0
11-50,Professional Services,Organic Search,4,10.7,1,0,1,0,0,143,51,0
11-50,Education,Direct,5,5.2,3,1,1,0,0,5,68,0
1000+,Professional Services,Organic Search,3,4.0,3,2,1,0,0,56,1,0
51-200,Technology,Social Media,7,7.7,2,2,2,0,0,172,23,1
201-500,Professional Services,Organic Search,8,4.9,8,2,2,1,0,59,36,0
51-200,Technology,Social Media,10,7.8,5,3,2,1,0,129,66,1
201-500,Healthcare,Organic Search,4,5.5,4,1,3,0,0,110,48,0
11-50,Professional Services,Event,4,9.8,3,2,3,1,0,141,68,1
11-50,Retail,Direct,4,11.5,3,3,1,0,0,131,66,0
11-50,Manufacturing,Organic Search,8,4.0,3,3,0,0,0,107,72,0
11-50,Healthcare,Paid Ads,4,6.6,4,1,2,0,0,174,54,0
501-1000,Professional Services,Social Media,8,9.0,3,0,3,0,1,49,67,1
11-50,Retail,Direct,6,2.7,7,1,3,1,0,51,61,0
51-200,Healthcare,Paid Ads,3,9.8,3,0,2,1,0,105,2,1
201-500,Professional Services,Direct,8,7.4,5,2,1,1,0,128,25,0
201-500,Financial Services,Direct,6,2.6,1,1,0,0,0,122,80,0
51-200,Technology,Social Media,2,10.6,1,1,2,0,0,172,8,0
51-200,Retail,Paid Ads,5,5.7,6,1,1,0,0,107,50,0
1000+,Education,Referral,6,2.9,3,0,5,0,1,137,68,1
201-500,Financial Services,Social Media,8,3.1,3,0,3,1,1,23,38,1
501-1000,Financial Services,Social Media,5,9.6,5,1,0,1,0,7,16,0
1000+,Technology,Paid Ads,6,11.3,0,0,1,1,1,146,2,1
201-500,Professional Services,Referral,5,5.2,1,1,2,1,0,81,59,0
11-50,Financial Services,Event,3,1.9,1,1,3,0,0,54,53,0
51-200,Manufacturing,Referral,3,2.1,2,0,0,1,1,135,62,0
1-10,Education,Referral,8,8.2,1,0,2,1,0,72,14,0
201-500,Technology,Paid Ads,7,5.1,1,0,2,0,0,6,42,0
1000+,Manufacturing,Organic Search,5,5.7,3,1,1,0,1,99,49,0
51-200,Manufacturing,Organic Search,7,4.7,3,1,4,0,0,23,75,0
51-200,Professional Services,Paid Ads,3,6.1,5,1,4,0,0,175,17,0
1-10,Healthcare,Social Media,6,8.1,1,0,0,0,0,59,62,0
1000+,Healthcare,Event,4,7.0,3,2,0,1,1,56,61,1
1-10,Technology,Organic Search,6,2.8,3,1,2,1,0,151,53,0
1-10,Retail,Paid Ads,6,6.4,0,0,0,1,0,8,7,1
11-50,Professional Services,Event,6,6.1,5,1,1,0,0,122,10,0
1-10,Technology,Organic Search,2,7.0,0,0,1,0,1,175,54,0
51-200,Healthcare,Direct,7,2.2,2,0,0,0,0,6,56,0
51-200,Professional Services,Social Media,3,2.7,2,1,0,0,0,172,57,0
11-50,Technology,Direct,5,6.8,4,0,4,0,1,111,69,1
1-10,Financial Services,Social Media,6,4.0,4,1,2,1,0,36,35,0
1-10,Manufacturing,Direct,1,7.9,1,1,2,1,0,153,26,0
11-50,Financial Services,Social Media,7,5.1,2,0,0,1,0,149,82,0
1-10,Financial Services,Paid Ads,5,3.4,0,0,1,0,0,176,62,0
201-500,Healthcare,Event,5,8.2,5,1,2,0,0,165,47,1
11-50,Technology,Organic Search,6,5.3,2,2,0,0,0,110,50,0
11-50,Manufacturing,Referral,5,2.7,5,2,4,0,0,3,67,1
11-50,Retail,Paid Ads,5,9.9,7,1,0,1,0,134,27,1
51-200,Manufacturing,Event,5,5.7,3,0,2,0,0,136,40,1
1-10,Technology,Event,10,11.1,2,2,0,0,0,139,3,1
1-10,Professional Services,Direct,7,3.1,2,0,0,1,0,33,71,1
501-1000,Technology,Organic Search,5,10.6,2,0,2,0,0,132,45,1
1-10,Professional Services,Direct,7,10.0,3,1,0,0,0,149,80,0
51-200,Healthcare,Event,2,2.1,2,0,1,1,0,14,26,1
51-200,Professional Services,Paid Ads,5,6.8,3,0,1,0,0,4,37,0
11-50,Financial Services,Organic Search,6,8.2,2,1,1,0,0,15,4,1
51-200,Technology,Paid Ads,3,6.5,4,1,3,0,0,124,87,1
201-500,Manufacturing,Organic Search,4,5.3,7,0,1,0,0,54,30,0
501-1000,Technology,Social Media,6,11.4,4,1,0,0,0,147,13,0
11-50,Financial Services,Organic Search,9,8.7,2,0,0,0,0,172,55,0
11-50,Retail,Paid Ads,3,11.6,6,2,0,0,0,7,76,0
11-50,Professional Services,Social Media,4,10.3,5,0,5,0,0,133,10,0
51-200,Technology,Referral,2,10.0,7,0,1,0,0,136,47,0
201-500,Professional Services,Direct,8,9.0,4,3,2,0,0,14,42,1
11-50,Professional Services,Organic Search,8,8.1,3,2,3,0,0,22,12,0
11-50,Professional Services,Referral,2,10.8,6,1,1,0,0,145,24,1
1000+,Retail,Direct,7,7.7,3,1,1,1,0,15,56,0
1-10,Retail,Paid Ads,7,1.8,2,0,0,0,0,36,89,0
51-200,Manufacturing,Referral,5,7.4,3,2,1,0,0,165,11,0
201-500,Retail,Direct,6,2.1,3,1,2,0,0,131,56,0
11-50,Education,Referral,4,11.4,3,1,2,0,0,166,79,0
1-10,Technology,Direct,3,8.1,2,2,1,0,0,50,68,0
1-10,Financial Services,Direct,1,7.1,2,1,0,0,0,133,73,0
1000+,Technology,Paid Ads,11,3.2,4,3,2,0,0,110,82,1
1-10,Education,Event,5,6.7,4,1,0,0,0,160,58,0
11-50,Healthcare,Social Media,6,4.8,1,1,3,0,0,41,3,0
1-10,Retail,Direct,8,8.4,1,1,1,0,0,3,20,0
1-10,Professional Services,Referral,4,7.6,2,0,4,0,0,72,37,0
51-200,Education,Event,1,6.5,3,0,2,0,0,92,86,0
11-50,Technology,Paid Ads,5,3.8,1,1,1,0,0,103,18,0
51-200,Professional Services,Social Media,4,6.8,4,0,1,0,0,157,76,0
51-200,Professional Services,Event,6,6.1,4,2,1,1,1,123,57,0
501-1000,Technology,Direct,6,10.4,7,1,1,0,0,160,64,1
1-10,Professional Services,Paid Ads,4,10.8,4,1,2,0,0,131,9,0
501-1000,Healthcare,Organic Search,4,9.4,2,0,4,0,0,66,32,0
51-200,Retail,Direct,6,4.5,1,1,1,0,1,147,41,1
11-50,Manufacturing,Social Media,6,1.4,4,0,0,0,0,59,43,0
201-500,Financial Services,Organic Search,4,11.2,4,1,1,1,0,146,78,1
501-1000,Technology,Referral,2,11.9,2,2,2,0,0,126,30,1
11-50,Technology,Direct,3,2.4,1,1,1,0,1,40,78,0
1000+,Technology,Direct,5,8.5,5,1,1,1,0,11,76,0
51-200,Retail,Paid Ads,5,5.7,2,0,0,0,0,159,57,0
51-200,Healthcare,Event,7,2.6,5,0,1,0,0,140,27,0
1000+,Financial Services,Referral,6,12.0,2,2,0,1,0,10,8,0
11-50,Retail,Paid Ads,7,11.3,6,1,1,0,0,45,21,0
501-1000,Retail,Event,5,11.8,1,0,3,0,0,87,54,1
11-50,Manufacturing,Paid Ads,2,2.6,1,1,2,1,1,94,19,0
201-500,Education,Paid Ads,3,6.4,5,0,3,0,0,68,81,0
51-200,Healthcare,Organic Search,3,10.9,4,0,3,1,0,35,36,0
11-50,Professional Services,Organic Search,2,8.4,2,1,0,0,0,120,25,0
51-200,Technology,Paid Ads,4,5.8,2,1,3,0,1,132,56,0
11-50,Retail,Direct,2,6.7,5,1,1,0,1,115,14,0
1-10,Education,Paid Ads,3,1.4,1,0,3,1,1,172,74,0
1-10,Professional Services,Social Media,2,7.7,3,0,0,0,0,71,49,0
11-50,Manufacturing,Paid Ads,1,10.5,2,1,0,0,0,97,83,0
1-10,Retail,Direct,2,1.0,2,0,1,0,0,57,76,0
11-50,Healthcare,Social Media,8,2.8,6,1,2,0,0,171,7,0
201-500,Retail,Direct,5,6.7,2,1,2,0,0,75,80,0
201-500,Professional Services,Paid Ads,5,7.2,4,0,3,1,0,72,4,1
201-500,Education,Referral,8,4.8,1,1,1,0,0,134,71,0
11-50,Manufacturing,Organic Search,5,1.3,4,1,1,0,0,52,32,0
501-1000,Technology,Organic Search,3,9.2,2,2,2,0,0,66,30,0
51-200,Manufacturing,Referral,4,3.7,2,1,2,0,0,151,72,0
1-10,Technology,Event,5,8.1,0,0,2,0,0,4,24,0
1-10,Financial Services,Organic Search,8,7.2,5,2,0,0,0,7,81,0
201-500,Financial Services,Social Media,5,5.7,1,1,1,1,0,156,3,0
11-50,Retail,Social Media,10,7.5,3,2,1,0,0,51,15,1
51-200,Technology,Referral,3,8.6,2,1,6,0,0,140,32,0
1000+,Technology,Event,3,7.3,1,1,1,0,0,124,25,0
1-10,Technology,Referral,6,7.1,2,1,0,0,0,36,78,0
1-10,Professional Services,Direct,11,5.8,3,0,1,1,0,34,81,1
1000+,Retail,Event,6,5.7,2,0,1,0,0,177,37,0
51-200,Technology,Direct,4,6.4,2,0,1,0,1,160,51,1
1-10,Technology,Paid Ads,5,6.0,5,0,1,1,0,47,30,0
501-1000,Manufacturing,Event,8,5.8,3,0,1,0,0,87,36,0
501-1000,Financial Services,Direct,3,3.3,2,0,1,0,0,155,30,0
51-200,Manufacturing,Organic Search,5,9.0,3,0,1,0,0,45,21,0
51-200,Healthcare,Referral,4,2.5,1,0,5,0,0,119,62,0
11-50,Education,Direct,4,11.0,2,1,0,0,1,67,10,1
1-10,Financial Services,Paid Ads,3,7.9,4,1,0,0,0,158,26,0
51-200,Retail,Referral,7,1.5,5,0,2,1,0,51,9,1
11-50,Technology,Social Media,2,8.2,4,1,2,0,0,78,40,0
201-500,Education,Event,3,5.0,3,2,0,0,0,126,60,1
501-1000,Education,Organic Search,5,11.2,5,0,1,0,0,121,46,0
1-10,Retail,Paid Ads,3,11.3,0,0,1,0,0,20,64,0
51-200,Healthcare,Paid Ads,6,10.3,1,1,1,0,0,16,51,0
11-50,Financial Services,Organic Search,6,7.2,3,0,1,0,0,153,32,0
501-1000,Professional Services,Organic Search,6,11.1,1,1,1,0,0,137,82,1
11-50,Retail,Social Media,1,8.1,4,1,2,0,1,27,54,0
51-200,Financial Services,Direct,7,10.6,7,1,2,0,1,117,3,1
51-200,Healthcare,Direct,5,2.8,6,0,1,0,0,51,14,1
11-50,Healthcare,Direct,3,10.9,3,2,1,0,0,73,60,0
201-500,Professional Services,Direct,2,8.3,6,2,1,0,0,113,1,1
201-500,Retail,Organic Search,5,4.3,7,2,2,0,0,115,15,0
51-200,Retail,Paid Ads,6,12.0,5,2,1,1,0,64,8,1
201-500,Retail,Organic Search,1,8.6,4,0,3,1,1,149,72,1
1000+,Financial Services,Social Media,6,11.0,3,2,2,1,0,92,9,1
51-200,Healthcare,Direct,7,1.1,0,0,3,1,0,146,18,1
51-200,Technology,Organic Search,2,7.1,3,1,1,1,0,102,88,0
1-10,Professional Services,Referral,11,8.8,4,3,1,0,0,64,10,0
201-500,Healthcare,Referral,4,1.2,3,1,0,0,0,47,21,0
51-200,Healthcare,Organic Search,9,9.4,4,0,1,0,0,3,73,0
51-200,Financial Services,Event,1,8.2,3,3,0,0,1,96,12,0
1-10,Financial Services,Paid Ads,3,4.0,4,0,3,1,0,100,20,0
501-1000,Manufacturing,Paid Ads,10,8.6,2,1,0,0,0,169,71,0
11-50,Financial Services,Direct,7,2.4,4,1,2,0,1,47,0,1
201-500,Technology,Organic Search,5,10.1,2,0,0,0,0,1,32,0
1-10,Professional Services,Paid Ads,4,10.5,2,1,1,0,0,161,23,0
1000+,Healthcare,Event,2,6.3,2,1,1,0,0,107,18,1
11-50,Healthcare,Referral,3,6.6,4,0,5,0,0,9,35,1
11-50,Healthcare,Social Media,6,5.4,0,0,5,0,0,58,19,1
501-1000,Professional Services,Referral,8,4.8,7,0,2,0,0,174,69,0
1000+,Financial Services,Paid Ads,6,10.6,8,2,0,0,1,155,12,0
11-50,Professional Services,Organic Search,5,4.4,3,2,1,0,0,100,35,1
51-200,Education,Direct,3,5.4,4,2,0,0,0,18,7,0
201-500,Retail,Paid Ads,3,4.3,1,1,1,1,0,117,9,1
501-1000,Healthcare,Direct,1,8.2,3,3,3,0,1,11,61,1
11-50,Retail,Organic Search,6,10.0,2,1,2,0,0,71,40,1
51-200,Healthcare,Direct,4,2.8,1,1,2,1,0,73,39,1
201-500,Healthcare,Direct,8,3.8,4,1,2,1,0,140,24,1
201-500,Manufacturing,Organic Search,7,2.1,3,0,4,0,1,121,13,0
201-500,Financial Services,Social Media,9,2.8,7,2,2,0,0,86,78,0
51-200,Technology,Event,5,5.5,2,0,0,1,0,2,71,0
1-10,Healthcare,Social Media,3,9.5,2,2,1,0,0,4,41,0
1000+,Technology,Direct,5,7.0,4,2,2,1,1,146,1,0
501-1000,Healthcare,Organic Search,4,1.6,4,3,2,0,0,117,80,0
201-500,Manufacturing,Direct,3,7.9,3,2,1,1,0,61,38,0
1-10,Education,Referral,7,9.7,3,0,2,1,0,135,17,0
11-50,Technology,Paid Ads,6,5.3,4,0,1,0,0,165,11,1
201-500,Retail,Referral,3,3.7,5,3,1,1,0,3,89,1
1-10,Healthcare,Paid Ads,3,9.4,2,1,2,0,0,163,2,1
1000+,Technology,Referral,6,1.3,3,2,0,0,0,45,33,0
11-50,Financial Services,Organic Search,7,10.0,3,0,2,0,0,137,49,0
201-500,Technology,Event,6,9.8,7,3,2,0,0,106,26,1
501-1000,Financial Services,Paid Ads,3,10.8,5,2,3,0,0,132,13,1
11-50,Financial Services,Referral,5,2.0,9,1,2,0,0,22,57,1
11-50,Healthcare,Direct,7,2.2,4,2,1,0,0,108,6,0
51-200,Manufacturing,Direct,1,10.6,2,0,1,0,1,174,87,0
51-200,Technology,Event,9,6.2,1,0,2,1,1,143,43,1
51-200,Technology,Organic Search,7,5.3,2,0,3,1,0,143,66,1
51-200,Technology,Direct,5,7.3,1,1,0,0,0,32,75,0
1000+,Manufacturing,Organic Search,3,1.6,0,0,1,1,0,50,71,0
51-200,Financial Services,Paid Ads,5,8.1,4,0,0,0,1,147,43,0
11-50,Manufacturing,Direct,6,11.4,3,1,0,0,0,73,6,0
11-50,Financial Services,Organic Search,6,8.4,2,0,0,1,0,102,7,0
11-50,Technology,Organic Search,7,6.1,4,3,3,0,0,30,32,0
1-10,Education,Referral,6,11.6,5,0,0,0,0,140,27,1
11-50,Technology,Referral,7,8.6,4,3,3,1,0,80,79,0
201-500,Technology,Paid Ads,4,1.6,4,0,1,0,0,89,40,0
11-50,Technology,Event,4,8.4,1,1,4,0,0,171,89,1
1000+,Education,Direct,3,1.7,3,0,0,0,0,113,25,0
11-50,Retail,Direct,4,4.4,2,1,2,0,0,79,87,0
1-10,Retail,Organic Search,7,7.8,4,0,0,0,0,62,30,1
201-500,Education,Social Media,6,3.4,4,0,0,1,0,108,89,0
501-1000,Technology,Direct,5,1.4,5,0,0,0,0,76,45,0
11-50,Education,Organic Search,2,7.8,5,2,1,0,0,41,1,0
11-50,Financial Services,Referral,3,4.1,0,0,3,0,1,66,84,0
11-50,Retail,Organic Search,7,6.9,2,1,0,0,0,52,18,0
51-200,Healthcare,Organic Search,0,3.9,2,1,0,0,0,133,72,0
51-200,Healthcare,Organic Search,7,8.6,4,1,0,1,0,90,73,0
11-50,Education,Social Media,9,10.9,3,2,1,1,0,36,18,0
1-10,Technology,Social Media,6,2.0,3,1,0,0,0,27,51,0
51-200,Education,Organic Search,8,9.6,1,1,2,0,1,167,70,1
1000+,Healthcare,Referral,4,2.7,3,1,0,1,0,160,85,0
201-500,Retail,Organic Search,8,4.6,3,2,2,0,0,149,35,0
51-200,Education,Organic Search,10,4.9,4,2,1,0,1,132,36,1
1-10,Technology,Direct,6,3.3,2,1,2,0,0,155,73,0
11-50,Education,Paid Ads,7,1.8,4,1,1,0,0,116,44,0
11-50,Manufacturing,Event,5,9.5,2,2,3,1,0,164,55,0
201-500,Retail,Paid Ads,5,9.7,2,1,2,0,0,165,10,0
501-1000,Technology,Organic Search,7,12.0,5,1,1,0,0,79,61,1
1000+,Manufacturing,Direct,7,11.3,3,1,0,0,0,45,30,0
1000+,Retail,Organic Search,5,5.8,3,0,0,1,0,160,32,0
1000+,Healthcare,Paid Ads,6,2.5,1,0,0,0,1,148,81,1
1000+,Technology,Social Media,4,1.1,3,1,5,1,0,80,64,1
1-10,Financial Services,Referral,4,6.8,4,1,4,1,0,163,50,1
1-10,Professional Services,Direct,4,10.5,5,5,2,1,0,19,50,0
11-50,Technology,Direct,1,3.9,4,0,1,0,1,148,77,0
51-200,Retail,Organic Search,10,3.2,2,0,0,1,0,9,55,0
1-10,Education,Organic Search,9,5.8,2,0,1,0,0,19,18,0
501-1000,Technology,Social Media,2,10.8,3,3,1,1,0,12,49,0
51-200,Technology,Organic Search,7,6.0,3,1,0,0,0,15,56,1
51-200,Retail,Referral,3,8.9,6,2,1,0,0,34,5,0
11-50,Technology,Paid Ads,7,6.1,2,0,0,0,0,65,11,0
11-50,Manufacturing,Direct,4,5.1,5,2,0,1,0,65,42,0
11-50,Retail,Direct,4,5.9,0,0,1,0,0,76,51,1
501-1000,Manufacturing,Paid Ads,9,9.5,7,3,1,0,0,176,4,0
51-200,Healthcare,Organic Search,7,9.3,2,0,0,1,0,92,40,1
201-500,Retail,Direct,5,5.7,1,1,0,0,1,44,15,0
11-50,Manufacturing,Organic Search,3,3.9,3,1,0,0,0,25,60,0
11-50,Financial Services,Organic Search,6,2.5,6,1,2,0,0,164,42,0
51-200,Manufacturing,Paid Ads,5,1.0,3,0,1,1,0,50,8,0
201-500,Professional Services,Paid Ads,5,2.2,6,0,4,0,0,146,36,1
201-500,Retail,Organic Search,3,2.8,2,1,2,0,0,142,83,0
11-50,Manufacturing,Paid Ads,2,8.6,3,1,1,1,0,155,4,1
1000+,Financial Services,Organic Search,7,10.0,5,0,2,1,0,27,36,1
1-10,Technology,Event,6,9.1,1,0,0,0,0,141,12,0
501-1000,Financial Services,Paid Ads,6,9.0,0,0,1,0,1,141,81,0
1-10,Technology,Event,9,11.9,4,1,0,0,1,175,41,1
11-50,Education,Social Media,2,11.6,5,0,1,0,0,127,56,0
501-1000,Financial Services,Referral,3,4.0,7,1,0,0,1,22,87,1
11-50,Professional Services,Direct,11,2.6,3,1,1,1,0,82,4,0
51-200,Technology,Paid Ads,2,2.7,3,1,0,0,0,86,43,1
51-200,Financial Services,Organic Search,7,10.9,2,2,2,0,0,85,6,0
11-50,Healthcare,Referral,7,2.1,4,1,4,0,0,62,69,1
201-500,Financial Services,Organic Search,5,4.7,4,0,0,1,0,144,52,0
501-1000,Professional Services,Paid Ads,6,6.8,3,0,1,0,0,51,39,1
501-1000,Education,Direct,10,7.7,2,2,0,0,0,80,26,0
11-50,Professional Services,Direct,5,7.6,1,0,1,0,0,80,17,0
51-200,Technology,Referral,3,9.7,1,0,1,1,0,116,82,0
11-50,Professional Services,Referral,4,7.3,2,1,2,0,0,87,1,1
11-50,Technology,Referral,3,10.4,4,1,4,0,0,174,11,1
11-50,Education,Organic Search,4,1.9,9,2,1,1,1,177,33,1
1000+,Manufacturing,Paid Ads,3,10.4,0,0,1,0,0,84,35,0
501-1000,Financial Services,Referral,7,7.5,1,1,3,0,0,48,82,0
201-500,Technology,Paid Ads,2,3.5,3,1,2,0,0,137,28,0
51-200,Technology,Organic Search,4,11.8,4,2,1,0,1,164,29,1
51-200,Financial Services,Social Media,7,11.3,5,0,1,0,0,159,21,1
51-200,Education,Referral,6,10.3,4,1,1,0,0,30,33,0
51-200,Professional Services,Paid Ads,2,11.0,5,1,1,0,0,10,24,0
51-200,Education,Direct,11,5.2,5,1,0,1,0,120,62,0
1-10,Technology,Event,3,3.5,4,2,0,0,0,54,71,0
1-10,Manufacturing,Referral,5,3.0,4,2,2,0,0,55,66,0
1000+,Financial Services,Organic Search,4,10.6,2,1,0,0,0,6,72,0
51-200,Manufacturing,Social Media,4,10.1,6,0,1,0,0,172,54,0
1000+,Financial Services,Social Media,6,11.8,3,3,1,1,0,1,61,1
11-50,Financial Services,Referral,6,10.3,2,0,2,0,0,114,30,0
51-200,Manufacturing,Social Media,4,8.0,1,0,1,0,0,166,89,0
11-50,Technology,Organic Search,3,2.6,4,0,0,0,0,12,85,0
11-50,Healthcare,Paid Ads,2,2.8,1,1,1,0,0,111,5,0
1-10,Retail,Direct,1,6.2,3,1,3,0,1,166,31,0
1-10,Technology,Organic Search,2,9.4,4,0,1,0,0,74,62,1
1000+,Education,Referral,6,2.9,2,0,1,1,0,53,26,1
11-50,Manufacturing,Direct,5,11.1,4,1,1,0,0,127,46,1
51-200,Professional Services,Organic Search,2,8.5,2,0,2,0,0,167,75,1
51-200,Retail,Direct,0,4.4,1,1,3,0,0,101,79,0
51-200,Retail,Direct,7,10.7,4,1,2,1,0,3,84,0
51-200,Retail,Social Media,9,7.6,4,0,4,0,0,123,58,0
11-50,Professional Services,Social Media,6,9.1,2,0,3,0,1,40,86,0
1000+,Retail,Direct,6,5.2,2,0,2,1,0,178,58,1
501-1000,Financial Services,Organic Search,4,5.3,3,0,0,1,0,50,47,0
201-500,Technology,Social Media,5,1.1,3,2,0,0,0,114,18,0
51-200,Retail,Paid Ads,3,6.9,0,0,0,0,0,124,78,0
11-50,Technology,Direct,1,9.4,3,1,0,0,0,80,23,0
1000+,Financial Services,Referral,3,11.7,2,2,2,0,0,143,16,0
11-50,Technology,Event,7,10.8,1,1,0,0,0,161,68,0
1-10,Manufacturing,Organic Search,3,2.0,3,0,2,0,0,113,80,0
11-50,Technology,Organic Search,5,11.8,1,0,1,0,0,136,87,0
201-500,Retail,Event,3,2.6,2,0,1,0,0,12,68,0
51-200,Professional Services,Paid Ads,8,1.5,3,0,3,1,0,44,86,0
201-500,Professional Services,Referral,8,9.2,0,0,0,1,0,78,35,1
201-500,Financial Services,Social Media,6,11.0,2,0,0,0,0,24,9,0
11-50,Manufacturing,Organic Search,4,11.4,1,0,0,0,1,89,22,1
1000+,Manufacturing,Paid Ads,1,10.1,1,0,0,1,0,14,14,0
51-200,Manufacturing,Paid Ads,5,3.3,4,0,0,0,0,65,68,0
51-200,Retail,Direct,5,2.7,3,0,1,0,0,12,38,1
1-10,Financial Services,Organic Search,7,1.6,0,0,2,0,0,76,38,0
1000+,Education,Paid Ads,3,7.4,6,0,3,0,0,73,82,0
11-50,Technology,Direct,1,6.4,3,0,2,0,1,87,88,0
1-10,Professional Services,Event,7,2.2,1,1,3,1,0,178,13,0
51-200,Manufacturing,Social Media,5,6.1,3,2,3,0,1,100,76,1
1-10,Financial Services,Referral,1,7.2,3,1,0,0,0,27,57,0
11-50,Retail,Event,4,9.0,2,1,2,1,0,113,71,1
51-200,Technology,Direct,6,5.6,5,1,4,0,0,176,85,0
11-50,Professional Services,Direct,2,4.5,4,3,1,0,0,38,30,0
1000+,Manufacturing,Social Media,9,8.3,3,3,1,1,0,15,72,0
11-50,Technology,Social Media,4,8.5,0,0,2,0,0,162,64,0
201-500,Technology,Event,5,4.0,2,2,4,0,0,31,59,0
51-200,Professional Services,Event,2,1.2,4,0,1,0,0,149,68,0
201-500,Financial Services,Social Media,6,11.4,3,0,0,0,0,77,69,1
51-200,Professional Services,Organic Search,5,9.3,5,0,1,0,0,141,36,0
51-200,Professional Services,Event,5,3.2,3,3,2,1,1,128,83,0
1000+,Retail,Paid Ads,5,7.2,3,3,0,0,0,145,8,1
11-50,Financial Services,Organic Search,9,7.5,1,1,6,0,1,137,16,1
11-50,Retail,Organic Search,8,2.4,9,0,3,1,0,95,66,0
201-500,Education,Organic Search,0,3.1,3,2,1,0,0,44,41,1
501-1000,Technology,Referral,2,11.5,1,1,1,1,0,171,26,1
1-10,Financial Services,Organic Search,2,6.6,5,0,2,0,0,34,45,0
51-200,Financial Services,Social Media,7,3.1,5,2,7,0,0,66,11,1
501-1000,Healthcare,Direct,5,9.8,3,0,0,0,0,51,0,1
201-500,Retail,Organic Search,6,6.2,3,0,0,0,0,76,3,1
1000+,Manufacturing,Organic Search,6,8.0,4,0,0,1,0,45,80,1
51-200,Manufacturing,Organic Search,6,4.3,2,1,1,0,0,147,29,0
201-500,Financial Services,Event,4,1.6,7,0,1,1,0,79,81,1
11-50,Technology,Paid Ads,8,2.8,2,2,0,1,0,156,45,0
1000+,Financial Services,Organic Search,6,11.7,5,0,1,0,0,6,27,0
11-50,Professional Services,Organic Search,2,7.9,1,1,0,1,1,81,3,0
201-500,Retail,Organic Search,4,10.1,2,0,5,0,0,105,9,0
51-200,Healthcare,Social Media,2,1.2,5,1,0,0,0,152,50,0
51-200,Professional Services,Social Media,2,9.4,3,2,0,0,0,131,55,0
201-500,Technology,Paid Ads,4,6.3,6,2,3,0,0,114,80,1
51-200,Financial Services,Paid Ads,7,8.3,1,0,4,0,1,152,17,1
1000+,Financial Services,Social Media,1,4.9,1,1,1,0,0,70,53,0
51-200,Education,Direct,4,7.8,3,1,2,0,0,172,7,1
51-200,Retail,Social Media,5,1.4,3,1,0,1,1,163,47,0
11-50,Retail,Event,5,1.5,6,0,2,1,0,163,15,1
51-200,Technology,Direct,5,9.8,0,0,0,0,1,91,20,1
51-200,Technology,Paid Ads,8,2.4,2,0,1,1,0,17,37,0
1-10,Retail,Organic Search,4,1.2,4,2,1,1,0,152,39,0
1-10,Healthcare,Social Media,4,11.0,2,1,2,1,1,75,10,0
201-500,Education,Organic Search,1,3.9,2,0,2,0,0,146,54,0
201-500,Professional Services,Paid Ads,5,7.4,3,0,2,0,0,10,36,0
201-500,Healthcare,Social Media,2,10.2,1,1,1,0,0,18,77,0
1-10,Retail,Referral,7,9.2,3,3,0,0,0,63,54,0
11-50,Education,Paid Ads,5,1.5,5,1,0,0,0,156,79,0
11-50,Healthcare,Referral,1,7.2,3,1,3,0,0,6,1,0
201-500,Retail,Organic Search,1,7.0,3,1,1,0,0,30,40,0
501-1000,Education,Organic Search,4,4.9,4,2,0,0,0,89,75,1
11-50,Financial Services,Paid Ads,7,9.3,2,2,1,0,1,146,16,1
201-500,Professional Services,Organic Search,2,11.6,1,1,0,0,0,28,19,1
1-10,Technology,Direct,6,2.6,0,0,0,0,0,136,63,0
11-50,Retail,Paid Ads,4,2.6,2,0,1,1,0,88,1,0
1-10,Professional Services,Direct,0,9.1,1,1,4,1,1,132,85,0
11-50,Retail,Direct,4,6.0,6,1,1,1,0,129,84,1
201-500,Manufacturing,Paid Ads,6,9.7,2,1,2,0,0,165,86,0
1000+,Retail,Paid Ads,8,2.6,2,0,3,0,0,11,70,0
11-50,Technology,Direct,4,1.4,1,1,2,0,0,108,89,0
51-200,Financial Services,Organic Search,6,8.7,2,1,1,0,1,82,87,1
201-500,Financial Services,Referral,3,11.9,7,0,1,1,0,61,22,0
1000+,Manufacturing,Paid Ads,9,2.0,3,0,1,0,0,133,13,0
51-200,Healthcare,Event,5,10.5,3,1,1,0,0,107,75,0
11-50,Financial Services,Event,8,5.2,5,1,2,1,0,80,40,1
51-200,Professional Services,Social Media,5,1.2,2,0,1,0,0,125,4,1
11-50,Healthcare,Paid Ads,4,6.6,1,1,1,0,0,103,40,0
1000+,Healthcare,Referral,7,4.1,4,1,1,1,0,66,1,0
11-50,Healthcare,Referral,2,8.6,6,0,5,0,0,61,51,1
201-500,Technology,Social Media,4,4.2,1,0,1,1,0,46,60,1
1-10,Retail,Direct,2,6.3,0,0,0,0,0,54,4,0
51-200,Healthcare,Organic Search,8,3.2,3,2,2,0,0,88,10,1
501-1000,Technology,Organic Search,8,10.1,3,0,2,0,0,33,81,0
51-200,Education,Organic Search,10,11.2,4,1,2,0,0,161,34,1
51-200,Professional Services,Social Media,4,5.4,2,2,0,0,0,105,4,1
1000+,Retail,Direct,3,5.9,1,0,1,0,1,113,1,0
501-1000,Professional Services,Paid Ads,5,11.8,8,2,2,0,0,103,35,0
11-50,Education,Paid Ads,2,2.6,5,1,2,0,1,161,7,1
51-200,Financial Services,Direct,4,9.9,2,2,2,0,0,147,12,0
51-200,Retail,Organic Search,6,7.2,7,0,3,0,0,86,18,0
51-200,Retail,Direct,4,10.7,3,1,1,0,0,62,63,0
11-50,Financial Services,Direct,6,4.2,2,0,5,0,0,170,49,0
11-50,Financial Services,Event,6,4.3,2,0,0,0,0,108,69,0
1000+,Technology,Paid Ads,5,4.6,7,1,1,1,0,142,29,0
1000+,Retail,Social Media,2,1.2,4,0,1,0,1,25,7,1
501-1000,Professional Services,Paid Ads,4,2.9,4,2,1,1,0,64,50,0
1000+,Professional Services,Organic Search,4,11.9,4,0,1,0,1,48,86,0
201-500,Financial Services,Organic Search,5,3.7,1,1,0,0,0,81,58,0
201-500,Financial Services,Organic Search,8,1.2,3,2,0,0,1,91,21,1
201-500,Healthcare,Direct,2,4.1,2,1,0,0,0,179,0,0
51-200,Manufacturing,Social Media,6,5.5,5,0,2,1,0,19,7,1
51-200,Education,Paid Ads,6,7.0,4,2,1,1,0,171,76,0
11-50,Professional Services,Referral,5,1.8,2,0,1,0,1,146,26,1
51-200,Education,Social Media,6,9.7,4,0,3,0,0,74,5,0
11-50,Professional Services,Organic Search,5,10.1,4,3,1,0,0,51,30,1
11-50,Education,Paid Ads,5,3.3,3,1,3,0,1,150,78,1
51-200,Healthcare,Referral,9,9.8,5,0,2,0,0,25,38,1
51-200,Technology,Event,4,5.0,5,0,1,0,0,163,87,0
11-50,Technology,Organic Search,5,5.7,3,1,3,0,0,169,45,0
501-1000,Healthcare,Direct,6,11.3,2,1,0,0,0,46,81,0
501-1000,Financial Services,Social Media,6,10.8,5,0,2,0,1,101,18,1
11-50,Technology,Referral,6,5.1,6,0,0,0,0,93,48,1
1-10,Education,Organic Search,4,6.4,2,2,1,0,0,138,42,0
11-50,Technology,Referral,7,4.2,0,0,2,0,0,136,69,1
201-500,Education,Paid Ads,8,6.7,1,0,4,0,0,179,12,0
501-1000,Professional Services,Organic Search,5,8.5,4,2,1,0,0,14,15,1
1-10,Retail,Direct,7,2.0,2,1,1,0,0,147,20,0
201-500,Retail,Referral,6,11.1,3,3,1,0,0,145,84,0
1-10,Financial Services,Organic Search,6,8.9,3,1,1,0,0,133,80,0
11-50,Retail,Paid Ads,8,2.1,1,1,3,0,0,38,2,1
1000+,Technology,Organic Search,5,10.6,5,0,0,0,0,133,37,0
11-50,Education,Direct,3,9.2,2,2,3,0,1,86,49,0
11-50,Financial Services,Organic Search,7,4.4,2,0,2,0,1,50,80,0
51-200,Financial Services,Referral,6,6.7,2,1,1,0,0,68,41,0
51-200,Retail,Social Media,8,10.5,4,0,3,0,1,75,69,1
1000+,Retail,Organic Search,4,11.6,6,2,3,0,1,133,71,1
1000+,Healthcare,Paid Ads,7,4.1,3,2,2,0,0,36,46,0
1-10,Retail,Social Media,10,8.2,1,0,1,0,0,42,67,0
1-10,Technology,Direct,6,10.5,7,1,2,1,0,67,6,1
201-500,Retail,Social Media,6,11.9,2,1,1,0,0,84,29,0
11-50,Financial Services,Organic Search,6,1.8,6,1,1,0,0,170,76,0
501-1000,Financial Services,Paid Ads,2,6.5,5,1,0,0,0,48,14,1
201-500,Technology,Paid Ads,7,10.6,3,1,2,1,0,163,45,1
1-10,Financial Services,Paid Ads,13,1.0,3,2,2,0,0,10,71,0
501-1000,Financial Services,Direct,4,5.8,4,2,1,0,0,92,46,0
11-50,Healthcare,Organic Search,6,7.4,4,1,2,0,1,151,87,1
51-200,Technology,Paid Ads,8,6.8,6,2,5,0,0,56,76,1
51-200,Technology,Referral,4,9.1,3,2,0,1,0,41,8,1
51-200,Manufacturing,Organic Search,3,1.7,2,2,4,0,1,109,47,0
201-500,Technology,Referral,8,9.6,6,0,3,1,0,42,65,1
201-500,Retail,Organic Search,7,4.1,6,0,0,1,0,3,67,0
1000+,Education,Event,5,10.1,2,1,1,0,0,9,46,0
1000+,Healthcare,Paid Ads,5,5.6,1,1,1,1,0,86,36,0
51-200,Education,Referral,8,1.5,3,1,3,0,0,90,28,1
1-10,Technology,Social Media,5,11.6,2,0,2,0,0,5,31,0
201-500,Technology,Paid Ads,4,9.6,4,1,2,0,0,49,1,0
1000+,Retail,Paid Ads,5,4.8,1,0,2,0,0,136,77,0
11-50,Professional Services,Referral,6,4.0,3,3,1,0,0,102,65,0
51-200,Professional Services,Event,3,7.5,4,0,1,0,1,110,25,0
51-200,Technology,Referral,6,11.9,1,0,0,0,0,130,11,0
1-10,Professional Services,Referral,4,4.2,0,0,1,0,0,162,47,0
201-500,Healthcare,Referral,3,11.4,2,1,1,0,0,9,76,0
11-50,Financial Services,Paid Ads,5,4.6,0,0,1,0,0,87,89,0
201-500,Technology,Social Media,4,8.7,6,1,1,0,0,36,23,0
501-1000,Education,Organic Search,5,5.2,2,0,2,0,0,120,39,0
501-1000,Technology,Referral,5,1.9,4,0,3,0,1,70,53,1
51-200,Professional Services,Direct,4,11.3,5,3,1,1,0,28,53,0
11-50,Retail,Social Media,3,2.8,0,0,3,1,0,158,25,0
201-500,Retail,Referral,6,11.4,2,2,2,0,0,93,73,0
501-1000,Retail,Event,4,2.1,1,0,3,0,0,20,63,1
51-200,Professional Services,Paid Ads,7,3.9,1,0,2,0,1,41,74,1
501-1000,Technology,Referral,6,11.1,3,0,2,0,0,134,10,0
1-10,Technology,Organic Search,2,8.2,3,0,0,0,0,85,60,0
501-1000,Manufacturing,Organic Search,4,3.1,2,0,1,1,0,171,30,1
1-10,Healthcare,Organic Search,6,7.5,4,1,2,0,1,9,68,0
11-50,Technology,Social Media,7,3.0,5,2,2,0,0,14,45,1
51-200,Technology,Referral,3,10.6,1,0,1,0,0,124,46,0
1-10,Financial Services,Direct,7,1.5,6,1,4,1,0,60,52,1
1-10,Technology,Organic Search,2,6.8,5,2,3,1,1,157,19,1
1-10,Technology,Organic Search,3,1.7,1,1,2,0,0,138,52,1
51-200,Education,Social Media,5,8.6,5,1,2,0,0,5,79,0
201-500,Financial Services,Organic Search,7,11.3,2,0,0,1,0,168,7,0
1-10,Education,Referral,5,10.1,2,0,1,0,0,171,15,1
201-500,Education,Organic Search,8,5.1,4,1,4,0,0,45,3,0
501-1000,Technology,Organic Search,7,3.6,2,2,2,0,0,110,43,1
11-50,Retail,Referral,9,2.3,4,1,0,1,0,115,21,0
1-10,Retail,Referral,10,10.6,3,1,1,0,0,7,53,1
501-1000,Retail,Organic Search,6,1.9,3,2,0,0,1,131,3,0
501-1000,Technology,Paid Ads,6,7.9,3,1,1,0,1,174,9,1
51-200,Technology,Paid Ads,4,5.0,4,0,1,0,0,73,19,0
501-1000,Technology,Organic Search,3,12.0,1,0,2,0,0,177,59,0
1-10,Retail,Direct,9,6.6,3,1,1,0,0,120,5,0
11-50,Education,Social Media,8,7.0,4,0,1,0,0,132,47,1
201-500,Retail,Organic Search,10,11.1,2,2,1,0,1,99,47,1
11-50,Retail,Paid Ads,7,11.7,4,4,2,0,0,124,28,0
201-500,Education,Organic Search,3,7.4,3,0,1,0,0,168,9,0
51-200,Retail,Organic Search,9,9.8,2,2,1,0,0,106,64,0
201-500,Technology,Direct,9,8.0,4,1,5,0,0,97,37,1
51-200,Professional Services,Organic Search,4,5.7,0,0,2,1,0,31,53,1
11-50,Healthcare,Direct,5,1.6,4,1,4,0,1,93,69,1
11-50,Technology,Event,4,8.9,4,1,3,0,0,155,1,1
11-50,Manufacturing,Social Media,6,8.7,3,1,0,0,0,120,69,1
201-500,Education,Referral,5,2.3,3,0,1,0,0,129,7,0
1-10,Financial Services,Paid Ads,6,3.5,7,0,2,0,0,28,50,0
1-10,Manufacturing,Event,9,9.1,5,0,3,1,0,152,8,1
11-50,Technology,Event,3,2.6,1,0,3,0,0,96,2,0
11-50,Technology,Referral,6,8.6,0,0,1,0,0,82,37,1
501-1000,Technology,Organic Search,6,8.9,4,1,2,0,0,10,48,1
11-50,Retail,Organic Search,5,4.9,2,1,4,0,0,160,27,0
1000+,Professional Services,Organic Search,6,3.8,1,0,3,0,1,113,22,1
1-10,Technology,Organic Search,2,5.1,3,0,0,0,1,56,16,0
201-500,Financial Services,Referral,7,5.0,4,0,1,0,0,96,51,1
51-200,Technology,Direct,5,7.7,2,2,2,0,0,163,36,0
11-50,Technology,Social Media,1,9.2,4,1,0,0,0,151,81,0
501-1000,Manufacturing,Social Media,2,10.5,3,0,2,1,0,54,39,0
1000+,Retail,Social Media,3,1.3,4,2,0,0,0,143,53,0
501-1000,Retail,Social Media,3,9.0,6,2,2,1,0,2,86,0
11-50,Healthcare,Paid Ads,5,4.5,4,2,3,0,0,78,84,0
11-50,Manufacturing,Event,4,10.2,5,1,1,0,1,99,44,1
201-500,Technology,Paid Ads,8,1.8,1,0,2,0,0,118,18,0
11-50,Technology,Direct,5,7.1,2,1,0,1,0,1,35,1
201-500,Education,Organic Search,5,7.0,4,0,0,0,1,55,24,1
51-200,Professional Services,Social Media,3,4.6,0,0,0,0,1,47,43,1
51-200,Education,Referral,4,11.7,5,3,1,0,0,70,13,0
501-1000,Education,Paid Ads,2,2.2,6,1,1,1,0,124,36,0
201-500,Retail,Paid Ads,4,2.5,3,1,2,0,0,14,7,0
1-10,Education,Organic Search,4,8.1,3,0,2,1,0,135,87,0
1-10,Healthcare,Event,4,6.7,3,2,0,1,0,19,0,0
51-200,Technology,Paid Ads,5,3.9,5,1,3,0,0,91,79,0
51-200,Technology,Referral,3,4.3,6,1,1,1,0,147,83,1
11-50,Technology,Event,5,2.7,3,2,0,0,1,158,86,0
51-200,Technology,Referral,6,10.5,3,1,1,0,1,174,40,0
201-500,Healthcare,Direct,3,7.3,2,1,2,0,0,78,69,0
501-1000,Retail,Organic Search,6,3.7,3,1,1,1,0,88,84,0
51-200,Professional Services,Paid Ads,5,5.3,3,3,1,0,1,162,75,0
11-50,Manufacturing,Organic Search,2,11.0,1,0,0,0,0,23,77,0
11-50,Technology,Direct,6,10.8,2,1,2,0,0,163,44,0
51-200,Retail,Event,3,1.8,1,0,1,0,0,16,66,0
11-50,Healthcare,Event,4,8.2,4,1,0,0,0,17,18,0
51-200,Technology,Referral,2,2.7,3,1,4,0,0,9,82,0
201-500,Financial Services,Organic Search,3,3.3,3,1,1,0,0,42,42,0
1-10,Financial Services,Paid Ads,4,10.5,2,0,2,0,1,158,23,0
1-10,Financial Services,Referral,6,10.8,2,1,2,0,1,38,26,0
11-50,Professional Services,Organic Search,13,1.9,4,0,2,1,0,80,77,1
501-1000,Professional Services,Social Media,2,10.6,3,3,3,0,0,145,17,0
51-200,Retail,Direct,4,9.0,4,0,2,0,0,158,61,0
11-50,Technology,Paid Ads,2,9.5,1,1,1,1,0,79,24,0
501-1000,Professional Services,Social Media,6,9.7,1,1,1,0,0,65,53,0
51-200,Retail,Referral,5,6.6,0,0,0,1,0,84,48,0
51-200,Technology,Organic Search,4,11.4,0,0,1,0,0,106,55,0
1000+,Retail,Paid Ads,5,3.2,3,1,1,0,0,58,20,1
1-10,Manufacturing,Referral,5,6.6,8,1,2,0,0,121,81,0
11-50,Healthcare,Social Media,4,4.5,3,0,0,1,0,145,79,0
51-200,Technology,Paid Ads,3,10.0,2,1,1,0,0,9,83,1
11-50,Manufacturing,Organic Search,5,1.9,2,0,0,0,0,148,44,0
201-500,Technology,Organic Search,7,5.8,3,0,1,0,0,123,15,1
11-50,Technology,Social Media,3,9.5,1,0,2,1,0,11,49,0
1-10,Technology,Paid Ads,4,4.4,2,0,1,0,0,144,7,0
11-50,Education,Social Media,5,3.6,3,0,2,0,0,89,63,0
51-200,Financial Services,Organic Search,3,3.9,1,0,1,0,0,4,24,0
11-50,Healthcare,Event,8,8.8,6,1,1,0,0,15,17,0
1-10,Financial Services,Paid Ads,6,4.2,2,1,1,0,0,11,72,0
501-1000,Professional Services,Organic Search,4,5.4,3,1,0,1,0,73,59,0
11-50,Manufacturing,Referral,9,7.0,2,0,0,0,0,94,8,0
11-50,Education,Social Media,3,11.3,4,1,6,0,0,44,78,0
1-10,Financial Services,Direct,4,9.7,1,0,1,1,0,174,59,0
11-50,Technology,Direct,1,3.0,3,1,0,1,1,6,24,0
11-50,Manufacturing,Referral,8,10.7,3,1,2,1,0,175,35,1
51-200,Financial Services,Social Media,2,10.3,3,0,1,0,1,28,41,0
11-50,Professional Services,Referral,2,9.2,3,2,4,1,0,20,82,0
501-1000,Professional Services,Referral,6,6.7,5,0,2,0,0,89,49,1
1000+,Manufacturing,Organic Search,2,1.8,3,2,1,1,0,137,73,0
1-10,Education,Social Media,2,8.8,3,2,2,0,0,119,2,0
1-10,Manufacturing,Direct,7,6.7,3,2,0,0,0,143,45,0
1-10,Financial Services,Organic Search,4,4.4,1,0,1,0,0,82,7,0
51-200,Manufacturing,Paid Ads,1,1.1,2,0,1,0,0,157,34,0
1-10,Technology,Organic Search,1,3.5,4,0,1,1,0,137,49,0
501-1000,Professional Services,Paid Ads,7,7.7,6,3,1,1,0,8,75,1
201-500,Technology,Referral,6,2.2,3,0,0,0,1,90,24,0
501-1000,Financial Services,Paid Ads,1,8.2,5,0,4,1,0,175,21,0
51-200,Manufacturing,Referral,2,10.0,3,1,1,1,0,131,76,0
1000+,Technology,Event,8,4.5,5,0,1,0,0,148,48,1
1-10,Technology,Organic Search,1,1.9,5,2,2,0,0,129,65,0
51-200,Retail,Event,5,2.5,2,1,0,0,0,109,83,0
11-50,Technology,Event,5,4.9,1,1,1,0,0,60,4,0
1000+,Manufacturing,Referral,3,9.9,5,1,2,0,0,12,54,1
51-200,Financial Services,Paid Ads,7,8.0,1,1,0,1,1,54,6,0
501-1000,Financial Services,Direct,2,10.5,3,1,1,0,0,43,83,0
11-50,Technology,Paid Ads,6,11.9,2,1,1,0,0,130,39,0
1000+,Professional Services,Organic Search,6,3.2,4,1,2,0,0,63,39,0
51-200,Education,Organic Search,4,8.6,0,0,1,0,0,64,17,0
51-200,Technology,Direct,8,6.1,1,1,1,1,0,154,56,1
1000+,Education,Organic Search,3,6.4,1,0,2,0,0,36,48,0
11-50,Manufacturing,Paid Ads,8,4.6,3,1,3,1,0,137,84,0
11-50,Retail,Social Media,6,4.8,3,1,1,0,1,64,0,0
51-200,Retail,Referral,5,8.4,3,1,1,0,0,169,66,1
1-10,Retail,Social Media,5,7.8,3,0,1,0,0,171,86,0
11-50,Professional Services,Paid Ads,4,4.5,2,2,1,0,0,76,81,0
11-50,Manufacturing,Social Media,4,2.3,6,2,0,0,1,140,56,0
1-10,Manufacturing,Organic Search,3,7.4,1,0,1,0,0,165,74,0
501-1000,Financial Services,Paid Ads,0,9.1,3,1,0,0,0,108,3,1
51-200,Technology,Organic Search,4,7.1,2,0,0,1,0,161,7,1
11-50,Retail,Referral,3,1.0,4,0,2,1,0,123,62,0
51-200,Technology,Organic Search,6,4.1,5,0,1,0,0,4,23,1
51-200,Financial Services,Referral,6,9.6,2,2,0,1,1,109,63,1
51-200,Technology,Organic Search,8,9.2,2,2,1,1,0,43,66,0
1000+,Technology,Paid Ads,5,1.1,3,1,3,0,0,106,60,1
1000+,Retail,Organic Search,6,6.2,1,0,1,0,0,144,80,1
11-50,Retail,Paid Ads,6,5.8,5,2,1,0,0,36,19,0
11-50,Healthcare,Event,8,8.2,1,0,2,1,0,120,72,0
51-200,Technology,Paid Ads,3,2.4,4,1,0,0,0,97,72,1
51-200,Healthcare,Social Media,5,7.8,4,2,0,1,0,40,28,0
51-200,Healthcare,Paid Ads,8,11.4,5,2,0,0,0,136,18,0
201-500,Retail,Organic Search,4,5.1,2,1,0,0,0,140,55,0
51-200,Manufacturing,Paid Ads,9,4.7,3,2,2,1,0,2,79,0
11-50,Manufacturing,Paid Ads,4,1.3,2,2,0,0,0,57,59,0
11-50,Manufacturing,Social Media,2,1.6,7,1,1,1,0,14,10,0
11-50,Education,Organic Search,7,11.2,3,0,1,0,0,108,39,1
1-10,Professional Services,Direct,3,11.7,5,2,0,0,0,158,35,0
11-50,Manufacturing,Social Media,4,1.1,3,1,0,0,0,168,52,0
201-500,Manufacturing,Paid Ads,8,10.9,2,2,0,0,0,71,52,0
11-50,Technology,Direct,7,2.9,2,1,4,0,0,43,88,0
11-50,Education,Organic Search,4,7.2,4,1,1,0,0,57,75,1
51-200,Financial Services,Event,8,8.5,8,0,1,0,0,10,49,0
201-500,Financial Services,Paid Ads,2,4.9,7,2,1,0,0,63,12,1
11-50,Education,Referral,4,6.8,3,2,0,0,1,119,17,1
501-1000,Retail,Organic Search,5,7.9,6,0,1,0,0,4,15,1
1000+,Technology,Event,1,3.1,1,1,2,0,0,131,45,0
51-200,Technology,Paid Ads,3,11.9,4,1,2,1,0,152,13,1
201-500,Technology,Referral,4,3.2,5,1,2,0,0,56,15,1
1-10,Manufacturing,Direct,7,1.1,4,2,5,0,0,138,13,1
1000+,Technology,Organic Search,5,11.4,3,0,2,0,0,84,61,0
11-50,Education,Direct,8,5.7,0,0,3,1,0,177,25,0
1000+,Education,Referral,9,5.4,1,1,0,0,0,90,81,0
51-200,Manufacturing,Event,7,4.0,1,1,3,0,0,108,44,0
1-10,Retail,Referral,2,1.3,3,1,1,1,0,147,60,0
1-10,Financial Services,Event,4,3.9,3,0,2,1,0,50,47,0
201-500,Technology,Direct,4,5.3,4,2,2,1,0,125,78,0
51-200,Retail,Paid Ads,8,6.7,3,0,2,0,0,153,11,0
1-10,Technology,Social Media,2,6.0,3,1,2,0,0,49,65,0
201-500,Technology,Direct,4,10.7,3,1,2,0,0,145,52,0
501-1000,Financial Services,Event,10,11.0,2,1,0,0,1,49,39,1
51-200,Technology,Direct,2,4.5,2,1,1,0,0,110,62,1
51-200,Healthcare,Social Media,2,11.6,0,0,2,0,0,59,48,0
1-10,Retail,Paid Ads,3,10.5,4,1,1,0,0,113,56,0
201-500,Professional Services,Event,6,11.2,2,1,2,0,0,27,47,0
11-50,Retail,Social Media,4,8.8,4,4,0,0,0,145,10,1
501-1000,Professional Services,Organic Search,4,3.2,1,0,0,0,0,25,35,0
11-50,Healthcare,Organic Search,3,3.1,3,0,1,1,0,60,87,0
51-200,Professional Services,Paid Ads,4,11.0,2,1,1,0,0,147,8,0
11-50,Manufacturing,Social Media,9,6.6,3,2,3,0,0,18,20,0
11-50,Financial Services,Event,11,10.8,2,0,0,1,0,149,63,0
201-500,Education,Event,8,8.9,1,1,2,0,0,72,13,0
51-200,Financial Services,Organic Search,8,3.3,1,1,3,1,0,47,4,1
51-200,Technology,Organic Search,4,5.2,4,2,1,1,0,149,68,0
1000+,Financial Services,Paid Ads,7,11.6,8,0,1,1,1,153,18,1
1000+,Healthcare,Social Media,4,1.2,2,1,1,0,0,155,19,0
501-1000,Healthcare,Event,3,8.9,4,3,2,0,0,103,40,1
11-50,Manufacturing,Direct,5,11.8,4,3,2,0,0,36,76,0
51-200,Professional Services,Organic Search,4,2.1,0,0,1,1,1,128,88,1
501-1000,Financial Services,Event,5,4.0,1,1,1,0,0,126,23,1
11-50,Manufacturing,Social Media,3,7.0,4,1,1,0,0,158,27,0
1-10,Financial Services,Direct,7,10.3,2,1,1,1,0,132,46,1
501-1000,Professional Services,Event,5,6.6,3,3,0,0,0,56,71,1
51-200,Technology,Referral,3,1.7,3,1,3,0,0,81,6,0
51-200,Technology,Event,6,2.4,0,0,0,1,0,119,37,0
1000+,Manufacturing,Paid Ads,3,5.1,4,0,4,0,0,140,9,0
51-200,Retail,Event,6,4.5,7,1,2,0,0,56,19,1
51-200,Professional Services,Event,4,3.4,0,0,0,0,0,47,56,1
11-50,Manufacturing,Direct,5,10.2,3,0,3,0,0,162,2,0
51-200,Professional Services,Organic Search,6,1.3,0,0,1,0,0,178,77,0
1-10,Healthcare,Event,3,10.1,4,0,2,1,0,54,7,0
201-500,Technology,Organic Search,6,11.1,0,0,0,0,0,12,74,0
501-1000,Technology,Event,5,7.9,1,1,2,0,0,112,37,0
11-50,Technology,Direct,6,7.9,3,1,3,1,0,3,50,1
11-50,Financial Services,Organic Search,3,2.6,2,0,2,1,0,35,36,0
501-1000,Manufacturing,Social Media,4,7.3,3,0,5,0,0,95,33,0
1-10,Healthcare,Social Media,8,5.1,3,1,0,1,0,67,56,0
51-200,Manufacturing,Event,5,3.5,2,1,2,0,1,9,28,1
51-200,Manufacturing,Organic Search,5,7.4,3,2,2,0,1,63,5,0
201-500,Retail,Direct,5,1.0,0,0,0,1,1,121,1,1
11-50,Retail,Direct,6,4.0,3,1,0,0,0,135,25,0
201-500,Financial Services,Social Media,1,8.2,3,0,1,0,0,135,19,0
11-50,Financial Services,Paid Ads,5,6.0,5,1,5,1,0,52,2,0
51-200,Manufacturing,Social Media,3,2.6,4,1,0,0,0,119,8,1
1-10,Manufacturing,Organic Search,8,1.0,3,0,1,0,0,59,78,0
51-200,Financial Services,Event,7,4.0,1,1,0,0,0,117,44,0
51-200,Financial Services,Organic Search,7,7.0,2,1,0,0,0,2,35,0
11-50,Retail,Paid Ads,3,6.9,5,2,1,0,0,74,82,0
1-10,Retail,Organic Search,5,2.4,2,1,2,0,1,57,52,0
11-50,Technology,Social Media,5,7.8,2,0,0,0,0,120,11,0
11-50,Healthcare,Referral,3,12.0,2,2,1,0,0,49,63,0
1-10,Professional Services,Social Media,4,7.4,2,1,2,0,0,54,63,0
1000+,Technology,Organic Search,8,6.8,3,1,2,0,0,98,24,0
51-200,Professional Services,Paid Ads,7,7.8,5,0,0,0,1,118,60,0
501-1000,Technology,Paid Ads,2,10.7,4,1,1,0,0,72,12,0
1000+,Manufacturing,Social Media,3,11.4,1,1,1,0,0,160,89,1
1-10,Healthcare,Organic Search,2,1.5,1,1,0,1,0,176,52,0
201-500,Technology,Social Media,9,3.3,4,0,2,0,0,109,25,0
501-1000,Education,Paid Ads,4,2.3,5,0,3,0,0,98,81,0
51-200,Healthcare,Direct,5,9.5,7,1,2,1,1,94,45,1
51-200,Education,Paid Ads,7,1.5,0,0,0,0,0,14,80,0
51-200,Financial Services,Organic Search,1,10.9,8,0,0,0,0,74,8,0
1-10,Professional Services,Organic Search,5,1.2,3,0,2,0,0,145,27,1
51-200,Education,Paid Ads,9,7.6,3,1,0,0,0,125,38,0
1000+,Manufacturing,Organic Search,6,4.0,3,2,0,0,0,10,23,0
1000+,Financial Services,Event,2,6.2,3,1,1,0,0,25,46,0
1-10,Retail,Social Media,3,5.9,2,1,1,1,0,150,31,0
201-500,Manufacturing,Organic Search,5,9.2,0,0,2,0,0,132,79,0
11-50,Education,Direct,3,6.5,1,1,3,0,0,73,22,0
1000+,Healthcare,Organic Search,1,5.6,5,0,1,0,0,169,17,0
1-10,Financial Services,Event,3,9.0,2,0,4,1,0,12,86,1
1000+,Technology,Organic Search,6,11.2,2,0,2,1,0,137,64,0
501-1000,Retail,Paid Ads,8,9.7,2,1,2,0,0,175,3,0
1-10,Education,Event,7,9.1,0,0,1,0,0,79,76,0
1-10,Technology,Paid Ads,2,6.4,3,3,2,0,0,89,17,0
501-1000,Retail,Organic Search,8,10.9,3,0,0,1,1,39,61,1
11-50,Education,Event,7,6.3,3,1,1,1,0,154,2,1
51-200,Technology,Social Media,5,11.2,6,0,1,0,0,130,23,1
1000+,Technology,Direct,3,9.8,2,1,2,0,0,76,76,0
51-200,Retail,Social Media,5,2.7,4,0,4,1,0,42,2,0
11-50,Retail,Organic Search,2,1.5,8,1,2,1,0,83,42,0
51-200,Technology,Social Media,8,9.1,1,0,2,0,0,81,35,0
1-10,Professional Services,Event,3,8.5,3,0,2,0,0,65,20,0
1000+,Manufacturing,Organic Search,7,7.6,1,0,1,0,0,151,10,0
11-50,Education,Organic Search,4,11.7,2,1,0,0,0,67,35,0
11-50,Professional Services,Social Media,8,7.0,3,0,1,1,0,21,32,0
11-50,Professional Services,Event,1,4.8,4,2,1,0,0,143,9,1
1000+,Manufacturing,Paid Ads,2,7.2,2,2,2,1,0,131,64,0
1-10,Financial Services,Social Media,8,1.3,4,1,0,0,0,6,9,0
501-1000,Manufacturing,Organic Search,7,7.4,1,1,1,0,0,125,34,0
201-500,Technology,Paid Ads,2,10.9,4,0,3,0,0,88,85,0
501-1000,Retail,Social Media,6,1.0,6,0,2,0,0,121,33,1
1000+,Technology,Organic Search,13,10.3,1,1,2,0,0,48,62,1
501-1000,Manufacturing,Paid Ads,4,9.8,4,1,1,0,0,32,41,0
1000+,Technology,Social Media,1,2.2,1,1,0,0,0,100,57,1
1-10,Financial Services,Paid Ads,5,10.3,5,0,2,1,0,10,70,1
201-500,Financial Services,Direct,5,9.4,1,0,3,0,0,39,42,0
51-200,Retail,Direct,2,6.4,1,0,1,0,0,8,58,0
51-200,Professional Services,Social Media,5,3.7,3,0,1,1,1,63,44,0
501-1000,Technology,Event,10,4.2,6,0,1,0,0,163,28,0
1000+,Professional Services,Direct,5,7.7,3,1,0,0,0,96,69,0
201-500,Professional Services,Social Media,4,3.7,4,0,1,1,0,133,35,0
51-200,Financial Services,Event,4,4.6,2,2,1,0,0,133,4,1
51-200,Retail,Organic Search,4,11.2,2,1,0,0,0,23,24,0
11-50,Healthcare,Event,7,9.0,6,3,3,0,0,170,60,0
11-50,Technology,Paid Ads,4,9.1,1,1,1,0,0,28,59,0
11-50,Manufacturing,Organic Search,7,11.5,5,2,2,0,0,44,49,0
1-10,Technology,Referral,3,1.1,4,0,3,0,0,118,40,0
1-10,Professional Services,Organic Search,6,3.7,1,1,1,0,1,87,27,0
201-500,Education,Organic Search,0,8.2,3,1,1,0,0,39,4,0
51-200,Professional Services,Social Media,6,5.8,4,0,1,0,0,63,19,0
1000+,Manufacturing,Organic Search,3,2.2,3,2,2,1,0,74,89,1
51-200,Manufacturing,Direct,5,9.6,3,0,1,1,0,109,77,0
1-10,Education,Direct,4,1.5,1,0,1,1,0,142,7,0
11-50,Financial Services,Social Media,7,7.0,5,0,1,0,0,66,83,0
11-50,Technology,Paid Ads,6,7.2,2,2,1,0,0,71,69,0
1000+,Manufacturing,Referral,3,8.0,3,1,3,0,1,18,8,1
11-50,Financial Services,Organic Search,5,4.5,2,1,1,0,1,171,37,0
51-200,Financial Services,Social Media,6,1.3,3,1,2,0,1,110,15,0
1000+,Technology,Paid Ads,7,10.8,2,0,1,0,0,47,64,0
1000+,Manufacturing,Referral,6,11.2,1,1,1,0,0,7,60,1
11-50,Financial Services,Organic Search,5,6.3,1,1,1,0,1,170,19,0
1-10,Technology,Direct,5,1.2,2,1,0,0,0,8,69,0
11-50,Technology,Organic Search,11,7.4,2,2,3,0,0,33,26,1
1-10,Healthcare,Paid Ads,7,4.5,4,0,1,0,0,159,44,0
11-50,Professional Services,Paid Ads,4,3.0,2,0,4,1,0,61,10,1
51-200,Financial Services,Referral,10,2.9,1,1,4,1,0,156,83,1
1000+,Retail,Direct,6,3.0,1,1,2,1,0,99,16,0
51-200,Professional Services,Organic Search,1,4.6,4,1,4,1,0,101,78,1
51-200,Financial Services,Organic Search,6,4.1,2,2,0,0,0,167,76,1
11-50,Professional Services,Organic Search,4,10.2,3,0,0,0,1,4,11,0
501-1000,Retail,Referral,3,6.4,2,1,4,0,1,63,10,1
51-200,Manufacturing,Social Media,6,5.7,3,1,2,1,0,62,12,0
501-1000,Technology,Event,6,2.6,2,1,1,0,0,132,75,0
1000+,Technology,Event,6,10.6,4,0,0,0,0,62,7,0
11-50,Education,Organic Search,2,1.6,2,1,1,1,0,158,54,0
1-10,Professional Services,Direct,5,3.6,5,1,1,0,0,130,78,0
11-50,Education,Event,3,7.8,2,0,1,0,0,163,26,0
51-200,Education,Social Media,4,8.7,0,0,3,0,0,146,50,0
1000+,Technology,Paid Ads,10,9.8,5,1,0,0,0,134,7,0
11-50,Professional Services,Social Media,5,5.5,4,1,1,0,0,64,84,0
201-500,Healthcare,Social Media,5,4.8,2,0,1,1,0,131,54,0
51-200,Professional Services,Paid Ads,5,4.2,2,2,2,0,0,76,65,0
11-50,Technology,Organic Search,1,7.2,3,1,4,1,0,62,22,1
11-50,Financial Services,Referral,5,4.8,5,2,2,0,1,41,65,1
201-500,Professional Services,Referral,7,4.6,6,1,3,0,0,161,56,0
201-500,Professional Services,Organic Search,6,1.2,5,0,2,0,0,131,11,0
51-200,Retail,Direct,5,11.4,7,0,3,0,0,9,51,0
11-50,Financial Services,Organic Search,6,1.7,2,0,0,1,0,63,9,0
201-500,Financial Services,Paid Ads,6,4.0,4,0,2,0,0,104,60,0
11-50,Education,Paid Ads,2,11.1,2,0,2,0,0,127,83,0
1000+,Healthcare,Social Media,4,9.1,5,0,0,0,0,55,77,0
11-50,Healthcare,Organic Search,3,7.4,1,0,2,1,0,127,43,1
1-10,Manufacturing,Social Media,1,8.3,1,0,1,0,0,49,79,0
51-200,Healthcare,Paid Ads,6,2.1,5,0,1,0,0,28,89,0
51-200,Manufacturing,Organic Search,6,9.9,7,2,3,0,0,16,41,1
51-200,Healthcare,Organic Search,1,3.8,3,1,0,0,0,159,29,1
51-200,Professional Services,Paid Ads,3,11.5,4,0,1,0,0,118,16,1
1000+,Education,Paid Ads,5,3.5,8,1,1,0,0,148,55,1
51-200,Education,Organic Search,8,7.9,4,1,2,0,0,96,34,0
51-200,Manufacturing,Referral,5,7.0,2,1,2,0,0,105,51,1
51-200,Healthcare,Referral,3,2.6,2,0,3,0,0,53,85,0
1-10,Retail,Direct,6,5.0,2,2,1,0,1,16,6,0
51-200,Professional Services,Social Media,3,9.6,1,0,0,0,0,129,26,0
11-50,Manufacturing,Organic Search,4,3.3,1,1,1,0,0,30,46,0
51-200,Retail,Referral,6,11.6,4,1,0,1,0,157,65,0
1-10,Retail,Organic Search,4,4.3,2,0,0,0,0,17,83,0
1000+,Retail,Referral,5,7.9,6,0,3,0,0,175,78,1
51-200,Retail,Paid Ads,5,7.8,3,1,1,0,0,83,40,0
501-1000,Financial Services,Direct,5,6.2,3,0,0,0,0,51,49,0
51-200,Manufacturing,Referral,3,8.2,2,0,1,0,0,48,42,0
1-10,Manufacturing,Event,6,9.2,5,1,3,0,0,122,9,0
501-1000,Technology,Referral,6,7.8,3,2,1,1,1,149,63,1
51-200,Professional Services,Paid Ads,6,7.2,6,1,1,0,0,86,73,0
201-500,Retail,Organic Search,6,7.7,3,0,2,0,0,79,70,0
51-200,Technology,Organic Search,8,5.4,3,0,3,1,0,158,32,0
51-200,Professional Services,Event,4,1.8,2,2,1,0,0,81,74,0
501-1000,Retail,Direct,7,2.8,6,1,0,0,0,60,19,0
51-200,Professional Services,Paid Ads,4,7.7,4,1,4,0,0,166,40,0
11-50,Healthcare,Referral,5,11.2,3,3,1,0,0,144,22,1
201-500,Professional Services,Paid Ads,6,1.3,3,2,2,0,0,104,39,1
201-500,Healthcare,Referral,7,7.0,4,3,1,0,0,2,83,1
1000+,Manufacturing,Direct,4,3.8,3,0,1,1,0,70,42,0
11-50,Technology,Organic Search,6,7.2,0,0,3,1,0,175,67,0
51-200,Retail,Paid Ads,7,9.2,4,0,2,0,0,177,87,1
501-1000,Retail,Social Media,4,9.1,3,0,1,1,0,121,13,0
51-200,Manufacturing,Paid Ads,1,9.0,2,1,0,0,0,83,83,0
201-500,Manufacturing,Organic Search,5,9.6,3,1,1,1,1,154,10,0
51-200,Professional Services,Paid Ads,5,1.8,2,1,2,0,0,104,56,0
11-50,Retail,Social Media,5,6.6,1,1,5,0,0,11,40,0
201-500,Financial Services,Direct,9,3.9,2,0,1,0,1,69,25,1
1-10,Education,Direct,7,11.1,2,2,1,0,0,58,57,1
11-50,Retail,Referral,5,9.6,4,1,1,1,0,120,81,1
51-200,Education,Event,5,2.2,3,0,4,0,0,40,6,1
201-500,Education,Referral,2,3.7,2,1,2,0,0,139,15,1
501-1000,Education,Referral,3,6.0,3,3,1,1,1,44,45,1
11-50,Professional Services,Organic Search,2,11.6,3,1,2,0,0,113,9,0
1-10,Retail,Paid Ads,0,2.2,4,0,1,0,0,54,28,0
1000+,Technology,Referral,7,7.2,1,1,0,1,0,45,37,1
11-50,Manufacturing,Direct,7,4.8,6,1,2,0,0,127,38,1
11-50,Professional Services,Social Media,4,8.1,4,2,3,0,0,169,61,0
11-50,Manufacturing,Direct,2,8.1,3,1,2,0,1,144,41,1
51-200,Professional Services,Paid Ads,6,3.6,2,1,5,0,0,92,4,1
501-1000,Technology,Organic Search,5,9.6,1,0,2,0,0,164,58,1
201-500,Healthcare,Direct,2,2.0,2,2,2,0,0,148,28,0
201-500,Manufacturing,Paid Ads,9,10.0,2,1,2,0,0,165,0,1
11-50,Healthcare,Referral,6,3.3,3,2,1,0,0,2,70,0
11-50,Technology,Organic Search,4,7.5,4,1,0,0,0,146,38,0
51-200,Technology,Direct,3,4.8,1,0,4,0,0,93,59,1
1-10,Professional Services,Organic Search,6,7.7,2,1,1,0,0,126,58,0
11-50,Manufacturing,Direct,3,3.9,1,1,3,0,0,168,7,0
11-50,Technology,Organic Search,1,7.3,2,2,1,1,1,94,74,0
1-10,Technology,Organic Search,6,1.1,6,0,2,0,0,124,18,0
51-200,Manufacturing,Event,8,5.1,3,2,1,1,1,176,67,0
201-500,Technology,Paid Ads,6,10.1,3,1,2,0,0,21,65,0
1-10,Retail,Paid Ads,4,6.1,3,0,2,0,0,133,11,0
51-200,Professional Services,Referral,3,6.5,4,2,1,0,0,128,10,0
201-500,Financial Services,Paid Ads,6,7.8,1,1,2,0,1,35,76,0
201-500,Manufacturing,Paid Ads,6,5.8,2,0,2,0,0,3,0,0
501-1000,Technology,Organic Search,1,10.5,4,0,1,0,0,114,19,0
51-200,Financial Services,Referral,4,5.4,2,2,0,0,0,66,89,0
501-1000,Professional Services,Organic Search,4,11.4,1,1,0,1,0,57,9,0
11-50,Manufacturing,Event,3,10.6,5,0,1,0,0,43,55,0
11-50,Professional Services,Event,6,5.6,2,0,0,1,0,98,33,0
11-50,Financial Services,Paid Ads,3,5.0,4,1,0,1,0,46,38,0
51-200,Financial Services,Referral,2,8.4,4,0,3,0,1,14,11,1
11-50,Manufacturing,Referral,4,9.3,3,0,4,0,1,8,53,1
11-50,Manufacturing,Social Media,3,3.0,3,1,4,0,1,47,30,0
201-500,Education,Paid Ads,2,3.7,1,0,2,0,0,111,60,1
11-50,Technology,Social Media,6,2.6,4,2,2,0,0,95,71,0
11-50,Professional Services,Organic Search,7,9.4,3,3,2,0,0,133,44,1
1-10,Professional Services,Referral,7,8.9,1,1,0,0,1,108,1,0
51-200,Manufacturing,Organic Search,6,3.1,2,1,0,0,0,53,59,0
11-50,Financial Services,Direct,5,6.9,1,1,1,1,0,165,44,0
11-50,Manufacturing,Paid Ads,2,9.4,6,0,0,0,0,106,63,0
11-50,Financial Services,Social Media,6,11.4,2,1,0,0,0,111,71,0
201-500,Professional Services,Referral,3,3.0,3,2,0,0,0,90,16,0
1000+,Manufacturing,Organic Search,3,4.3,4,3,2,1,0,76,9,1
51-200,Education,Organic Search,4,4.8,1,0,2,1,0,178,38,0
51-200,Retail,Paid Ads,3,7.9,1,0,1,0,0,70,81,0
501-1000,Manufacturing,Social Media,8,2.5,5,1,0,0,0,146,27,0
1000+,Retail,Social Media,7,3.1,4,0,0,0,0,16,38,0
51-200,Manufacturing,Organic Search,11,9.6,3,2,2,0,1,170,71,1
501-1000,Education,Referral,1,7.0,0,0,0,0,1,136,72,1
1000+,Technology,Paid Ads,9,2.8,6,1,1,1,0,148,69,0
201-500,Education,Referral,4,5.3,4,2,1,0,0,58,84,0
51-200,Professional Services,Paid Ads,3,2.5,2,1,1,0,0,118,72,0
1-10,Professional Services,Direct,4,5.0,5,0,0,0,0,136,14,0
1-10,Manufacturing,Referral,1,5.4,2,2,1,1,0,13,39,0
51-200,Professional Services,Paid Ads,6,2.2,2,2,2,1,0,117,70,0
51-200,Financial Services,Social Media,5,1.7,3,2,0,0,0,154,51,0
51-200,Professional Services,Event,4,10.7,1,1,2,0,0,152,13,0
51-200,Technology,Paid Ads,2,10.8,5,1,0,0,1,137,63,1
51-200,Financial Services,Organic Search,3,1.0,2,2,1,1,0,160,15,1
501-1000,Healthcare,Organic Search,10,8.1,1,1,0,0,0,51,28,0
1-10,Financial Services,Paid Ads,2,2.0,1,1,2,0,0,124,87,1
11-50,Healthcare,Social Media,3,9.9,6,1,0,0,0,49,87,1
201-500,Professional Services,Social Media,5,10.7,4,0,0,0,0,155,2,0
501-1000,Financial Services,Paid Ads,5,7.8,2,1,2,0,0,94,34,1
1000+,Retail,Organic Search,6,7.7,3,3,2,0,0,149,28,0
501-1000,Technology,Social Media,9,5.1,3,0,3,1,0,51,48,1
501-1000,Professional Services,Referral,3,3.7,1,1,0,1,0,55,74,0
11-50,Professional Services,Event,4,6.5,5,0,0,0,0,174,74,0
51-200,Healthcare,Social Media,3,2.5,4,0,2,0,1,162,12,0
11-50,Retail,Organic Search,4,8.4,4,2,2,0,0,35,67,0
51-200,Education,Social Media,5,6.2,2,0,1,0,1,70,2,0
1000+,Professional Services,Referral,7,3.0,5,0,1,0,0,28,45,0
11-50,Healthcare,Referral,8,7.5,4,1,0,0,0,114,51,1
51-200,Manufacturing,Paid Ads,4,9.7,2,0,1,0,0,8,36,0
11-50,Professional Services,Event,5,7.5,2,2,0,1,0,5,79,0
11-50,Financial Services,Organic Search,3,6.8,3,2,2,0,1,99,57,0
11-50,Professional Services,Organic Search,5,10.3,2,0,2,0,0,161,87,0
1-10,Financial Services,Organic Search,4,1.1,2,0,3,0,0,133,39,0
1000+,Professional Services,Event,4,7.8,2,0,3,1,1,125,36,1
51-200,Technology,Social Media,3,5.5,1,1,1,0,1,105,53,0
501-1000,Technology,Paid Ads,3,3.1,3,0,3,0,0,33,21,0
201-500,Education,Organic Search,7,11.8,2,1,0,0,0,38,71,0
11-50,Professional Services,Organic Search,4,5.4,1,1,2,0,0,111,27,0
11-50,Professional Services,Social Media,6,4.7,1,0,0,0,0,166,10,1
501-1000,Education,Referral,4,2.9,4,2,3,0,0,9,42,1
11-50,Healthcare,Social Media,5,12.0,3,0,1,0,0,68,62,0
1000+,Financial Services,Social Media,5,10.4,2,1,2,0,0,34,48,1
1-10,Technology,Event,6,1.8,1,1,2,0,1,26,4,1
201-500,Manufacturing,Paid Ads,6,7.2,3,1,4,0,0,64,1,0
501-1000,Financial Services,Event,3,2.6,6,0,0,1,0,35,66,1
11-50,Education,Paid Ads,4,8.9,6,1,0,0,1,44,89,1
11-50,Technology,Social Media,6,6.3,3,0,1,1,0,79,18,0
1000+,Technology,Referral,3,2.2,3,3,3,0,0,134,86,0
11-50,Financial Services,Direct,5,7.1,1,1,3,0,1,98,44,1
51-200,Technology,Paid Ads,4,11.0,2,2,1,0,1,98,12,1
51-200,Financial Services,Social Media,5,4.8,2,0,1,1,0,108,24,0
11-50,Retail,Referral,6,1.6,1,1,3,0,0,41,86,0
201-500,Financial Services,Direct,5,11.4,9,1,1,0,0,14,28,1
201-500,Retail,Organic Search,7,2.6,5,2,2,0,0,6,75,1
11-50,Professional Services,Referral,7,6.2,2,1,0,0,0,156,56,0
501-1000,Retail,Organic Search,5,7.0,1,1,5,0,0,157,72,0
11-50,Retail,Direct,4,3.6,2,2,1,0,0,61,38,0
1-10,Healthcare,Event,4,3.0,3,2,3,0,0,141,10,0
51-200,Technology,Social Media,8,2.2,5,1,2,0,1,47,43,1
1000+,Financial Services,Referral,2,1.8,5,3,1,0,0,55,85,0
1-10,Education,Social Media,6,6.6,2,0,1,1,0,124,89,0
11-50,Retail,Referral,7,10.3,3,2,2,0,0,166,36,0
51-200,Financial Services,Paid Ads,2,2.4,2,2,1,0,0,110,10,0
501-1000,Healthcare,Event,3,8.7,3,0,2,0,0,172,19,0
1-10,Professional Services,Referral,5,5.5,2,0,2,0,1,178,34,1
11-50,Retail,Paid Ads,5,1.4,7,0,2,0,0,6,88,0
201-500,Manufacturing,Social Media,5,6.9,7,1,0,1,0,74,47,0
11-50,Professional Services,Organic Search,6,3.8,5,1,1,0,0,85,44,0
11-50,Retail,Social Media,8,7.7,5,1,1,0,0,33,73,0
11-50,Retail,Referral,4,4.8,4,0,2,0,0,39,15,0
51-200,Technology,Social Media,2,8.3,4,1,1,0,0,175,25,0
51-200,Technology,Organic Search,4,11.1,3,1,1,0,1,33,67,1
501-1000,Education,Social Media,2,3.7,4,1,2,1,0,87,35,1
51-200,Manufacturing,Social Media,3,11.3,3,0,3,0,0,87,53,1
201-500,Healthcare,Social Media,3,3.2,2,1,1,0,0,119,73,0
1000+,Manufacturing,Referral,3,1.8,3,1,2,1,0,99,66,0
51-200,Technology,Social Media,3,3.1,3,1,1,0,0,8,47,1
51-200,Professional Services,Referral,6,10.0,3,2,1,0,0,81,6,0
1000+,Financial Services,Organic Search,5,8.5,4,0,2,0,1,61,77,0
11-50,Professional Services,Organic Search,8,11.7,0,0,0,0,0,23,7,1
201-500,Manufacturing,Paid Ads,10,8.8,3,1,1,0,1,177,5,1
201-500,Financial Services,Event,8,5.5,2,2,0,0,0,97,19,0
1-10,Technology,Paid Ads,5,10.8,3,1,3,0,0,173,25,1
51-200,Professional Services,Social Media,6,11.5,4,0,0,1,0,164,71,1
11-50,Technology,Social Media,6,9.7,0,0,0,0,1,177,50,1
11-50,Technology,Paid Ads,7,7.1,2,1,1,0,0,43,83,1
51-200,Professional Services,Organic Search,6,10.1,7,0,0,0,0,148,10,0
11-50,Healthcare,Paid Ads,6,3.0,1,0,2,0,0,8,87,0
201-500,Healthcare,Paid Ads,5,10.9,2,0,1,0,0,90,43,0
1000+,Financial Services,Organic Search,5,12.0,3,2,2,0,0,156,53,0
501-1000,Professional Services,Event,3,8.3,1,1,1,0,0,103,1,0
11-50,Financial Services,Direct,6,3.2,2,1,1,0,0,37,65,0
11-50,Financial Services,Organic Search,10,2.6,4,0,1,0,0,14,45,0
11-50,Financial Services,Organic Search,4,11.6,2,1,0,0,0,83,67,0
1-10,Financial Services,Social Media,2,10.6,2,1,0,1,0,142,82,0
1000+,Financial Services,Direct,7,9.2,2,1,2,0,0,165,19,1
51-200,Technology,Direct,6,11.4,1,1,3,1,0,135,85,0
11-50,Technology,Direct,5,6.5,5,0,2,0,0,80,43,0
501-1000,Healthcare,Paid Ads,6,10.8,3,1,1,0,1,127,28,1
11-50,Professional Services,Direct,4,2.8,3,0,1,0,0,141,63,0
1-10,Technology,Paid Ads,8,3.0,3,2,0,0,0,69,0,1
11-50,Financial Services,Organic Search,4,6.6,4,1,1,0,0,48,61,1
51-200,Education,Social Media,5,4.7,6,1,0,0,0,48,82,0
201-500,Professional Services,Referral,8,5.8,3,1,0,0,0,134,18,1
11-50,Retail,Event,6,9.8,1,1,3,0,1,145,51,0
1000+,Financial Services,Social Media,5,1.6,3,1,1,0,0,35,70,0
501-1000,Healthcare,Event,3,8.9,5,1,2,0,0,175,52,0
501-1000,Financial Services,Paid Ads,4,2.0,1,1,1,0,0,4,83,0
11-50,Technology,Paid Ads,9,10.3,4,0,2,0,1,76,73,0
1-10,Healthcare,Event,8,3.2,4,2,1,0,0,87,24,0
501-1000,Manufacturing,Referral,7,9.1,4,1,0,0,0,10,35,0
11-50,Healthcare,Organic Search,3,7.5,1,0,1,0,1,130,60,0
51-200,Retail,Paid Ads,11,5.2,3,0,2,0,0,162,37,0
201-500,Financial Services,Event,8,3.9,3,1,0,0,0,43,35,0
1-10,Financial Services,Direct,3,1.6,2,2,1,1,1,124,76,1
201-500,Professional Services,Event,8,4.9,3,0,0,0,0,171,10,1
1000+,Professional Services,Social Media,7,3.2,7,1,1,0,0,121,44,0
201-500,Financial Services,Event,1,2.5,3,0,2,0,1,81,34,0
51-200,Manufacturing,Organic Search,4,9.1,2,0,0,1,0,170,66,0
501-1000,Financial Services,Referral,6,3.3,1,1,0,0,0,72,88,0
51-200,Technology,Referral,8,3.5,5,0,0,0,0,121,81,0
201-500,Retail,Direct,8,4.7,4,2,1,1,0,138,31,0
501-1000,Technology,Organic Search,8,6.1,3,0,0,0,0,111,35,0
201-500,Healthcare,Direct,8,6.7,4,0,1,1,0,57,11,1
11-50,Manufacturing,Social Media,9,8.3,2,0,2,0,0,128,80,0
1-10,Technology,Organic Search,5,7.5,1,0,1,0,0,56,27,1
11-50,Technology,Referral,3,6.3,2,0,1,0,0,87,29,0
51-200,Financial Services,Organic Search,4,5.3,2,2,2,0,0,98,34,0
51-200,Education,Social Media,10,3.9,2,0,2,0,1,52,83,1
51-200,Retail,Referral,5,8.8,1,1,0,0,0,138,89,0
11-50,Healthcare,Event,4,4.5,2,2,1,0,0,46,27,0
201-500,Technology,Referral,3,10.3,3,2,1,0,0,29,58,1
1000+,Retail,Event,4,7.4,2,1,3,1,0,130,21,0
11-50,Technology,Paid Ads,5,8.0,0,0,2,1,0,158,41,0
201-500,Manufacturing,Direct,9,6.6,2,1,2,0,0,44,64,0
201-500,Professional Services,Direct,3,11.2,4,1,1,0,0,93,45,1
51-200,Healthcare,Social Media,3,5.6,4,0,5,0,0,167,82,0
11-50,Financial Services,Paid Ads,6,5.7,2,0,2,0,0,67,45,0
201-500,Technology,Direct,11,10.8,7,1,2,1,1,73,69,0
1000+,Technology,Event,7,7.7,1,1,2,1,0,125,41,0
201-500,Healthcare,Direct,6,5.9,3,3,3,0,1,114,66,1
1000+,Professional Services,Organic Search,10,3.9,0,0,0,0,0,23,74,0
1000+,Financial Services,Event,8,3.7,3,1,2,1,0,8,87,0
11-50,Manufacturing,Organic Search,5,9.8,2,1,1,1,0,66,30,0
51-200,Retail,Referral,6,4.1,3,3,2,1,0,81,50,0
51-200,Technology,Social Media,8,1.1,4,4,4,0,0,110,63,0
1000+,Technology,Paid Ads,9,1.2,2,0,0,0,0,72,79,0
1-10,Financial Services,Organic Search,4,11.8,3,0,3,1,0,24,9,1
51-200,Retail,Referral,3,7.2,2,2,2,0,0,136,3,1
501-1000,Healthcare,Paid Ads,4,6.4,2,1,1,0,0,78,7,0
11-50,Retail,Social Media,6,11.1,2,0,0,0,0,10,11,0
201-500,Professional Services,Organic Search,6,4.9,4,2,1,0,1,107,24,0
11-50,Professional Services,Paid Ads,5,9.7,5,2,0,1,0,73,24,0
1000+,Education,Referral,1,8.9,4,1,2,1,0,96,9,0
501-1000,Professional Services,Direct,6,6.2,5,1,0,1,0,154,85,0
11-50,Professional Services,Referral,4,9.5,2,1,1,0,0,35,73,0
201-500,Professional Services,Paid Ads,2,11.6,4,2,1,1,0,120,17,0
11-50,Retail,Direct,6,3.2,1,1,1,0,0,22,35,0
51-200,Professional Services,Direct,13,1.2,2,0,0,0,0,140,34,0
201-500,Education,Social Media,6,10.0,4,2,2,0,0,66,76,0
501-1000,Manufacturing,Referral,3,5.4,3,2,0,1,0,137,3,0
1-10,Retail,Paid Ads,7,7.0,7,2,1,1,1,8,77,0
11-50,Manufacturing,Social Media,6,3.4,0,0,1,1,0,119,7,0
201-500,Professional Services,Event,6,10.3,4,0,2,1,0,45,47,1
51-200,Healthcare,Direct,4,8.9,1,1,2,0,0,71,52,0
51-200,Professional Services,Organic Search,9,11.5,4,0,1,1,0,42,18,1
1-10,Professional Services,Paid Ads,4,6.2,2,0,2,0,0,72,8,0
11-50,Education,Direct,2,11.7,3,2,3,1,0,142,38,0
501-1000,Financial Services,Direct,2,6.6,1,1,2,1,0,10,80,1
1-10,Retail,Social Media,6,7.8,3,0,1,0,0,108,50,0
11-50,Professional Services,Organic Search,2,8.4,2,1,3,0,0,35,79,0
1000+,Education,Social Media,3,6.4,1,1,1,0,0,72,31,0
1-10,Education,Referral,5,7.2,0,0,1,1,0,100,55,0
201-500,Manufacturing,Paid Ads,4,3.5,1,1,1,0,1,18,78,1
11-50,Manufacturing,Paid Ads,11,5.0,3,1,1,0,0,161,35,1
501-1000,Technology,Paid Ads,5,8.7,1,1,0,1,0,122,88,0
201-500,Education,Referral,4,1.4,2,0,1,0,0,110,79,0
501-1000,Financial Services,Organic Search,4,8.7,0,0,1,0,1,167,53,0
11-50,Retail,Referral,7,4.3,8,0,0,1,0,70,43,1
51-200,Professional Services,Organic Search,3,4.0,1,1,5,0,0,26,15,0
201-500,Healthcare,Paid Ads,9,8.6,1,0,0,0,1,149,17,1
11-50,Financial Services,Direct,2,3.4,1,0,3,0,0,114,79,1
11-50,Technology,Social Media,8,11.6,2,0,5,0,1,81,31,0
1-10,Professional Services,Organic Search,3,11.9,5,1,2,0,0,16,83,0
1000+,Manufacturing,Social Media,6,6.0,2,2,3,0,0,47,32,0
201-500,Technology,Organic Search,5,5.4,2,2,0,1,0,105,22,1
51-200,Retail,Referral,4,1.9,3,1,4,0,0,15,52,0
201-500,Financial Services,Paid Ads,8,9.6,4,3,2,1,0,99,27,1
51-200,Professional Services,Direct,4,2.8,5,0,0,0,0,149,36,0
51-200,Financial Services,Organic Search,6,11.3,5,0,1,0,0,81,41,1
51-200,Financial Services,Direct,4,11.9,4,0,1,0,0,111,73,0
51-200,Technology,Social Media,1,2.3,0,0,2,0,1,39,75,0
11-50,Manufacturing,Paid Ads,4,8.5,3,1,0,0,0,104,56,0
501-1000,Healthcare,Direct,7,6.1,1,0,0,0,0,33,84,0
501-1000,Professional Services,Paid Ads,7,7.0,2,1,4,0,0,129,22,1
11-50,Healthcare,Social Media,6,3.0,7,0,0,1,1,96,58,0
51-200,Financial Services,Event,6,9.0,4,1,1,0,1,109,36,1
1-10,Financial Services,Paid Ads,8,2.8,2,0,0,1,1,58,37,0
1000+,Financial Services,Organic Search,3,10.7,3,1,1,0,0,63,65,0
1000+,Education,Direct,7,6.0,6,1,1,0,0,118,30,0
1000+,Technology,Organic Search,3,8.0,3,2,0,0,0,111,21,1
11-50,Education,Direct,10,11.1,1,0,0,0,0,124,43,0
11-50,Financial Services,Paid Ads,3,9.1,2,2,1,0,0,26,8,0
11-50,Technology,Paid Ads,1,6.9,4,0,1,0,0,34,50,0
1-10,Financial Services,Paid Ads,5,5.4,1,1,2,1,0,54,64,0
1-10,Technology,Referral,8,6.1,2,1,4,0,0,70,13,1
1-10,Professional Services,Direct,6,4.8,2,2,5,0,0,97,36,1
1000+,Manufacturing,Organic Search,4,11.4,5,1,3,0,0,94,25,1
1-10,Financial Services,Social Media,4,3.8,0,0,1,1,0,13,11,0
1-10,Retail,Paid Ads,10,5.5,3,1,1,1,0,7,11,0
501-1000,Retail,Organic Search,3,9.6,3,0,1,0,0,148,43,0
51-200,Education,Paid Ads,12,5.0,3,0,0,0,0,104,49,0
201-500,Education,Referral,4,10.8,2,1,3,1,0,8,50,0
51-200,Retail,Social Media,5,3.7,2,2,2,0,0,153,5,1
501-1000,Professional Services,Paid Ads,8,1.3,3,1,1,0,0,67,2,0
51-200,Professional Services,Direct,3,7.9,3,2,2,1,0,119,10,0
51-200,Manufacturing,Paid Ads,9,6.6,0,0,2,0,0,82,71,0
201-500,Retail,Event,7,11.3,4,2,1,1,0,35,57,0
51-200,Technology,Organic Search,2,5.7,3,1,4,0,0,122,44,0
11-50,Professional Services,Social Media,7,2.5,0,0,0,0,0,66,2,0
51-200,Education,Paid Ads,2,4.6,3,2,3,0,0,28,2,0
11-50,Technology,Referral,4,5.3,4,0,2,0,0,40,35,0
201-500,Professional Services,Event,6,7.4,2,2,2,1,0,148,77,0
11-50,Education,Social Media,12,4.0,5,1,0,0,0,94,9,0
11-50,Financial Services,Paid Ads,6,7.1,4,0,0,1,0,77,52,0
11-50,Manufacturing,Social Media,4,11.0,3,3,0,0,0,140,51,1
501-1000,Education,Paid Ads,1,5.7,1,1,1,1,0,45,86,0
11-50,Education,Organic Search,5,8.2,5,1,1,0,1,27,26,0
201-500,Technology,Social Media,3,3.5,3,3,1,0,1,18,25,0
501-1000,Financial Services,Direct,3,9.8,6,1,0,0,0,19,54,0
1-10,Retail,Organic Search,6,4.0,5,1,2,0,0,166,37,0
201-500,Financial Services,Social Media,5,7.4,3,2,0,0,0,162,15,0
11-50,Financial Services,Event,8,4.3,3,1,5,1,0,73,59,0
11-50,Technology,Referral,9,1.7,3,3,2,1,0,85,86,0
201-500,Technology,Referral,6,4.5,1,1,1,0,0,69,82,0
1000+,Manufacturing,Organic Search,5,3.3,0,0,5,0,1,99,9,1
11-50,Retail,Organic Search,3,10.8,4,0,1,0,0,33,71,0
51-200,Retail,Paid Ads,6,3.9,5,1,5,1,1,119,63,1
11-50,Professional Services,Social Media,3,11.7,1,1,1,0,1,91,57,0
51-200,Healthcare,Paid Ads,6,6.4,2,0,2,0,0,164,41,0
51-200,Financial Services,Referral,10,3.4,2,1,2,0,0,58,71,0
51-200,Technology,Referral,4,5.3,3,0,1,1,0,137,51,1
51-200,Financial Services,Organic Search,4,3.0,0,0,2,0,0,30,8,0
1-10,Financial Services,Social Media,1,10.2,3,0,2,0,1,17,11,1
201-500,Technology,Social Media,3,2.3,3,2,3,0,1,135,65,0
201-500,Technology,Referral,5,10.6,0,0,1,1,0,160,36,1
201-500,Technology,Referral,4,1.5,4,0,1,0,0,161,52,0
1-10,Retail,Paid Ads,6,4.3,2,1,1,1,0,11,72,0
51-200,Retail,Referral,7,2.5,3,0,4,1,0,64,24,0
51-200,Education,Event,3,8.5,2,0,1,0,0,85,80,0
1-10,Professional Services,Social Media,1,6.6,3,2,1,0,0,52,21,0
11-50,Manufacturing,Social Media,3,11.3,3,0,0,1,0,54,40,0
51-200,Technology,Organic Search,7,5.0,0,0,1,0,0,67,25,0
201-500,Manufacturing,Event,4,1.4,3,2,0,0,0,5,62,0
11-50,Technology,Paid Ads,2,9.4,3,1,1,0,0,166,11,0
501-1000,Healthcare,Organic Search,1,7.4,5,1,0,1,0,54,30,0
51-200,Healthcare,Organic Search,9,10.1,4,1,6,0,0,105,24,1
201-500,Healthcare,Event,2,5.7,3,1,0,0,0,142,64,0
51-200,Financial Services,Social Media,3,9.1,4,0,4,0,0,30,6,0
51-200,Retail,Event,8,2.9,4,0,0,0,1,37,58,0
51-200,Professional Services,Referral,3,12.0,6,1,1,0,0,114,60,0
1000+,Professional Services,Direct,4,2.9,0,0,4,0,0,178,65,1
51-200,Retail,Referral,4,10.1,0,0,2,1,0,72,46,0
51-200,Manufacturing,Social Media,6,3.3,2,2,2,1,0,164,58,1
51-200,Technology,Organic Search,6,9.6,3,1,1,0,0,4,11,0
201-500,Retail,Social Media,3,10.5,8,3,1,0,0,132,49,1
1-10,Manufacturing,Referral,5,10.6,6,0,1,0,1,174,62,1
51-200,Financial Services,Organic Search,3,6.2,2,1,1,0,0,134,22,1
51-200,Financial Services,Organic Search,3,5.7,4,1,2,0,0,21,16,0
1000+,Education,Paid Ads,6,10.2,6,0,0,0,0,3,26,1
51-200,Retail,Organic Search,8,7.4,1,1,0,0,0,75,44,1
51-200,Manufacturing,Social Media,4,7.8,2,2,0,0,0,101,4,1
1000+,Retail,Referral,3,3.6,2,2,2,0,0,118,82,0
51-200,Healthcare,Direct,9,5.9,4,1,2,0,1,167,58,0
11-50,Manufacturing,Referral,5,5.1,4,2,1,0,0,105,68,0
11-50,Financial Services,Social Media,10,8.3,2,0,0,0,0,48,76,1
1-10,Healthcare,Social Media,5,3.2,2,0,0,0,0,1,52,0
1-10,Retail,Social Media,4,5.5,3,1,2,0,0,167,69,0
51-200,Technology,Paid Ads,6,10.3,4,1,2,0,0,109,52,0
201-500,Professional Services,Paid Ads,6,7.0,7,0,3,0,0,122,69,1
201-500,Financial Services,Organic Search,5,10.9,5,2,2,0,0,131,5,0
1-10,Retail,Social Media,9,3.6,2,0,4,0,1,144,74,0
51-200,Retail,Paid Ads,2,5.8,4,0,2,0,0,153,38,0
11-50,Retail,Referral,4,6.5,2,0,1,0,0,156,42,0
1000+,Retail,Direct,5,5.4,4,0,2,0,0,33,27,0
11-50,Education,Social Media,12,8.5,2,0,3,0,0,54,36,0
51-200,Manufacturing,Paid Ads,7,2.6,2,1,0,0,0,7,42,0
11-50,Retail,Referral,2,6.7,6,2,2,0,0,22,33,1
51-200,Retail,Social Media,8,2.5,1,1,3,0,0,170,85,0
51-200,Financial Services,Direct,6,7.9,1,1,4,0,0,76,46,0
201-500,Financial Services,Event,5,10.1,3,1,0,0,0,122,70,0
11-50,Healthcare,Paid Ads,9,1.2,2,1,1,1,0,102,86,0
1000+,Financial Services,Direct,3,6.0,2,2,1,0,1,82,54,0
51-200,Healthcare,Organic Search,6,6.4,6,1,3,0,0,30,30,0
201-500,Healthcare,Paid Ads,2,8.9,3,0,1,0,0,130,63,0
501-1000,Retail,Organic Search,5,1.8,4,1,2,0,1,135,0,1
1000+,Financial Services,Paid Ads,5,5.5,5,3,1,1,0,29,65,1
11-50,Professional Services,Paid Ads,5,9.6,9,1,1,0,0,58,0,1
11-50,Healthcare,Organic Search,3,6.9,4,1,1,0,0,172,41,0
11-50,Retail,Organic Search,4,9.2,2,1,1,0,1,153,24,1
11-50,Technology,Organic Search,6,5.0,2,0,1,1,0,118,77,0
51-200,Healthcare,Direct,7,11.1,2,1,1,1,1,172,58,1
1000+,Technology,Social Media,2,1.9,4,1,1,0,1,157,55,1
1000+,Retail,Social Media,4,2.0,1,0,2,0,1,111,58,0
51-200,Financial Services,Event,5,6.8,1,0,1,0,0,100,66,1
51-200,Education,Social Media,4,6.2,2,1,1,1,0,117,14,1
501-1000,Financial Services,Organic Search,8,8.0,4,1,1,0,1,144,0,1
1000+,Manufacturing,Direct,3,3.5,1,1,3,0,0,172,83,1
11-50,Financial Services,Paid Ads,6,3.5,0,0,1,1,0,59,48,0
51-200,Retail,Referral,3,9.2,2,1,1,0,0,54,60,0
501-1000,Healthcare,Direct,9,4.2,3,3,0,1,0,24,32,1
11-50,Healthcare,Organic Search,6,9.0,3,2,1,1,0,2,76,1
51-200,Financial Services,Paid Ads,6,8.0,1,1,1,1,1,64,4,1
1000+,Technology,Direct,6,1.9,3,0,0,0,0,45,39,0
1000+,Technology,Referral,5,8.8,4,2,0,0,0,161,58,0
1000+,Education,Paid Ads,8,10.7,2,0,0,0,0,88,41,0
201-500,Healthcare,Direct,5,10.0,1,1,1,1,0,125,83,0
11-50,Technology,Direct,3,1.1,2,2,0,0,0,38,0,0
11-50,Education,Direct,4,6.9,1,1,0,1,0,82,65,0
51-200,Technology,Organic Search,2,11.0,0,0,3,1,0,145,79,0
51-200,Healthcare,Event,2,7.6,2,1,2,0,1,43,7,1
51-200,Retail,Social Media,3,4.2,5,0,1,1,1,71,57,1
51-200,Education,Social Media,8,3.1,0,0,0,0,0,108,5,0
51-200,Retail,Organic Search,5,8.5,0,0,2,1,0,36,56,0
201-500,Healthcare,Referral,7,9.5,3,1,1,1,0,107,31,1
11-50,Education,Organic Search,2,11.0,5,1,3,0,0,111,74,0
11-50,Technology,Direct,4,11.0,6,1,1,0,0,96,21,0
1-10,Education,Referral,6,4.7,2,2,1,0,0,30,33,0
11-50,Professional Services,Social Media,6,7.6,3,0,1,1,0,133,2,1
501-1000,Education,Organic Search,4,2.1,2,1,1,0,1,150,66,0
51-200,Financial Services,Paid Ads,3,2.0,1,0,0,0,0,44,3,0
11-50,Technology,Referral,5,1.8,2,1,4,0,1,20,60,1
201-500,Retail,Event,2,11.2,1,1,4,0,0,92,31,1
51-200,Manufacturing,Social Media,7,2.7,1,1,3,1,1,32,84,0
1-10,Manufacturing,Organic Search,6,6.3,0,0,0,0,0,56,12,1
11-50,Education,Referral,5,5.8,3,0,1,0,0,118,57,1
11-50,Retail,Paid Ads,10,4.6,3,1,0,1,0,37,17,0
201-500,Financial Services,Referral,3,6.9,2,0,2,0,0,66,4,1
11-50,Healthcare,Referral,5,1.0,1,0,2,0,1,60,78,0
1-10,Technology,Organic Search,6,5.2,2,0,2,0,0,129,79,0
1-10,Technology,Organic Search,4,6.3,1,0,1,1,0,144,89,1
51-200,Technology,Social Media,7,9.8,2,0,1,1,0,157,16,1
1-10,Professional Services,Referral,4,8.7,4,2,2,0,1,21,72,1
501-1000,Retail,Organic Search,5,10.3,1,1,2,0,0,138,44,0
11-50,Manufacturing,Referral,6,5.1,2,2,3,0,0,50,20,0
51-200,Healthcare,Referral,3,2.5,2,0,1,0,0,161,35,0
51-200,Retail,Organic Search,3,5.4,2,1,1,0,0,96,15,1
51-200,Professional Services,Organic Search,4,11.6,2,1,2,0,0,165,55,0
1-10,Professional Services,Paid Ads,8,3.4,3,2,1,0,0,72,52,0
501-1000,Manufacturing,Event,8,2.9,5,0,1,1,0,58,15,1
501-1000,Professional Services,Organic Search,6,11.4,3,3,2,0,0,149,70,0
1-10,Manufacturing,Direct,6,11.4,4,1,0,0,0,64,50,0
11-50,Manufacturing,Referral,4,2.6,2,0,2,1,1,140,59,1
1000+,Professional Services,Event,2,9.5,3,1,2,0,0,10,12,1
51-200,Healthcare,Direct,5,5.7,2,1,2,0,1,122,72,1
11-50,Healthcare,Paid Ads,4,6.4,7,1,2,0,0,163,32,0
11-50,Financial Services,Referral,3,6.5,8,0,0,1,0,51,43,0
201-500,Manufacturing,Paid Ads,3,11.7,1,1,1,0,0,177,14,0
201-500,Manufacturing,Organic Search,5,3.0,2,1,5,1,1,4,88,1
51-200,Retail,Event,5,9.5,1,0,4,0,0,23,46,0
1000+,Healthcare,Organic Search,8,1.1,2,0,0,0,0,57,70,0
51-200,Financial Services,Direct,4,7.9,3,0,1,0,0,57,54,0
11-50,Professional Services,Event,4,8.2,5,0,2,1,0,108,4,0
51-200,Financial Services,Social Media,4,9.3,3,0,1,0,1,156,62,0
11-50,Education,Referral,8,11.2,4,0,0,0,0,19,32,0
11-50,Financial Services,Event,4,9.3,4,1,0,0,0,135,53,1
1-10,Manufacturing,Organic Search,7,9.1,3,2,0,0,0,148,50,0
11-50,Manufacturing,Social Media,9,3.8,3,1,1,0,0,105,70,0
201-500,Professional Services,Organic Search,4,11.9,8,0,2,0,1,177,20,1
1-10,Technology,Organic Search,8,6.2,2,2,2,0,0,18,87,1
51-200,Education,Paid Ads,7,5.6,5,2,2,0,1,133,36,1
51-200,Manufacturing,Paid Ads,3,6.5,2,0,3,0,0,75,64,0
51-200,Manufacturing,Organic Search,4,5.3,3,3,1,1,0,75,56,0
201-500,Manufacturing,Social Media,4,7.5,6,0,3,0,0,108,50,0
501-1000,Technology,Referral,3,4.8,4,2,0,0,0,143,49,1
201-500,Manufacturing,Direct,3,3.6,3,1,2,0,0,87,55,0
1-10,Financial Services,Event,3,11.2,2,0,1,1,0,49,77,0
51-200,Financial Services,Event,4,11.2,1,1,0,0,0,48,24,0
51-200,Retail,Direct,4,6.5,0,0,3,0,0,171,23,1
11-50,Manufacturing,Event,5,11.6,3,0,1,0,0,75,88,1
1-10,Technology,Organic Search,4,5.6,3,0,3,0,0,66,82,0
11-50,Technology,Organic Search,7,5.3,2,1,2,1,0,102,35,1
51-200,Technology,Paid Ads,7,11.1,6,0,4,0,0,124,28,0
51-200,Technology,Paid Ads,2,8.0,4,4,2,1,0,7,67,0
11-50,Retail,Direct,5,9.4,2,1,4,0,1,4,82,0
501-1000,Technology,Referral,4,5.5,4,0,3,0,0,103,85,1
1000+,Professional Services,Direct,9,5.5,0,0,1,0,0,113,22,0
11-50,Financial Services,Paid Ads,6,1.9,1,1,3,0,0,88,19,0
1000+,Technology,Direct,5,11.6,2,1,2,1,0,53,45,1
1-10,Professional Services,Organic Search,4,3.5,5,0,0,0,0,141,16,1
1000+,Financial Services,Paid Ads,5,6.4,3,1,2,0,0,19,83,0
1000+,Healthcare,Direct,3,2.3,2,1,5,0,0,115,31,0
1-10,Education,Paid Ads,5,8.1,0,0,1,1,0,78,24,0
201-500,Education,Social Media,6,5.3,2,1,0,1,0,66,87,0
1000+,Retail,Paid Ads,3,9.4,3,1,1,0,1,19,76,0
1000+,Technology,Event,6,6.8,4,0,2,0,0,120,84,1
1000+,Manufacturing,Social Media,4,2.4,2,1,1,0,0,34,45,0
51-200,Education,Event,9,1.1,7,1,0,0,0,97,71,0
1-10,Education,Referral,6,3.3,3,1,1,0,0,161,37,0
501-1000,Technology,Social Media,5,9.0,1,0,3,0,0,133,6,1
51-200,Healthcare,Referral,5,10.1,5,3,1,0,0,12,59,0
51-200,Financial Services,Referral,6,4.8,5,1,1,0,1,176,7,1
51-200,Technology,Social Media,6,6.9,7,2,0,0,0,112,17,0
51-200,Retail,Organic Search,1,3.6,2,1,0,0,0,149,26,0
11-50,Financial Services,Event,4,10.7,0,0,0,0,0,11,59,1
201-500,Financial Services,Paid Ads,4,11.6,3,1,0,1,1,164,69,1
1-10,Technology,Organic Search,3,9.3,2,2,0,0,0,129,15,0
201-500,Manufacturing,Social Media,4,2.0,5,0,3,0,0,159,66,1
501-1000,Technology,Social Media,8,5.8,1,0,0,1,1,176,63,1
51-200,Healthcare,Social Media,3,11.9,6,1,1,1,1,151,53,1
51-200,Technology,Direct,8,3.5,5,3,2,1,0,77,54,0
11-50,Education,Referral,3,8.4,5,0,4,0,0,151,36,1
1000+,Technology,Direct,5,11.3,4,2,1,0,0,174,12,0
201-500,Manufacturing,Referral,3,9.5,4,0,2,0,0,163,12,0
11-50,Technology,Paid Ads,7,7.7,1,1,2,1,0,115,9,1
11-50,Technology,Social Media,4,6.6,2,1,0,0,0,172,43,0
11-50,Financial Services,Organic Search,8,11.2,5,1,1,0,1,107,54,1
51-200,Technology,Direct,6,5.3,4,0,0,0,0,80,12,0
1000+,Technology,Paid Ads,6,10.9,3,0,1,0,0,31,10,0
201-500,Manufacturing,Organic Search,7,5.7,3,0,1,0,1,84,62,1
11-50,Retail,Social Media,4,9.3,2,1,0,0,0,171,56,0
501-1000,Technology,Organic Search,9,11.1,4,1,3,0,1,22,83,0
11-50,Healthcare,Organic Search,6,7.1,3,0,3,1,0,155,89,0
501-1000,Manufacturing,Organic Search,5,4.4,6,1,1,1,0,116,88,0
11-50,Financial Services,Direct,4,1.6,2,1,2,0,0,24,11,1
51-200,Healthcare,Organic Search,6,9.9,4,1,3,0,0,41,32,0
1000+,Technology,Referral,6,7.8,1,0,0,1,0,6,42,0
11-50,Financial Services,Referral,4,3.9,5,0,2,0,0,133,66,0
201-500,Healthcare,Direct,2,10.7,1,1,3,0,0,65,83,0
1000+,Education,Direct,7,11.1,3,0,2,0,0,34,74,0
11-50,Education,Direct,3,10.8,4,1,0,0,0,29,84,0
1-10,Education,Paid Ads,2,7.6,2,0,2,0,0,91,1,0
201-500,Healthcare,Referral,6,11.7,2,2,1,0,0,61,2,1
11-50,Technology,Event,3,10.6,4,0,1,0,0,163,36,1
1-10,Financial Services,Organic Search,4,2.1,5,0,0,0,0,172,72,0
51-200,Financial Services,Organic Search,6,11.8,2,2,1,0,0,36,29,1
201-500,Technology,Direct,7,7.0,2,2,3,0,0,155,21,1
11-50,Technology,Organic Search,3,11.1,4,3,0,0,0,11,21,1
11-50,Healthcare,Paid Ads,7,9.4,4,1,1,1,0,79,67,0
501-1000,Financial Services,Organic Search,3,8.1,1,0,2,0,0,104,70,1
51-200,Technology,Organic Search,2,4.6,6,2,1,0,0,50,31,1
