consultant_id,week_start,week_end,project_id,billable_hours,internal_hours,admin_hours,pto_hours,total_hours
C001,2024-04-01,2024-04-05,,0.0,14.0,2.2,0.0,16.2
C004,2024-04-01,2024-04-05,,0.0,14.8,2.6,0.0,17.4
C005,2024-04-01,2024-04-05,,0.0,13.4,2.9,0.0,16.3
C006,2024-04-01,2024-04-05,,0.0,10.0,4.4,0.0,14.4
C008,2024-04-01,2024-04-05,,0.0,15.5,2.8,0.0,18.3
C010,2024-04-01,2024-04-05,,0.0,11.2,4.7,0.0,15.9
C011,2024-04-01,2024-04-05,,0.0,11.7,6.0,0.0,17.7
C014,2024-04-01,2024-04-05,,0.0,9.7,3.1,0.0,12.8
C016,2024-04-01,2024-04-05,,0.0,9.3,5.3,0.0,14.6
C025,2024-04-01,2024-04-05,,0.0,15.9,4.6,0.0,20.5
C026,2024-04-01,2024-04-05,,0.0,15.5,2.5,0.0,18.0
C029,2024-04-01,2024-04-05,,0.0,12.4,3.1,0.0,15.5
C030,2024-04-01,2024-04-05,,0.0,10.1,4.0,0.0,14.1
C031,2024-04-01,2024-04-05,,0.0,8.7,3.7,0.0,12.4
C033,2024-04-01,2024-04-05,,0.0,10.1,5.0,0.0,15.1
C034,2024-04-01,2024-04-05,,0.0,8.1,2.3,0.0,10.4
C001,2024-04-08,2024-04-12,,0.0,12.7,2.6,0.0,15.3
C004,2024-04-08,2024-04-12,,0.0,15.2,5.2,0.0,20.4
C005,2024-04-08,2024-04-12,,0.0,8.8,5.1,0.0,13.9
C006,2024-04-08,2024-04-12,,0.0,13.0,2.6,0.0,15.6
C008,2024-04-08,2024-04-12,,0.0,15.1,2.1,0.0,17.2
C010,2024-04-08,2024-04-12,,0.0,15.4,5.2,0.0,20.6
C011,2024-04-08,2024-04-12,,0.0,8.9,5.5,0.0,14.4
C012,2024-04-08,2024-04-12,,0.0,14.5,3.8,0.0,18.3
C014,2024-04-08,2024-04-12,,0.0,9.5,3.3,0.0,12.8
C016,2024-04-08,2024-04-12,,0.0,10.2,4.6,0.0,14.8
C023,2024-04-08,2024-04-12,,0.0,8.9,5.9,0.0,14.8
C025,2024-04-08,2024-04-12,,0.0,10.1,2.4,0.0,12.5
C026,2024-04-08,2024-04-12,,0.0,12.1,3.5,0.0,15.6
C029,2024-04-08,2024-04-12,,0.0,13.7,2.0,0.0,15.7
C030,2024-04-08,2024-04-12,,0.0,13.4,3.5,0.0,16.9
C031,2024-04-08,2024-04-12,,0.0,13.3,2.5,24.0,39.8
C033,2024-04-08,2024-04-12,,0.0,13.6,4.2,0.0,17.8
C034,2024-04-08,2024-04-12,,0.0,11.0,5.0,0.0,16.0
C001,2024-04-15,2024-04-19,,0.0,10.4,2.8,0.0,13.2
C004,2024-04-15,2024-04-19,,0.0,10.6,3.8,0.0,14.4
C005,2024-04-15,2024-04-19,,0.0,13.9,4.6,0.0,18.5
C006,2024-04-15,2024-04-19,,0.0,13.0,2.4,0.0,15.4
C008,2024-04-15,2024-04-19,,0.0,9.2,2.2,0.0,11.4
C010,2024-04-15,2024-04-19,,0.0,14.1,3.8,0.0,17.9
C011,2024-04-15,2024-04-19,,0.0,11.2,2.6,0.0,13.8
C012,2024-04-15,2024-04-19,,0.0,14.9,5.5,0.0,20.4
C014,2024-04-15,2024-04-19,,0.0,11.7,4.2,0.0,15.9
C016,2024-04-15,2024-04-19,,0.0,9.1,3.9,0.0,13.0
C020,2024-04-15,2024-04-19,,0.0,11.5,5.3,0.0,16.8
C023,2024-04-15,2024-04-19,,0.0,15.3,3.8,0.0,19.1
C025,2024-04-15,2024-04-19,,0.0,14.7,3.1,0.0,17.8
C026,2024-04-15,2024-04-19,,0.0,9.9,3.8,0.0,13.7
C029,2024-04-15,2024-04-19,,0.0,8.6,2.6,0.0,11.2
C030,2024-04-15,2024-04-19,,0.0,9.7,3.7,0.0,13.4
C031,2024-04-15,2024-04-19,,0.0,0.0,0.0,40.0,40.0
C033,2024-04-15,2024-04-19,,0.0,15.6,2.1,0.0,17.7
C034,2024-04-15,2024-04-19,,0.0,10.4,3.6,0.0,14.0
C001,2024-04-22,2024-04-26,,0.0,12.3,4.9,0.0,17.2
C004,2024-04-22,2024-04-26,,0.0,11.9,3.6,0.0,15.5
C005,2024-04-22,2024-04-26,,0.0,13.8,5.4,0.0,19.2
C006,2024-04-22,2024-04-26,,0.0,12.7,4.7,0.0,17.4
C008,2024-04-22,2024-04-26,,0.0,0.0,0.0,40.0,40.0
C010,2024-04-22,2024-04-26,,0.0,0.0,0.0,40.0,40.0
C011,2024-04-22,2024-04-26,,0.0,10.7,5.5,0.0,16.2
C012,2024-04-22,2024-04-26,,0.0,11.8,5.0,0.0,16.8
C014,2024-04-22,2024-04-26,,0.0,8.5,5.8,24.0,38.3
C016,2024-04-22,2024-04-26,,0.0,13.0,3.0,0.0,16.0
C020,2024-04-22,2024-04-26,,0.0,15.6,3.9,0.0,19.5
C023,2024-04-22,2024-04-26,,0.0,13.7,5.1,0.0,18.8
C025,2024-04-22,2024-04-26,,0.0,12.6,5.7,0.0,18.3
C026,2024-04-22,2024-04-26,,0.0,9.6,4.4,0.0,14.0
C029,2024-04-22,2024-04-26,,0.0,13.6,3.2,0.0,16.8
C030,2024-04-22,2024-04-26,,0.0,8.3,4.1,0.0,12.4
C031,2024-04-22,2024-04-26,,0.0,13.2,2.1,0.0,15.3
C033,2024-04-22,2024-04-26,,0.0,15.1,3.8,0.0,18.9
C034,2024-04-22,2024-04-26,,0.0,12.2,4.6,0.0,16.8
C001,2024-04-29,2024-05-03,P011,27.3,2.6,1.1,0.0,31.0
C004,2024-04-29,2024-05-03,P011,25.2,2.2,1.7,0.0,29.1
C005,2024-04-29,2024-05-03,P011,11.9,2.8,1.1,24.0,39.8
C006,2024-04-29,2024-05-03,P011,30.3,3.8,1.8,0.0,35.9
C008,2024-04-29,2024-05-03,P011,35.1,4.5,2.1,0.0,41.7
C010,2024-04-29,2024-05-03,P011,35.6,2.5,1.5,0.0,39.6
C011,2024-04-29,2024-05-03,P011,34.2,3.1,2.4,0.0,39.7
C012,2024-04-29,2024-05-03,P011,38.7,2.5,1.1,0.0,42.3
C014,2024-04-29,2024-05-03,P011,30.6,2.0,2.3,0.0,34.9
C016,2024-04-29,2024-05-03,P011,25.4,5.9,2.6,0.0,33.9
C020,2024-04-29,2024-05-03,P011,27.7,2.4,2.9,0.0,33.0
C023,2024-04-29,2024-05-03,P011,32.4,4.2,2.4,0.0,39.0
C025,2024-04-29,2024-05-03,P011,29.3,1.9,0.6,0.0,31.8
C026,2024-04-29,2024-05-03,P011,33.2,3.0,0.7,0.0,36.9
C029,2024-04-29,2024-05-03,P011,33.1,1.4,1.1,0.0,35.6
C030,2024-04-29,2024-05-03,P011,17.0,4.9,1.5,0.0,23.4
C031,2024-04-29,2024-05-03,P011,36.8,4.0,2.4,0.0,43.2
C033,2024-04-29,2024-05-03,P011,16.2,2.3,0.7,0.0,19.2
C034,2024-04-29,2024-05-03,P011,31.5,2.5,1.1,0.0,35.1
C001,2024-05-06,2024-05-10,P011,23.7,5.6,2.5,0.0,31.8
C001,2024-05-06,2024-05-10,P005,15.4,4.1,2.2,0.0,21.7
C004,2024-05-06,2024-05-10,P011,35.0,5.1,0.7,0.0,40.8
C005,2024-05-06,2024-05-10,P011,31.1,3.2,1.7,0.0,36.0
C006,2024-05-06,2024-05-10,P011,31.4,1.4,0.6,0.0,33.4
C008,2024-05-06,2024-05-10,P011,37.8,1.1,1.1,0.0,40.0
C010,2024-05-06,2024-05-10,P011,29.2,3.9,2.4,0.0,35.5
C011,2024-05-06,2024-05-10,P011,26.9,5.6,1.0,0.0,33.5
C012,2024-05-06,2024-05-10,P011,27.9,3.0,1.3,0.0,32.2
C014,2024-05-06,2024-05-10,P011,28.3,4.5,1.2,0.0,34.0
C016,2024-05-06,2024-05-10,P011,35.7,2.3,0.8,0.0,38.8
C020,2024-05-06,2024-05-10,P005,13.8,1.9,1.4,0.0,17.1
C020,2024-05-06,2024-05-10,P011,12.5,4.8,2.1,0.0,19.4
C021,2024-05-06,2024-05-10,P011,7.9,5.9,2.0,0.0,15.8
C021,2024-05-06,2024-05-10,P005,10.3,2.2,0.9,0.0,13.4
C023,2024-05-06,2024-05-10,P005,26.1,2.1,2.6,0.0,30.8
C025,2024-05-06,2024-05-10,P011,36.1,3.5,1.2,0.0,40.8
C026,2024-05-06,2024-05-10,P005,22.1,2.9,2.8,0.0,27.8
C026,2024-05-06,2024-05-10,P011,17.0,3.5,2.7,0.0,23.2
C029,2024-05-06,2024-05-10,P011,36.1,5.1,1.2,0.0,42.4
C030,2024-05-06,2024-05-10,P011,15.6,5.3,1.6,0.0,22.5
C031,2024-05-06,2024-05-10,P011,30.4,5.3,3.0,0.0,38.7
C032,2024-05-06,2024-05-10,P011,24.4,1.2,2.4,0.0,28.0
C033,2024-05-06,2024-05-10,P005,16.0,3.5,0.6,0.0,20.1
C034,2024-05-06,2024-05-10,P005,24.2,5.4,1.6,0.0,31.2
C001,2024-05-13,2024-05-17,P005,29.6,1.4,2.5,0.0,33.5
C003,2024-05-13,2024-05-17,P011,33.3,4.2,2.6,0.0,40.1
C004,2024-05-13,2024-05-17,P011,36.0,5.4,0.6,0.0,42.0
C005,2024-05-13,2024-05-17,P005,7.4,4.8,2.3,24.0,38.5
C005,2024-05-13,2024-05-17,P011,3.2,1.5,0.9,0.0,5.6
C006,2024-05-13,2024-05-17,P011,32.5,2.9,0.9,0.0,36.3
C008,2024-05-13,2024-05-17,P005,34.9,1.8,0.7,0.0,37.4
C010,2024-05-13,2024-05-17,P005,19.7,2.3,1.1,0.0,23.1
C010,2024-05-13,2024-05-17,P011,16.9,1.0,2.5,0.0,20.4
C011,2024-05-13,2024-05-17,P005,30.0,1.4,2.9,0.0,34.3
C012,2024-05-13,2024-05-17,P011,36.2,5.2,1.0,0.0,42.4
C014,2024-05-13,2024-05-17,P005,30.9,2.9,1.4,0.0,35.2
C016,2024-05-13,2024-05-17,,0.0,0.0,0.0,40.0,40.0
C020,2024-05-13,2024-05-17,P005,34.7,5.6,2.4,0.0,42.7
C021,2024-05-13,2024-05-17,P011,22.3,2.1,1.0,0.0,25.4
C023,2024-05-13,2024-05-17,P005,14.3,4.2,1.3,0.0,19.8
C023,2024-05-13,2024-05-17,P011,7.0,3.2,1.9,0.0,12.1
C025,2024-05-13,2024-05-17,P005,12.6,3.7,2.9,0.0,19.2
C025,2024-05-13,2024-05-17,P011,16.0,3.7,2.8,0.0,22.5
C026,2024-05-13,2024-05-17,P011,31.1,5.8,1.2,0.0,38.1
C027,2024-05-13,2024-05-17,P005,23.0,5.3,2.3,0.0,30.6
C029,2024-05-13,2024-05-17,P011,18.3,1.1,1.8,0.0,21.2
C029,2024-05-13,2024-05-17,P005,10.4,3.3,2.2,0.0,15.9
C030,2024-05-13,2024-05-17,P005,8.4,4.1,2.9,0.0,15.4
C030,2024-05-13,2024-05-17,P011,7.1,2.6,2.0,0.0,11.7
C031,2024-05-13,2024-05-17,P011,29.3,5.5,1.3,0.0,36.1
C032,2024-05-13,2024-05-17,P011,22.2,1.6,1.1,0.0,24.9
C033,2024-05-13,2024-05-17,P011,19.2,4.4,2.4,0.0,26.0
C034,2024-05-13,2024-05-17,P011,35.1,4.3,2.6,0.0,42.0
C001,2024-05-20,2024-05-24,P011,19.8,2.1,1.6,0.0,23.5
C001,2024-05-20,2024-05-24,P005,12.8,2.2,1.4,0.0,16.4
C003,2024-05-20,2024-05-24,P005,37.8,3.0,1.0,0.0,41.8
C004,2024-05-20,2024-05-24,P011,18.4,4.2,2.0,0.0,24.6
C004,2024-05-20,2024-05-24,P005,12.3,1.1,2.5,0.0,15.9
C005,2024-05-20,2024-05-24,P016,32.9,2.0,1.0,0.0,35.9
C006,2024-05-20,2024-05-24,P005,34.9,4.9,2.0,0.0,41.8
C008,2024-05-20,2024-05-24,P005,32.0,1.5,2.7,0.0,36.2
C010,2024-05-20,2024-05-24,P005,40.0,3.9,0.5,0.0,44.4
C011,2024-05-20,2024-05-24,P005,33.8,3.4,2.4,0.0,39.6
C012,2024-05-20,2024-05-24,P016,34.9,2.1,2.0,0.0,39.0
C014,2024-05-20,2024-05-24,P016,30.0,5.8,0.7,0.0,36.5
C016,2024-05-20,2024-05-24,P016,20.1,1.5,2.3,0.0,23.9
C020,2024-05-20,2024-05-24,P005,20.8,2.4,2.1,0.0,25.3
C021,2024-05-20,2024-05-24,P016,21.0,3.7,1.6,0.0,26.3
C023,2024-05-20,2024-05-24,P016,14.5,5.4,1.5,0.0,21.4
C023,2024-05-20,2024-05-24,P005,12.9,5.1,1.5,0.0,19.5
C025,2024-05-20,2024-05-24,P011,27.7,4.3,1.4,0.0,33.4
C026,2024-05-20,2024-05-24,P005,30.4,4.7,1.4,8.0,44.5
C027,2024-05-20,2024-05-24,P016,25.4,3.8,2.2,0.0,31.4
C029,2024-05-20,2024-05-24,P016,27.1,1.3,1.2,0.0,29.6
C030,2024-05-20,2024-05-24,P016,22.3,2.1,2.1,0.0,26.5
C031,2024-05-20,2024-05-24,P011,34.3,3.9,2.5,0.0,40.7
C032,2024-05-20,2024-05-24,P016,15.1,4.3,2.2,0.0,21.6
C032,2024-05-20,2024-05-24,P005,10.8,1.1,1.2,0.0,13.1
C033,2024-05-20,2024-05-24,P005,18.7,3.8,1.5,0.0,24.0
C034,2024-05-20,2024-05-24,P005,22.2,1.5,1.8,0.0,25.5
C001,2024-05-27,2024-05-31,P015,30.9,4.9,1.9,0.0,37.7
C003,2024-05-27,2024-05-31,P005,29.7,4.4,1.2,8.0,43.3
C004,2024-05-27,2024-05-31,P005,28.8,2.7,0.8,0.0,32.3
C005,2024-05-27,2024-05-31,P015,28.9,1.2,1.5,0.0,31.6
C006,2024-05-27,2024-05-31,P011,32.4,4.8,1.2,0.0,38.4
C008,2024-05-27,2024-05-31,P016,33.7,1.9,1.5,0.0,37.1
C010,2024-05-27,2024-05-31,P005,20.7,1.2,0.5,0.0,22.4
C010,2024-05-27,2024-05-31,P011,10.7,5.6,2.7,0.0,19.0
C011,2024-05-27,2024-05-31,P016,29.5,2.4,1.5,0.0,33.4
C012,2024-05-27,2024-05-31,P015,35.2,1.4,2.6,0.0,39.2
C014,2024-05-27,2024-05-31,P005,30.7,3.0,1.3,0.0,35.0
C016,2024-05-27,2024-05-31,P005,26.9,3.7,1.0,0.0,31.6
C017,2024-05-27,2024-05-31,P011,35.8,2.2,0.9,0.0,38.9
C019,2024-05-27,2024-05-31,P011,34.6,5.8,2.1,0.0,42.5
C020,2024-05-27,2024-05-31,P016,33.9,4.4,2.7,0.0,41.0
C021,2024-05-27,2024-05-31,P015,5.7,3.3,2.1,0.0,11.1
C021,2024-05-27,2024-05-31,P005,5.0,5.0,2.0,0.0,12.0
C023,2024-05-27,2024-05-31,P016,19.6,3.3,0.6,0.0,23.5
C024,2024-05-27,2024-05-31,P016,10.8,5.8,2.3,0.0,18.9
C024,2024-05-27,2024-05-31,P011,8.0,1.2,2.8,0.0,12.0
C025,2024-05-27,2024-05-31,P016,27.4,3.5,2.9,0.0,33.8
C026,2024-05-27,2024-05-31,P005,15.3,1.2,2.3,0.0,18.8
C026,2024-05-27,2024-05-31,P015,10.5,6.0,1.8,0.0,18.3
C027,2024-05-27,2024-05-31,P015,20.2,2.9,2.4,0.0,25.5
C029,2024-05-27,2024-05-31,P015,33.4,1.5,2.2,0.0,37.1
C030,2024-05-27,2024-05-31,P011,7.1,4.3,2.8,0.0,14.2
C030,2024-05-27,2024-05-31,P016,9.7,2.6,2.1,0.0,14.4
C031,2024-05-27,2024-05-31,P016,32.9,4.2,1.3,0.0,38.4
C032,2024-05-27,2024-05-31,P005,13.3,3.5,0.5,0.0,17.3
C032,2024-05-27,2024-05-31,P015,8.9,2.5,2.9,0.0,14.3
C033,2024-05-27,2024-05-31,P011,7.0,4.9,1.8,0.0,13.7
C033,2024-05-27,2024-05-31,P005,7.3,3.7,2.3,0.0,13.3
C034,2024-05-27,2024-05-31,P011,36.9,4.0,0.9,0.0,41.8
C001,2024-06-03,2024-06-07,P016,19.2,4.4,1.1,0.0,24.7
C001,2024-06-03,2024-06-07,P005,17.4,3.2,1.2,0.0,21.8
C002,2024-06-03,2024-06-07,P011,39.6,2.5,2.5,0.0,44.6
C003,2024-06-03,2024-06-07,P016,16.7,4.9,1.8,0.0,23.4
C003,2024-06-03,2024-06-07,P011,9.8,3.1,0.9,0.0,13.8
C004,2024-06-03,2024-06-07,P015,32.7,1.3,1.7,0.0,35.7
C005,2024-06-03,2024-06-07,P005,26.4,2.4,2.4,0.0,31.2
C006,2024-06-03,2024-06-07,P011,16.9,5.6,2.5,0.0,25.0
C006,2024-06-03,2024-06-07,P016,22.7,5.4,2.8,0.0,30.9
C007,2024-06-03,2024-06-07,P005,29.3,2.9,0.6,0.0,32.8
C008,2024-06-03,2024-06-07,P015,15.9,2.4,2.6,0.0,20.9
C008,2024-06-03,2024-06-07,P005,20.1,4.5,0.8,0.0,25.4
C010,2024-06-03,2024-06-07,P011,25.3,5.2,1.9,8.0,40.4
C011,2024-06-03,2024-06-07,P005,29.8,4.9,1.1,0.0,35.8
C012,2024-06-03,2024-06-07,P005,34.9,1.6,2.8,0.0,39.3
C014,2024-06-03,2024-06-07,P011,33.2,4.6,1.2,0.0,39.0
C016,2024-06-03,2024-06-07,P005,32.5,3.6,1.4,0.0,37.5
C017,2024-06-03,2024-06-07,P005,32.8,3.0,1.7,0.0,37.5
C019,2024-06-03,2024-06-07,P005,25.4,2.7,2.3,0.0,30.4
C020,2024-06-03,2024-06-07,P015,8.4,3.7,2.5,0.0,14.6
C020,2024-06-03,2024-06-07,P005,11.9,1.9,2.4,0.0,16.2
C021,2024-06-03,2024-06-07,P005,7.6,3.3,1.2,0.0,12.1
C021,2024-06-03,2024-06-07,P015,4.4,1.2,1.0,0.0,6.6
C023,2024-06-03,2024-06-07,P016,12.1,2.3,2.4,24.0,40.8
C024,2024-06-03,2024-06-07,P015,8.5,2.8,2.7,0.0,14.0
C024,2024-06-03,2024-06-07,P011,10.9,4.7,2.7,0.0,18.3
C025,2024-06-03,2024-06-07,P016,17.7,5.6,1.8,0.0,25.1
C025,2024-06-03,2024-06-07,P015,14.6,5.0,2.3,0.0,21.9
C026,2024-06-03,2024-06-07,P015,37.6,1.5,1.3,0.0,40.4
C027,2024-06-03,2024-06-07,P016,20.6,1.8,1.6,0.0,24.0
C029,2024-06-03,2024-06-07,P016,27.9,2.4,3.0,0.0,33.3
C030,2024-06-03,2024-06-07,P016,20.1,2.8,2.5,0.0,25.4
C031,2024-06-03,2024-06-07,P016,29.8,1.2,0.7,0.0,31.7
C032,2024-06-03,2024-06-07,P016,15.1,5.7,0.6,0.0,21.4
C033,2024-06-03,2024-06-07,P005,20.5,3.9,1.8,0.0,26.2
C034,2024-06-03,2024-06-07,P011,34.8,5.8,0.6,0.0,41.2
C001,2024-06-10,2024-06-14,P015,35.9,4.5,1.0,0.0,41.4
C002,2024-06-10,2024-06-14,P016,38.4,2.0,0.8,0.0,41.2
C003,2024-06-10,2024-06-14,P015,18.3,1.3,1.9,0.0,21.5
C003,2024-06-10,2024-06-14,P016,17.9,5.5,2.6,0.0,26.0
C004,2024-06-10,2024-06-14,P011,17.8,1.6,1.0,0.0,20.4
C004,2024-06-10,2024-06-14,P016,14.5,1.7,2.5,0.0,18.7
C005,2024-06-10,2024-06-14,P011,25.1,1.3,1.5,0.0,27.9
C005,2024-06-10,2024-06-14,P015,12.7,4.6,1.7,0.0,19.0
C006,2024-06-10,2024-06-14,P005,33.6,1.6,1.3,0.0,36.5
C007,2024-06-10,2024-06-14,P011,36.8,4.8,0.8,0.0,42.4
C008,2024-06-10,2024-06-14,P005,16.1,1.8,1.3,0.0,19.2
C008,2024-06-10,2024-06-14,P015,19.9,4.5,1.4,0.0,25.8
C009,2024-06-10,2024-06-14,P015,40.0,1.6,1.3,0.0,42.9
C010,2024-06-10,2024-06-14,P011,29.7,4.0,2.0,0.0,35.7
C011,2024-06-10,2024-06-14,P005,36.7,5.1,0.6,0.0,42.4
C012,2024-06-10,2024-06-14,P016,15.1,4.1,0.6,24.0,43.8
C014,2024-06-10,2024-06-14,P011,35.1,5.0,2.2,0.0,42.3
C016,2024-06-10,2024-06-14,P005,25.6,1.8,1.5,0.0,28.9
C017,2024-06-10,2024-06-14,P015,20.3,2.7,1.5,0.0,24.5
C017,2024-06-10,2024-06-14,P016,8.9,4.8,1.8,0.0,15.5
C019,2024-06-10,2024-06-14,P005,33.6,2.3,1.1,0.0,37.0
C020,2024-06-10,2024-06-14,P011,31.5,5.8,2.8,0.0,40.1
C021,2024-06-10,2024-06-14,P015,12.5,3.5,1.8,0.0,17.8
C021,2024-06-10,2024-06-14,P005,7.4,3.5,1.3,0.0,12.2
C022,2024-06-10,2024-06-14,P011,20.2,1.3,1.7,0.0,23.2
C022,2024-06-10,2024-06-14,P015,19.8,5.4,2.1,0.0,27.3
C023,2024-06-10,2024-06-14,P005,30.2,3.2,2.7,0.0,36.1
C024,2024-06-10,2024-06-14,P011,17.0,2.8,1.2,0.0,21.0
C025,2024-06-10,2024-06-14,P015,22.1,5.1,2.1,0.0,29.3
C026,2024-06-10,2024-06-14,P015,8.5,4.8,1.0,24.0,38.3
C026,2024-06-10,2024-06-14,P016,4.0,3.5,1.8,0.0,9.3
C027,2024-06-10,2024-06-14,P016,5.4,4.0,1.8,16.0,27.2
C027,2024-06-10,2024-06-14,P015,4.6,2.6,2.0,0.0,9.2
C029,2024-06-10,2024-06-14,P015,40.0,3.5,1.8,0.0,45.3
C030,2024-06-10,2024-06-14,P016,28.4,5.1,1.4,0.0,34.9
C031,2024-06-10,2024-06-14,P005,15.6,5.8,2.5,0.0,23.9
C031,2024-06-10,2024-06-14,P015,13.2,4.9,1.9,0.0,20.0
C032,2024-06-10,2024-06-14,P011,14.1,3.6,2.3,0.0,20.0
C033,2024-06-10,2024-06-14,P005,18.6,2.0,1.6,0.0,22.2
C034,2024-06-10,2024-06-14,P011,27.3,3.1,2.4,0.0,32.8
C001,2024-06-17,2024-06-21,P011,40.0,3.6,1.9,0.0,45.5
C002,2024-06-17,2024-06-21,P016,30.1,2.6,0.9,0.0,33.6
C003,2024-06-17,2024-06-21,P015,20.2,5.8,1.2,0.0,27.2
C003,2024-06-17,2024-06-21,P016,16.9,2.5,2.9,0.0,22.3
C004,2024-06-17,2024-06-21,P011,17.9,2.6,1.4,0.0,21.9
C004,2024-06-17,2024-06-21,P015,11.4,5.7,2.5,0.0,19.6
C005,2024-06-17,2024-06-21,P016,32.5,5.1,2.9,0.0,40.5
C006,2024-06-17,2024-06-21,P015,34.8,5.8,0.7,0.0,41.3
C007,2024-06-17,2024-06-21,P015,38.0,5.7,2.2,0.0,45.9
C008,2024-06-17,2024-06-21,P011,31.3,2.2,2.2,0.0,35.7
C009,2024-06-17,2024-06-21,,0.0,0.0,0.0,40.0,40.0
C010,2024-06-17,2024-06-21,P011,31.7,1.0,1.9,0.0,34.6
C011,2024-06-17,2024-06-21,P016,17.3,5.8,1.3,0.0,24.4
C011,2024-06-17,2024-06-21,P015,20.4,4.2,2.8,0.0,27.4
C012,2024-06-17,2024-06-21,P005,18.6,5.6,0.9,16.0,41.1
C014,2024-06-17,2024-06-21,P016,15.0,4.7,2.7,0.0,22.4
C014,2024-06-17,2024-06-21,P011,18.0,2.4,0.6,0.0,21.0
C016,2024-06-17,2024-06-21,P015,27.1,2.4,3.0,0.0,32.5
C017,2024-06-17,2024-06-21,P016,13.0,1.6,0.9,0.0,15.5
C017,2024-06-17,2024-06-21,P011,15.3,3.3,1.1,0.0,19.7
C018,2024-06-17,2024-06-21,P015,19.0,2.0,2.0,0.0,23.0
C018,2024-06-17,2024-06-21,P016,12.5,4.2,1.5,0.0,18.2
C019,2024-06-17,2024-06-21,P011,29.6,3.4,2.8,0.0,35.8
C020,2024-06-17,2024-06-21,,0.0,0.0,0.0,40.0,40.0
C021,2024-06-17,2024-06-21,P005,18.6,2.3,1.4,0.0,22.3
C022,2024-06-17,2024-06-21,P016,40.0,2.5,1.5,0.0,44.0
C023,2024-06-17,2024-06-21,P005,20.3,4.2,2.9,0.0,27.4
C024,2024-06-17,2024-06-21,P011,17.9,3.4,1.6,0.0,22.9
C025,2024-06-17,2024-06-21,P011,19.8,4.0,2.5,0.0,26.3
C025,2024-06-17,2024-06-21,P005,12.9,3.6,1.8,0.0,18.3
C026,2024-06-17,2024-06-21,P005,21.1,5.5,1.0,0.0,27.6
C026,2024-06-17,2024-06-21,P016,11.4,3.7,0.9,0.0,16.0
C027,2024-06-17,2024-06-21,P016,13.8,3.2,0.6,0.0,17.6
C027,2024-06-17,2024-06-21,P005,6.8,1.7,1.5,0.0,10.0
C028,2024-06-17,2024-06-21,P015,27.8,4.6,1.5,0.0,33.9
C029,2024-06-17,2024-06-21,P015,36.7,4.5,1.9,0.0,43.1
C030,2024-06-17,2024-06-21,P016,4.7,1.9,0.8,8.0,15.4
C030,2024-06-17,2024-06-21,P005,4.9,4.2,2.3,0.0,11.4
C031,2024-06-17,2024-06-21,P016,37.8,2.9,2.2,0.0,42.9
C032,2024-06-17,2024-06-21,P015,23.1,1.6,3.0,0.0,27.7
C033,2024-06-17,2024-06-21,P005,8.8,4.6,1.6,0.0,15.0
C033,2024-06-17,2024-06-21,P011,7.6,2.9,1.1,0.0,11.6
C034,2024-06-17,2024-06-21,P011,32.5,5.7,2.3,0.0,40.5
C001,2024-06-24,2024-06-28,P005,18.2,1.5,0.6,0.0,20.3
C001,2024-06-24,2024-06-28,P011,21.3,4.0,2.3,0.0,27.6
C002,2024-06-24,2024-06-28,P011,31.0,3.7,2.4,8.0,45.1
C003,2024-06-24,2024-06-28,P018,34.4,2.6,2.0,0.0,39.0
C004,2024-06-24,2024-06-28,P015,29.0,5.4,3.0,0.0,37.4
C005,2024-06-24,2024-06-28,P018,28.7,5.4,2.8,0.0,36.9
C006,2024-06-24,2024-06-28,P016,32.2,1.2,1.4,0.0,34.8
C007,2024-06-24,2024-06-28,P016,30.4,1.7,1.4,0.0,33.5
C008,2024-06-24,2024-06-28,P011,30.9,2.5,2.3,0.0,35.7
C009,2024-06-24,2024-06-28,P018,19.1,2.3,1.3,0.0,22.7
C009,2024-06-24,2024-06-28,P011,17.9,1.4,1.6,0.0,20.9
C010,2024-06-24,2024-06-28,P011,24.5,1.3,1.4,0.0,27.2
C011,2024-06-24,2024-06-28,P015,19.9,2.5,2.8,16.0,41.2
C012,2024-06-24,2024-06-28,P005,32.1,4.7,2.4,0.0,39.2
C013,2024-06-24,2024-06-28,P011,38.1,3.8,2.4,0.0,44.3
C014,2024-06-24,2024-06-28,P015,28.0,2.5,1.4,0.0,31.9
C015,2024-06-24,2024-06-28,P015,18.5,3.1,1.9,0.0,23.5
C015,2024-06-24,2024-06-28,P011,17.6,2.1,0.9,0.0,20.6
C016,2024-06-24,2024-06-28,P018,12.6,2.0,1.1,0.0,15.7
C016,2024-06-24,2024-06-28,P016,13.2,3.8,1.1,0.0,18.1
C017,2024-06-24,2024-06-28,P016,12.8,4.7,1.4,0.0,18.9
C017,2024-06-24,2024-06-28,P018,10.9,1.7,1.9,0.0,14.5
C018,2024-06-24,2024-06-28,P005,19.4,1.4,2.5,0.0,23.3
C018,2024-06-24,2024-06-28,P018,10.4,1.2,0.5,0.0,12.1
C019,2024-06-24,2024-06-28,P018,21.9,3.3,0.7,16.0,41.9
C020,2024-06-24,2024-06-28,P016,13.4,3.7,1.5,0.0,18.6
C020,2024-06-24,2024-06-28,P018,19.7,1.1,2.3,0.0,23.1
C021,2024-06-24,2024-06-28,P016,14.8,5.0,2.8,0.0,22.6
C022,2024-06-24,2024-06-28,P011,33.3,2.2,2.0,0.0,37.5
C023,2024-06-24,2024-06-28,P016,28.7,3.3,1.1,0.0,33.1
C024,2024-06-24,2024-06-28,P005,21.7,4.3,2.6,0.0,28.6
C025,2024-06-24,2024-06-28,P005,28.9,4.2,2.3,0.0,35.4
C026,2024-06-24,2024-06-28,,0.0,0.0,0.0,40.0,40.0
C027,2024-06-24,2024-06-28,P018,7.4,5.5,2.2,0.0,15.1
C027,2024-06-24,2024-06-28,P005,8.4,3.8,1.2,0.0,13.4
C028,2024-06-24,2024-06-28,P015,28.4,5.5,1.9,0.0,35.8
C029,2024-06-24,2024-06-28,P018,25.0,4.6,1.5,0.0,31.1
C029,2024-06-24,2024-06-28,P011,15.0,1.4,0.9,0.0,17.3
C030,2024-06-24,2024-06-28,P016,10.3,4.7,2.5,0.0,17.5
C030,2024-06-24,2024-06-28,P015,9.6,4.4,0.7,0.0,14.7
C031,2024-06-24,2024-06-28,P015,14.0,2.6,2.1,16.0,34.7
C031,2024-06-24,2024-06-28,P016,6.3,4.9,1.6,0.0,12.8
C032,2024-06-24,2024-06-28,P016,20.3,3.2,2.2,0.0,25.7
C033,2024-06-24,2024-06-28,P005,8.2,2.9,2.5,0.0,13.6
C033,2024-06-24,2024-06-28,P018,8.9,1.8,1.5,0.0,12.2
C034,2024-06-24,2024-06-28,P015,29.8,3.2,2.4,0.0,35.4
C001,2024-07-01,2024-07-05,P018,33.4,1.5,0.7,0.0,35.6
C002,2024-07-01,2024-07-05,P016,33.0,5.3,0.5,0.0,38.8
C003,2024-07-01,2024-07-05,P011,26.0,3.9,0.9,0.0,30.8
C004,2024-07-01,2024-07-05,P016,32.8,2.3,0.9,0.0,36.0
C005,2024-07-01,2024-07-05,P016,22.1,4.6,1.7,0.0,28.4
C005,2024-07-01,2024-07-05,P011,10.3,4.1,1.6,0.0,16.0
C006,2024-07-01,2024-07-05,P018,33.6,2.7,2.1,0.0,38.4
C007,2024-07-01,2024-07-05,P011,15.9,5.7,1.0,0.0,22.6
C007,2024-07-01,2024-07-05,P018,16.1,2.6,2.9,0.0,21.6
C008,2024-07-01,2024-07-05,P018,28.6,5.8,2.5,0.0,36.9
C009,2024-07-01,2024-07-05,P011,30.5,4.0,1.9,0.0,36.4
C010,2024-07-01,2024-07-05,P018,33.7,5.7,1.0,0.0,40.4
C011,2024-07-01,2024-07-05,,0.0,0.0,0.0,40.0,40.0
C012,2024-07-01,2024-07-05,P016,23.6,2.2,2.1,0.0,27.9
C013,2024-07-01,2024-07-05,,0.0,0.0,0.0,40.0,40.0
C014,2024-07-01,2024-07-05,P018,22.3,3.7,2.5,0.0,28.5
C015,2024-07-01,2024-07-05,P005,25.4,1.5,1.1,0.0,28.0
C016,2024-07-01,2024-07-05,P005,33.4,3.8,2.1,0.0,39.3
C017,2024-07-01,2024-07-05,P005,10.5,2.1,2.4,0.0,15.0
C017,2024-07-01,2024-07-05,P018,14.0,3.8,2.2,0.0,20.0
C018,2024-07-01,2024-07-05,P018,22.5,4.9,2.0,0.0,29.4
C019,2024-07-01,2024-07-05,P005,21.7,1.6,2.9,8.0,34.2
C020,2024-07-01,2024-07-05,P018,26.8,4.9,1.8,0.0,33.5
C021,2024-07-01,2024-07-05,P005,15.0,2.5,2.5,0.0,20.0
C022,2024-07-01,2024-07-05,P005,21.4,5.6,2.4,0.0,29.4
C022,2024-07-01,2024-07-05,P016,12.1,3.6,1.9,0.0,17.6
C023,2024-07-01,2024-07-05,P011,14.6,3.2,0.6,0.0,18.4
C023,2024-07-01,2024-07-05,P005,10.1,4.1,1.0,0.0,15.2
C024,2024-07-01,2024-07-05,P011,19.7,2.0,2.4,0.0,24.1
C025,2024-07-01,2024-07-05,P011,13.6,3.3,1.2,0.0,18.1
C025,2024-07-01,2024-07-05,P018,13.7,5.3,1.8,0.0,20.8
C026,2024-07-01,2024-07-05,P018,29.5,3.9,1.4,0.0,34.8
C027,2024-07-01,2024-07-05,P016,11.0,4.4,1.3,0.0,16.7
C027,2024-07-01,2024-07-05,P018,8.1,2.2,0.8,0.0,11.1
C028,2024-07-01,2024-07-05,P018,24.6,3.1,0.8,0.0,28.5
C029,2024-07-01,2024-07-05,P011,30.1,3.8,1.7,0.0,35.6
C030,2024-07-01,2024-07-05,P018,17.7,4.1,2.7,0.0,24.5
C031,2024-07-01,2024-07-05,P018,36.4,3.0,1.7,0.0,41.1
C032,2024-07-01,2024-07-05,P011,20.6,1.4,0.6,0.0,22.6
C033,2024-07-01,2024-07-05,P011,16.2,4.9,1.9,0.0,23.0
C034,2024-07-01,2024-07-05,P005,25.9,3.9,1.2,0.0,31.0
C035,2024-07-01,2024-07-05,P018,8.1,3.1,2.3,0.0,13.5
C035,2024-07-01,2024-07-05,P016,9.3,4.3,1.1,0.0,14.7
C001,2024-07-08,2024-07-12,P011,28.7,2.7,2.5,0.0,33.9
C002,2024-07-08,2024-07-12,P018,20.1,4.4,2.7,0.0,27.2
C003,2024-07-08,2024-07-12,P018,36.8,1.7,1.0,0.0,39.5
C004,2024-07-08,2024-07-12,P018,29.6,1.8,2.9,0.0,34.3
C005,2024-07-08,2024-07-12,P018,32.1,5.9,2.2,0.0,40.2
C006,2024-07-08,2024-07-12,P011,24.0,1.7,0.9,0.0,26.6
C006,2024-07-08,2024-07-12,P009,15.3,2.6,1.1,0.0,19.0
C007,2024-07-08,2024-07-12,P009,36.6,3.9,1.2,0.0,41.7
C008,2024-07-08,2024-07-12,P005,15.6,2.4,2.8,0.0,20.8
C008,2024-07-08,2024-07-12,P016,12.6,2.8,2.9,0.0,18.3
C009,2024-07-08,2024-07-12,P005,34.3,4.7,1.6,0.0,40.6
C010,2024-07-08,2024-07-12,,0.0,0.0,0.0,40.0,40.0
C011,2024-07-08,2024-07-12,P009,28.8,3.5,1.3,0.0,33.6
C012,2024-07-08,2024-07-12,P011,12.3,4.1,2.6,0.0,19.0
C012,2024-07-08,2024-07-12,P005,17.4,1.1,2.8,0.0,21.3
C013,2024-07-08,2024-07-12,P016,35.7,2.0,2.2,0.0,39.9
C014,2024-07-08,2024-07-12,P011,19.7,2.3,1.4,0.0,23.4
C014,2024-07-08,2024-07-12,P005,13.4,5.5,0.9,0.0,19.8
C015,2024-07-08,2024-07-12,P009,35.1,3.1,0.7,0.0,38.9
C016,2024-07-08,2024-07-12,P016,17.5,1.0,2.2,16.0,36.7
C017,2024-07-08,2024-07-12,P016,17.6,2.1,0.7,0.0,20.4
C017,2024-07-08,2024-07-12,P009,14.8,5.0,0.8,0.0,20.6
C018,2024-07-08,2024-07-12,P009,12.0,3.8,2.0,0.0,17.8
C018,2024-07-08,2024-07-12,P018,16.5,1.8,1.4,0.0,19.7
C019,2024-07-08,2024-07-12,P016,21.9,1.4,0.8,0.0,24.1
C019,2024-07-08,2024-07-12,P018,11.4,4.8,2.0,0.0,18.2
C020,2024-07-08,2024-07-12,P011,19.1,4.2,1.1,0.0,24.4
C021,2024-07-08,2024-07-12,P011,14.9,4.3,1.3,0.0,20.5
C021,2024-07-08,2024-07-12,P005,7.9,3.6,1.8,0.0,13.3
C022,2024-07-08,2024-07-12,P005,19.2,2.2,2.1,16.0,39.5
C023,2024-07-08,2024-07-12,P011,9.7,5.2,1.6,8.0,24.5
C023,2024-07-08,2024-07-12,P009,9.1,3.7,0.9,0.0,13.7
C024,2024-07-08,2024-07-12,P009,3.5,1.2,0.7,8.0,13.4
C025,2024-07-08,2024-07-12,P018,28.9,4.8,1.6,0.0,35.3
C026,2024-07-08,2024-07-12,P005,26.1,2.5,1.8,0.0,30.4
C027,2024-07-08,2024-07-12,P018,10.0,4.2,2.6,0.0,16.8
C027,2024-07-08,2024-07-12,P011,9.3,4.4,0.7,0.0,14.4
C028,2024-07-08,2024-07-12,P005,27.1,5.6,0.8,0.0,33.5
C029,2024-07-08,2024-07-12,P009,25.9,1.6,2.3,0.0,29.8
C030,2024-07-08,2024-07-12,P011,15.3,1.8,0.8,0.0,17.9
C031,2024-07-08,2024-07-12,P005,29.7,4.9,0.6,0.0,35.2
C032,2024-07-08,2024-07-12,P018,18.5,2.8,1.7,8.0,31.0
C033,2024-07-08,2024-07-12,P011,13.0,4.9,2.7,0.0,20.6
C034,2024-07-08,2024-07-12,P005,28.3,2.2,1.7,0.0,32.2
C035,2024-07-08,2024-07-12,P005,27.4,3.8,2.8,0.0,34.0
C001,2024-07-15,2024-07-19,P011,31.8,2.4,0.7,0.0,34.9
C002,2024-07-15,2024-07-19,P005,27.8,1.9,2.5,0.0,32.2
C003,2024-07-15,2024-07-19,,0.0,0.0,0.0,40.0,40.0
C004,2024-07-15,2024-07-19,P011,11.9,3.3,1.4,0.0,16.6
C004,2024-07-15,2024-07-19,P018,16.1,2.5,2.5,0.0,21.1
C005,2024-07-15,2024-07-19,P009,13.6,5.7,0.6,0.0,19.9
C005,2024-07-15,2024-07-19,P018,17.0,3.7,2.1,0.0,22.8
C006,2024-07-15,2024-07-19,P011,27.8,1.0,2.1,0.0,30.9
C007,2024-07-15,2024-07-19,P009,34.6,3.1,2.9,0.0,40.6
C008,2024-07-15,2024-07-19,P011,26.8,1.5,2.8,0.0,31.1
C009,2024-07-15,2024-07-19,P005,35.9,3.9,1.8,0.0,41.6
C010,2024-07-15,2024-07-19,P018,27.9,3.8,1.6,0.0,33.3
C011,2024-07-15,2024-07-19,P016,34.9,4.5,2.3,0.0,41.7
C012,2024-07-15,2024-07-19,P005,30.1,5.7,0.8,0.0,36.6
C013,2024-07-15,2024-07-19,P011,31.0,3.0,1.8,0.0,35.8
C014,2024-07-15,2024-07-19,P011,27.3,3.3,2.6,0.0,33.2
C015,2024-07-15,2024-07-19,P018,17.1,5.3,0.9,0.0,23.3
C015,2024-07-15,2024-07-19,P005,19.8,4.6,2.9,0.0,27.3
C016,2024-07-15,2024-07-19,P011,30.7,2.3,3.0,0.0,36.0
C017,2024-07-15,2024-07-19,P009,18.7,5.0,0.8,0.0,24.5
C017,2024-07-15,2024-07-19,P005,16.1,1.1,2.6,0.0,19.8
C018,2024-07-15,2024-07-19,P016,31.6,2.9,2.1,0.0,36.6
C019,2024-07-15,2024-07-19,P005,12.7,4.2,2.5,0.0,19.4
C019,2024-07-15,2024-07-19,P018,14.9,1.5,2.6,0.0,19.0
C020,2024-07-15,2024-07-19,P016,22.6,1.3,2.8,0.0,26.7
C021,2024-07-15,2024-07-19,P016,10.1,1.9,1.0,0.0,13.0
C022,2024-07-15,2024-07-19,P009,34.6,1.2,2.0,0.0,37.8
C023,2024-07-15,2024-07-19,P005,26.9,1.4,1.5,0.0,29.8
C024,2024-07-15,2024-07-19,P018,19.3,2.2,3.0,0.0,24.5
C025,2024-07-15,2024-07-19,P016,13.1,3.8,1.3,0.0,18.2
C025,2024-07-15,2024-07-19,P018,12.9,2.4,0.6,0.0,15.9
C026,2024-07-15,2024-07-19,P011,30.6,1.3,3.0,0.0,34.9
C027,2024-07-15,2024-07-19,P005,5.6,2.3,2.5,0.0,10.4
C027,2024-07-15,2024-07-19,P009,3.7,5.6,0.6,0.0,9.9
C028,2024-07-15,2024-07-19,P016,27.9,2.8,2.6,0.0,33.3
C029,2024-07-15,2024-07-19,P011,20.4,2.8,1.9,0.0,25.1
C029,2024-07-15,2024-07-19,P005,13.0,1.7,2.9,0.0,17.6
C030,2024-07-15,2024-07-19,P016,6.3,1.2,0.6,0.0,8.1
C030,2024-07-15,2024-07-19,P011,7.6,4.0,0.5,0.0,12.1
C031,2024-07-15,2024-07-19,P011,19.2,5.2,1.3,0.0,25.7
C031,2024-07-15,2024-07-19,P009,9.2,1.1,2.0,0.0,12.3
C032,2024-07-15,2024-07-19,P018,15.5,2.9,2.9,0.0,21.3
C032,2024-07-15,2024-07-19,P011,7.0,3.0,0.8,0.0,10.8
C033,2024-07-15,2024-07-19,P016,6.9,5.8,2.2,0.0,14.9
C033,2024-07-15,2024-07-19,P011,8.4,5.6,2.5,0.0,16.5
C034,2024-07-15,2024-07-19,P009,31.3,2.9,2.3,0.0,36.5
C035,2024-07-15,2024-07-19,,0.0,0.0,0.0,40.0,40.0
C001,2024-07-22,2024-07-26,P018,15.6,2.6,2.5,0.0,20.7
C001,2024-07-22,2024-07-26,P004,18.8,4.1,2.1,0.0,25.0
C002,2024-07-22,2024-07-26,P011,35.7,5.9,0.9,0.0,42.5
C003,2024-07-22,2024-07-26,P011,34.8,3.2,1.2,0.0,39.2
C004,2024-07-22,2024-07-26,P004,29.2,1.2,1.6,0.0,32.0
C005,2024-07-22,2024-07-26,P016,32.3,3.5,1.4,0.0,37.2
C006,2024-07-22,2024-07-26,P009,15.5,5.0,0.6,0.0,21.1
C006,2024-07-22,2024-07-26,P018,13.5,1.1,1.2,0.0,15.8
C007,2024-07-22,2024-07-26,P016,30.3,1.8,0.7,0.0,32.8
C008,2024-07-22,2024-07-26,P016,21.2,4.3,2.0,0.0,27.5
C008,2024-07-22,2024-07-26,P004,18.8,3.2,0.6,0.0,22.6
C009,2024-07-22,2024-07-26,P016,16.7,2.5,0.7,0.0,19.9
C009,2024-07-22,2024-07-26,P011,11.3,3.0,1.9,0.0,16.2
C010,2024-07-22,2024-07-26,P018,23.6,3.4,0.7,8.0,35.7
C011,2024-07-22,2024-07-26,P004,32.1,3.4,0.8,0.0,36.3
C012,2024-07-22,2024-07-26,P018,31.8,2.9,1.4,0.0,36.1
C013,2024-07-22,2024-07-26,P004,26.4,2.3,1.7,0.0,30.4
C014,2024-07-22,2024-07-26,P011,23.7,5.0,1.5,8.0,38.2
C015,2024-07-22,2024-07-26,P004,33.9,5.2,2.5,0.0,41.6
C016,2024-07-22,2024-07-26,P009,22.5,3.4,0.7,0.0,26.6
C017,2024-07-22,2024-07-26,P018,14.5,4.8,0.9,0.0,20.2
C017,2024-07-22,2024-07-26,P009,18.7,5.9,2.9,0.0,27.5
C018,2024-07-22,2024-07-26,P016,22.0,4.1,2.6,0.0,28.7
C018,2024-07-22,2024-07-26,P009,9.5,2.3,2.8,0.0,14.6
C019,2024-07-22,2024-07-26,P016,28.9,3.8,1.9,0.0,34.6
C020,2024-07-22,2024-07-26,P018,29.8,3.9,2.5,0.0,36.2
C021,2024-07-22,2024-07-26,P018,12.2,3.9,2.4,0.0,18.5
C022,2024-07-22,2024-07-26,P011,40.0,5.3,2.7,0.0,48.0
C023,2024-07-22,2024-07-26,P016,23.4,3.9,1.7,0.0,29.0
C024,2024-07-22,2024-07-26,P016,17.9,1.2,2.7,0.0,21.8
C025,2024-07-22,2024-07-26,P016,30.4,5.6,2.7,0.0,38.7
C026,2024-07-22,2024-07-26,P016,38.1,5.3,2.2,0.0,45.6
C027,2024-07-22,2024-07-26,P011,16.9,5.9,1.6,0.0,24.4
C028,2024-07-22,2024-07-26,P009,30.7,3.2,2.8,0.0,36.7
C029,2024-07-22,2024-07-26,P018,29.2,5.3,2.6,0.0,37.1
C030,2024-07-22,2024-07-26,P009,13.7,4.9,1.8,0.0,20.4
C031,2024-07-22,2024-07-26,P009,31.8,5.2,1.1,0.0,38.1
C032,2024-07-22,2024-07-26,P016,13.4,3.5,2.1,0.0,19.0
C033,2024-07-22,2024-07-26,P011,18.4,3.4,1.6,0.0,23.4
C034,2024-07-22,2024-07-26,P011,33.6,4.7,2.2,0.0,40.5
C035,2024-07-22,2024-07-26,P009,28.1,5.3,2.4,0.0,35.8
C001,2024-07-29,2024-08-02,P016,32.6,3.6,2.7,0.0,38.9
C002,2024-07-29,2024-08-02,P016,34.8,5.6,2.1,0.0,42.5
C003,2024-07-29,2024-08-02,P011,16.7,2.9,1.4,0.0,21.0
C003,2024-07-29,2024-08-02,P018,14.9,2.3,1.7,0.0,18.9
C004,2024-07-29,2024-08-02,P016,11.6,6.0,2.9,0.0,20.5
C004,2024-07-29,2024-08-02,P004,17.3,5.2,1.9,0.0,24.4
C005,2024-07-29,2024-08-02,P011,28.1,5.9,2.1,0.0,36.1
C006,2024-07-29,2024-08-02,P011,29.0,1.9,1.8,0.0,32.7
C007,2024-07-29,2024-08-02,P016,18.7,4.6,2.1,0.0,25.4
C007,2024-07-29,2024-08-02,P011,12.2,6.0,1.1,0.0,19.3
C008,2024-07-29,2024-08-02,P004,33.4,3.9,3.0,0.0,40.3
C009,2024-07-29,2024-08-02,P016,33.5,5.5,2.2,0.0,41.2
C010,2024-07-29,2024-08-02,P018,13.4,3.4,2.4,0.0,19.2
C010,2024-07-29,2024-08-02,P009,14.0,4.6,1.9,0.0,20.5
C011,2024-07-29,2024-08-02,P009,40.0,2.8,2.4,0.0,45.2
C012,2024-07-29,2024-08-02,P011,12.3,2.5,2.6,0.0,17.4
C012,2024-07-29,2024-08-02,P018,13.4,3.4,2.7,0.0,19.5
C013,2024-07-29,2024-08-02,P016,13.5,3.6,1.5,16.0,34.6
C014,2024-07-29,2024-08-02,P009,24.4,2.7,3.0,0.0,30.1
C015,2024-07-29,2024-08-02,P009,21.9,4.2,0.9,0.0,27.0
C015,2024-07-29,2024-08-02,P004,18.1,4.2,0.5,0.0,22.8
C016,2024-07-29,2024-08-02,P009,10.7,4.8,0.7,0.0,16.2
C016,2024-07-29,2024-08-02,P018,8.8,4.1,2.1,0.0,15.0
C017,2024-07-29,2024-08-02,P009,22.3,4.7,2.9,0.0,29.9
C018,2024-07-29,2024-08-02,P018,14.9,1.0,2.3,0.0,18.2
C018,2024-07-29,2024-08-02,P009,21.8,2.1,2.7,0.0,26.6
C019,2024-07-29,2024-08-02,P004,30.1,5.1,1.2,0.0,36.4
C020,2024-07-29,2024-08-02,P018,15.1,4.4,0.8,0.0,20.3
C020,2024-07-29,2024-08-02,P011,13.4,6.0,1.7,0.0,21.1
C021,2024-07-29,2024-08-02,P004,7.5,5.9,1.0,0.0,14.4
C021,2024-07-29,2024-08-02,P009,8.5,1.1,1.8,0.0,11.4
C022,2024-07-29,2024-08-02,P004,19.6,2.3,1.8,0.0,23.7
C022,2024-07-29,2024-08-02,P016,10.0,1.2,3.0,0.0,14.2
C023,2024-07-29,2024-08-02,P016,19.0,1.6,1.1,8.0,29.7
C024,2024-07-29,2024-08-02,P004,11.0,2.5,2.2,0.0,15.7
C025,2024-07-29,2024-08-02,P004,25.1,3.6,2.0,0.0,30.7
C026,2024-07-29,2024-08-02,P016,16.4,4.9,2.6,0.0,23.9
C026,2024-07-29,2024-08-02,P009,11.7,5.9,1.4,0.0,19.0
C027,2024-07-29,2024-08-02,P016,6.6,1.1,0.7,0.0,8.4
C027,2024-07-29,2024-08-02,P011,7.4,1.6,1.9,0.0,10.9
C028,2024-07-29,2024-08-02,P018,18.8,1.5,1.1,0.0,21.4
C028,2024-07-29,2024-08-02,P004,11.7,2.2,3.0,0.0,16.9
C029,2024-07-29,2024-08-02,P011,11.8,2.6,2.3,16.0,32.7
C029,2024-07-29,2024-08-02,P018,6.6,1.5,2.4,0.0,10.5
C030,2024-07-29,2024-08-02,P009,12.2,2.6,2.7,16.0,33.5
C031,2024-07-29,2024-08-02,P011,35.0,1.9,1.5,0.0,38.4
C032,2024-07-29,2024-08-02,P016,21.1,4.4,1.7,0.0,27.2
C033,2024-07-29,2024-08-02,P004,8.6,5.9,2.6,0.0,17.1
C034,2024-07-29,2024-08-02,P016,15.0,2.9,1.4,0.0,19.3
C034,2024-07-29,2024-08-02,P018,18.1,1.1,2.2,0.0,21.4
C035,2024-07-29,2024-08-02,P004,18.6,1.3,2.1,0.0,22.0
C035,2024-07-29,2024-08-02,P016,16.3,1.1,2.7,0.0,20.1
C001,2024-08-05,2024-08-09,P009,15.1,3.6,2.2,0.0,20.9
C001,2024-08-05,2024-08-09,P011,7.7,4.1,1.6,0.0,13.4
C002,2024-08-05,2024-08-09,P009,31.3,5.2,1.9,0.0,38.4
C003,2024-08-05,2024-08-09,P009,27.5,3.5,1.7,0.0,32.7
C004,2024-08-05,2024-08-09,P011,26.8,5.9,0.6,0.0,33.3
C005,2024-08-05,2024-08-09,P018,30.9,5.1,0.7,0.0,36.7
C006,2024-08-05,2024-08-09,,0.0,0.0,0.0,40.0,40.0
C007,2024-08-05,2024-08-09,P018,32.6,4.7,0.5,0.0,37.8
C008,2024-08-05,2024-08-09,P011,17.7,4.3,1.6,0.0,23.6
C008,2024-08-05,2024-08-09,P018,13.4,2.7,2.6,0.0,18.7
C009,2024-08-05,2024-08-09,P011,20.5,4.0,2.3,0.0,26.8
C009,2024-08-05,2024-08-09,P018,12.1,2.8,1.6,0.0,16.5
C010,2024-08-05,2024-08-09,P011,7.9,4.5,0.6,24.0,37.0
C010,2024-08-05,2024-08-09,P018,6.3,1.8,0.9,0.0,9.0
C011,2024-08-05,2024-08-09,P004,20.6,1.9,2.8,0.0,25.3
C011,2024-08-05,2024-08-09,P009,14.8,3.0,1.6,0.0,19.4
C012,2024-08-05,2024-08-09,P004,32.0,4.9,1.6,0.0,38.5
C013,2024-08-05,2024-08-09,P009,9.9,4.7,1.9,0.0,16.5
C013,2024-08-05,2024-08-09,P018,14.7,3.2,2.0,0.0,19.9
C014,2024-08-05,2024-08-09,P009,35.4,4.7,0.8,0.0,40.9
C015,2024-08-05,2024-08-09,P011,27.6,3.5,1.5,0.0,32.6
C016,2024-08-05,2024-08-09,P011,35.6,5.9,1.6,0.0,43.1
C017,2024-08-05,2024-08-09,P011,29.7,5.2,1.9,0.0,36.8
C018,2024-08-05,2024-08-09,P009,28.2,4.1,1.2,0.0,33.5
C019,2024-08-05,2024-08-09,P009,36.8,3.5,2.2,0.0,42.5
C020,2024-08-05,2024-08-09,P018,25.9,4.4,2.7,0.0,33.0
C021,2024-08-05,2024-08-09,P018,9.9,1.1,0.9,0.0,11.9
C021,2024-08-05,2024-08-09,P004,7.9,4.4,1.0,0.0,13.3
C022,2024-08-05,2024-08-09,P004,32.0,4.5,1.2,0.0,37.7
C023,2024-08-05,2024-08-09,P018,24.4,1.5,2.7,0.0,28.6
C024,2024-08-05,2024-08-09,P009,15.5,3.6,2.5,0.0,21.6
C025,2024-08-05,2024-08-09,P004,18.8,5.6,1.5,0.0,25.9
C026,2024-08-05,2024-08-09,P004,40.0,4.7,1.0,0.0,45.7
C027,2024-08-05,2024-08-09,P018,8.8,4.5,2.1,0.0,15.4
C027,2024-08-05,2024-08-09,P004,4.3,4.8,1.9,0.0,11.0
C028,2024-08-05,2024-08-09,P009,23.7,5.9,0.7,0.0,30.3
C029,2024-08-05,2024-08-09,P004,11.5,2.4,1.2,0.0,15.1
C029,2024-08-05,2024-08-09,P009,16.3,1.8,2.6,0.0,20.7
C030,2024-08-05,2024-08-09,P011,20.5,4.0,2.4,0.0,26.9
C031,2024-08-05,2024-08-09,P011,20.5,3.8,0.7,0.0,25.0
C031,2024-08-05,2024-08-09,P009,11.7,4.5,1.8,0.0,18.0
C032,2024-08-05,2024-08-09,P018,26.7,1.5,1.1,0.0,29.3
C033,2024-08-05,2024-08-09,P011,14.7,2.5,2.9,0.0,20.1
C034,2024-08-05,2024-08-09,P004,15.6,3.2,2.8,0.0,21.6
C034,2024-08-05,2024-08-09,P018,10.3,4.1,2.1,0.0,16.5
C035,2024-08-05,2024-08-09,P011,26.1,2.9,2.5,0.0,31.5
C001,2024-08-12,2024-08-16,P011,34.3,3.6,1.8,0.0,39.7
C002,2024-08-12,2024-08-16,P009,34.0,2.6,0.7,0.0,37.3
C003,2024-08-12,2024-08-16,P004,40.0,2.1,2.1,0.0,44.2
C004,2024-08-12,2024-08-16,P004,35.3,2.0,2.6,0.0,39.9
C005,2024-08-12,2024-08-16,P004,21.6,1.1,2.3,0.0,25.0
C005,2024-08-12,2024-08-16,P011,14.0,1.2,0.7,0.0,15.9
C006,2024-08-12,2024-08-16,P004,26.3,3.9,1.1,0.0,31.3
C007,2024-08-12,2024-08-16,P004,30.6,2.9,0.8,0.0,34.3
C008,2024-08-12,2024-08-16,P004,18.8,2.8,1.8,8.0,31.4
C008,2024-08-12,2024-08-16,P011,10.0,2.4,2.2,0.0,14.6
C009,2024-08-12,2024-08-16,P004,29.4,3.4,1.8,0.0,34.6
C010,2024-08-12,2024-08-16,P011,28.8,5.8,0.9,0.0,35.5
C011,2024-08-12,2024-08-16,P011,15.9,3.8,0.8,0.0,20.5
C011,2024-08-12,2024-08-16,P004,12.2,1.0,2.0,0.0,15.2
C012,2024-08-12,2024-08-16,P011,14.2,5.5,1.4,0.0,21.1
C012,2024-08-12,2024-08-16,P004,8.6,3.1,2.1,0.0,13.8
C013,2024-08-12,2024-08-16,P009,12.9,5.0,2.6,0.0,20.5
C013,2024-08-12,2024-08-16,P004,15.5,5.3,2.8,0.0,23.6
C014,2024-08-12,2024-08-16,P004,29.0,2.5,0.7,0.0,32.2
C015,2024-08-12,2024-08-16,P009,36.0,4.4,1.1,0.0,41.5
C016,2024-08-12,2024-08-16,P009,30.5,2.6,1.6,0.0,34.7
C017,2024-08-12,2024-08-16,P011,28.3,5.0,2.9,0.0,36.2
C018,2024-08-12,2024-08-16,P009,28.5,4.6,2.1,0.0,35.2
C019,2024-08-12,2024-08-16,P018,30.2,3.3,1.4,0.0,34.9
C020,2024-08-12,2024-08-16,P009,30.5,4.2,0.7,0.0,35.4
C021,2024-08-12,2024-08-16,P004,14.6,4.6,2.7,0.0,21.9
C022,2024-08-12,2024-08-16,P018,39.3,4.8,1.0,0.0,45.1
C023,2024-08-12,2024-08-16,P009,29.8,2.8,1.1,0.0,33.7
C024,2024-08-12,2024-08-16,P011,9.0,3.6,1.5,0.0,14.1
C024,2024-08-12,2024-08-16,P004,7.7,3.5,2.2,0.0,13.4
C025,2024-08-12,2024-08-16,P009,31.0,3.2,0.9,0.0,35.1
C026,2024-08-12,2024-08-16,P009,24.9,4.7,1.7,0.0,31.3
C027,2024-08-12,2024-08-16,P011,14.2,2.2,2.2,0.0,18.6
C028,2024-08-12,2024-08-16,P018,21.2,5.4,0.6,0.0,27.2
C028,2024-08-12,2024-08-16,P009,10.2,4.2,0.8,0.0,15.2
C029,2024-08-12,2024-08-16,P009,22.4,2.8,2.1,0.0,27.3
C029,2024-08-12,2024-08-16,P018,15.2,5.2,1.8,0.0,22.2
C030,2024-08-12,2024-08-16,P018,9.6,2.7,2.5,0.0,14.8
C030,2024-08-12,2024-08-16,P009,5.3,5.4,0.5,0.0,11.2
C031,2024-08-12,2024-08-16,P011,35.2,2.1,1.0,0.0,38.3
C032,2024-08-12,2024-08-16,P004,9.0,5.1,2.3,0.0,16.4
C032,2024-08-12,2024-08-16,P011,10.1,3.4,1.7,0.0,15.2
C033,2024-08-12,2024-08-16,P004,16.6,1.6,2.0,0.0,20.2
C034,2024-08-12,2024-08-16,P009,31.5,1.3,1.1,0.0,33.9
C035,2024-08-12,2024-08-16,P004,33.5,5.4,2.3,0.0,41.2
C001,2024-08-19,2024-08-23,P009,23.3,3.4,1.7,0.0,28.4
C001,2024-08-19,2024-08-23,P018,16.7,2.1,1.5,0.0,20.3
C002,2024-08-19,2024-08-23,P011,35.3,1.8,2.2,0.0,39.3
C003,2024-08-19,2024-08-23,P004,36.1,2.1,1.5,0.0,39.7
C004,2024-08-19,2024-08-23,P018,31.3,5.1,2.0,0.0,38.4
C005,2024-08-19,2024-08-23,P004,17.9,1.6,1.7,0.0,21.2
C005,2024-08-19,2024-08-23,P011,14.6,1.7,2.0,0.0,18.3
C006,2024-08-19,2024-08-23,P018,34.8,2.9,0.6,0.0,38.3
C007,2024-08-19,2024-08-23,P018,23.3,4.9,1.5,0.0,29.7
C008,2024-08-19,2024-08-23,P004,26.4,3.1,1.1,0.0,30.6
C009,2024-08-19,2024-08-23,P004,16.5,3.7,1.1,0.0,21.3
C009,2024-08-19,2024-08-23,P009,12.0,1.0,2.4,0.0,15.4
C010,2024-08-19,2024-08-23,P009,35.7,4.4,1.3,0.0,41.4
C011,2024-08-19,2024-08-23,P011,32.2,2.3,1.8,0.0,36.3
C012,2024-08-19,2024-08-23,P009,25.7,3.1,2.5,0.0,31.3
C013,2024-08-19,2024-08-23,P018,28.6,2.3,1.3,0.0,32.2
C014,2024-08-19,2024-08-23,P004,12.1,4.9,2.9,0.0,19.9
C014,2024-08-19,2024-08-23,P011,13.6,1.5,1.8,0.0,16.9
C015,2024-08-19,2024-08-23,P004,18.6,4.2,2.5,0.0,25.3
C015,2024-08-19,2024-08-23,P018,17.4,5.1,1.7,0.0,24.2
C016,2024-08-19,2024-08-23,P004,25.4,4.6,2.8,0.0,32.8
C017,2024-08-19,2024-08-23,P011,29.8,4.6,2.0,0.0,36.4
C018,2024-08-19,2024-08-23,P009,37.8,5.3,2.8,0.0,45.9
C019,2024-08-19,2024-08-23,P009,28.3,4.1,2.2,0.0,34.6
C020,2024-08-19,2024-08-23,P011,23.1,4.9,1.4,0.0,29.4
C021,2024-08-19,2024-08-23,P004,20.5,4.7,0.7,0.0,25.9
C022,2024-08-19,2024-08-23,P011,24.0,2.4,2.0,0.0,28.4
C022,2024-08-19,2024-08-23,P009,10.8,2.0,2.8,0.0,15.6
C023,2024-08-19,2024-08-23,P018,28.6,3.5,1.9,0.0,34.0
C024,2024-08-19,2024-08-23,P011,12.4,5.4,2.5,0.0,20.3
C025,2024-08-19,2024-08-23,P018,26.7,3.8,2.4,0.0,32.9
C026,2024-08-19,2024-08-23,P004,31.3,3.4,1.1,0.0,35.8
C027,2024-08-19,2024-08-23,P009,3.5,5.0,1.5,0.0,10.0
C027,2024-08-19,2024-08-23,P011,2.3,2.8,1.8,0.0,6.9
C028,2024-08-19,2024-08-23,P011,28.2,1.4,2.8,0.0,32.4
C029,2024-08-19,2024-08-23,P011,29.0,1.9,2.4,0.0,33.3
C030,2024-08-19,2024-08-23,P009,18.4,5.4,1.0,0.0,24.8
C031,2024-08-19,2024-08-23,P011,30.9,1.8,0.8,0.0,33.5
C032,2024-08-19,2024-08-23,P004,27.3,5.2,1.4,0.0,33.9
C033,2024-08-19,2024-08-23,P011,6.0,4.8,1.8,0.0,12.6
C033,2024-08-19,2024-08-23,P009,7.1,3.0,2.4,0.0,12.5
C034,2024-08-19,2024-08-23,P004,16.4,5.3,2.4,0.0,24.1
C034,2024-08-19,2024-08-23,P011,16.2,3.3,0.8,0.0,20.3
C035,2024-08-19,2024-08-23,P004,32.7,1.1,1.0,0.0,34.8
C001,2024-08-26,2024-08-30,P018,28.9,2.2,1.7,0.0,32.8
C002,2024-08-26,2024-08-30,P018,30.3,3.1,1.5,0.0,34.9
C003,2024-08-26,2024-08-30,P011,32.1,5.9,2.2,0.0,40.2
C004,2024-08-26,2024-08-30,P011,16.7,2.0,2.5,0.0,21.2
C004,2024-08-26,2024-08-30,P018,8.7,4.7,1.7,0.0,15.1
C005,2024-08-26,2024-08-30,P018,17.2,3.8,1.9,0.0,22.9
C005,2024-08-26,2024-08-30,P011,17.8,3.0,2.2,0.0,23.0
C006,2024-08-26,2024-08-30,P011,12.4,3.2,1.3,24.0,40.9
C007,2024-08-26,2024-08-30,P011,27.5,3.1,1.4,0.0,32.0
C008,2024-08-26,2024-08-30,P011,35.9,5.9,1.2,0.0,43.0
C009,2024-08-26,2024-08-30,P011,29.8,2.9,1.2,0.0,33.9
C010,2024-08-26,2024-08-30,P011,35.1,4.2,2.8,0.0,42.1
C011,2024-08-26,2024-08-30,P011,13.6,2.6,2.1,0.0,18.3
C011,2024-08-26,2024-08-30,P018,13.5,4.6,2.0,0.0,20.1
C012,2024-08-26,2024-08-30,P018,17.5,1.9,0.6,0.0,20.0
C012,2024-08-26,2024-08-30,P011,15.9,4.6,2.2,0.0,22.7
C013,2024-08-26,2024-08-30,P011,21.9,1.3,2.7,16.0,41.9
C014,2024-08-26,2024-08-30,P018,26.9,3.6,3.0,0.0,33.5
C015,2024-08-26,2024-08-30,,0.0,0.0,0.0,40.0,40.0
C016,2024-08-26,2024-08-30,P018,30.2,3.2,0.8,0.0,34.2
C017,2024-08-26,2024-08-30,P018,6.2,5.4,2.8,24.0,38.4
C017,2024-08-26,2024-08-30,P011,5.2,3.7,0.8,0.0,9.7
C018,2024-08-26,2024-08-30,P018,30.4,4.2,2.1,0.0,36.7
C019,2024-08-26,2024-08-30,P018,26.3,3.4,1.1,0.0,30.8
C020,2024-08-26,2024-08-30,P018,10.0,1.8,0.5,24.0,36.3
C021,2024-08-26,2024-08-30,P011,9.3,4.4,1.7,0.0,15.4
C022,2024-08-26,2024-08-30,P018,31.0,5.0,2.0,0.0,38.0
C023,2024-08-26,2024-08-30,P018,13.4,4.6,2.1,0.0,20.1
C023,2024-08-26,2024-08-30,P011,14.9,5.1,1.1,0.0,21.1
C024,2024-08-26,2024-08-30,P018,6.7,2.4,2.4,16.0,27.5
C025,2024-08-26,2024-08-30,P018,28.3,1.6,1.6,0.0,31.5
C026,2024-08-26,2024-08-30,P018,13.4,1.8,2.9,0.0,18.1
C026,2024-08-26,2024-08-30,P011,13.6,1.1,2.9,0.0,17.6
C027,2024-08-26,2024-08-30,P011,15.6,1.8,1.7,0.0,19.1
C028,2024-08-26,2024-08-30,P018,31.2,6.0,1.7,0.0,38.9
C029,2024-08-26,2024-08-30,P011,20.8,1.4,1.7,0.0,23.9
C029,2024-08-26,2024-08-30,P018,12.1,2.0,2.6,0.0,16.7
C030,2024-08-26,2024-08-30,P011,6.4,5.9,1.1,0.0,13.4
C030,2024-08-26,2024-08-30,P018,6.1,6.0,1.0,0.0,13.1
C031,2024-08-26,2024-08-30,P018,31.8,4.4,1.3,0.0,37.5
C032,2024-08-26,2024-08-30,P011,20.2,4.7,1.9,0.0,26.8
C033,2024-08-26,2024-08-30,P011,19.3,5.3,1.0,0.0,25.6
C034,2024-08-26,2024-08-30,P018,32.4,1.1,2.5,0.0,36.0
C035,2024-08-26,2024-08-30,P018,13.1,1.4,0.9,0.0,15.4
C035,2024-08-26,2024-08-30,P011,12.6,1.5,2.0,0.0,16.1
C001,2024-09-02,2024-09-06,P011,16.2,1.8,1.8,0.0,19.8
C001,2024-09-02,2024-09-06,P018,15.8,1.5,1.7,0.0,19.0
C002,2024-09-02,2024-09-06,P018,31.9,4.7,0.6,0.0,37.2
C003,2024-09-02,2024-09-06,P018,21.1,3.2,1.2,0.0,25.5
C003,2024-09-02,2024-09-06,P011,17.6,4.5,1.0,0.0,23.1
C004,2024-09-02,2024-09-06,P011,32.6,1.3,0.9,0.0,34.8
C005,2024-09-02,2024-09-06,P018,36.2,3.3,2.4,0.0,41.9
C006,2024-09-02,2024-09-06,P018,26.3,4.9,1.1,0.0,32.3
C007,2024-09-02,2024-09-06,P018,32.6,1.9,2.2,0.0,36.7
C008,2024-09-02,2024-09-06,P018,34.2,1.6,1.8,0.0,37.6
C009,2024-09-02,2024-09-06,P011,19.0,2.0,1.7,16.0,38.7
C010,2024-09-02,2024-09-06,P018,37.0,1.2,1.1,0.0,39.3
C011,2024-09-02,2024-09-06,P011,37.0,4.3,2.8,0.0,44.1
C012,2024-09-02,2024-09-06,P018,35.0,5.1,2.5,0.0,42.6
C013,2024-09-02,2024-09-06,P011,11.6,5.2,0.7,24.0,41.5
C014,2024-09-02,2024-09-06,P018,32.2,1.9,1.8,0.0,35.9
C015,2024-09-02,2024-09-06,P011,37.5,3.8,1.9,0.0,43.2
C016,2024-09-02,2024-09-06,P018,28.6,5.4,0.9,0.0,34.9
C017,2024-09-02,2024-09-06,P018,26.0,4.3,1.8,0.0,32.1
C018,2024-09-02,2024-09-06,P018,25.3,5.2,1.5,0.0,32.0
C019,2024-09-02,2024-09-06,P018,15.5,2.1,2.4,0.0,20.0
C019,2024-09-02,2024-09-06,P011,11.8,5.6,1.1,0.0,18.5
C020,2024-09-02,2024-09-06,P018,18.3,6.0,1.3,0.0,25.6
C020,2024-09-02,2024-09-06,P011,14.7,2.5,1.1,0.0,18.3
C021,2024-09-02,2024-09-06,P018,17.0,5.6,1.8,0.0,24.4
C022,2024-09-02,2024-09-06,,0.0,0.0,0.0,40.0,40.0
C023,2024-09-02,2024-09-06,P018,26.6,5.4,1.1,0.0,33.1
C024,2024-09-02,2024-09-06,P011,17.9,4.7,2.3,0.0,24.9
C025,2024-09-02,2024-09-06,P011,32.2,4.0,1.3,0.0,37.5
C026,2024-09-02,2024-09-06,P018,17.1,3.2,2.8,8.0,31.1
C026,2024-09-02,2024-09-06,P011,8.6,1.6,2.4,0.0,12.6
C027,2024-09-02,2024-09-06,P011,5.3,3.6,1.3,0.0,10.2
C027,2024-09-02,2024-09-06,P018,7.5,3.8,1.3,0.0,12.6
C028,2024-09-02,2024-09-06,P018,14.2,2.4,1.5,0.0,18.1
C028,2024-09-02,2024-09-06,P011,16.3,1.7,0.7,0.0,18.7
C029,2024-09-02,2024-09-06,P018,31.8,2.3,1.5,0.0,35.6
C030,2024-09-02,2024-09-06,P011,12.3,3.4,2.1,0.0,17.8
C031,2024-09-02,2024-09-06,P011,36.5,2.2,1.2,0.0,39.9
C032,2024-09-02,2024-09-06,P018,18.5,3.1,1.4,0.0,23.0
C033,2024-09-02,2024-09-06,P011,20.6,4.8,0.9,0.0,26.3
C034,2024-09-02,2024-09-06,P018,26.8,1.2,2.5,0.0,30.5
C035,2024-09-02,2024-09-06,P011,37.2,1.6,0.6,0.0,39.4
C001,2024-09-09,2024-09-13,P001,24.3,1.6,1.6,0.0,27.5
C001,2024-09-09,2024-09-13,P011,15.7,1.1,1.0,0.0,17.8
C002,2024-09-09,2024-09-13,P018,31.1,4.8,1.9,0.0,37.8
C003,2024-09-09,2024-09-13,P011,25.1,3.9,2.2,0.0,31.2
C004,2024-09-09,2024-09-13,P001,13.5,4.9,2.0,16.0,36.4
C005,2024-09-09,2024-09-13,,0.0,0.0,0.0,40.0,40.0
C006,2024-09-09,2024-09-13,P018,34.7,2.8,0.8,0.0,38.3
C007,2024-09-09,2024-09-13,P018,20.5,3.4,2.0,0.0,25.9
C007,2024-09-09,2024-09-13,P001,10.1,1.4,1.0,0.0,12.5
C008,2024-09-09,2024-09-13,P018,40.0,1.1,1.1,0.0,42.2
C009,2024-09-09,2024-09-13,P011,30.5,4.4,1.4,0.0,36.3
C010,2024-09-09,2024-09-13,P018,20.7,4.1,2.7,0.0,27.5
C010,2024-09-09,2024-09-13,P011,11.4,5.5,2.5,0.0,19.4
C011,2024-09-09,2024-09-13,P011,39.0,4.3,0.7,0.0,44.0
C012,2024-09-09,2024-09-13,P018,17.7,3.9,1.6,0.0,23.2
C012,2024-09-09,2024-09-13,P001,16.0,2.6,2.0,0.0,20.6
C013,2024-09-09,2024-09-13,P018,30.8,5.0,2.7,0.0,38.5
C014,2024-09-09,2024-09-13,P018,16.9,5.5,2.4,0.0,24.8
C014,2024-09-09,2024-09-13,P001,15.0,4.3,1.9,0.0,21.2
C015,2024-09-09,2024-09-13,P001,21.9,1.7,0.6,0.0,24.2
C015,2024-09-09,2024-09-13,P011,11.7,2.6,2.9,0.0,17.2
C016,2024-09-09,2024-09-13,P018,30.1,5.7,2.7,0.0,38.5
C017,2024-09-09,2024-09-13,P001,35.7,1.1,3.0,0.0,39.8
C018,2024-09-09,2024-09-13,P018,31.5,2.2,1.1,0.0,34.8
C019,2024-09-09,2024-09-13,P018,31.4,5.2,1.7,0.0,38.3
C020,2024-09-09,2024-09-13,P011,25.3,3.5,0.8,0.0,29.6
C021,2024-09-09,2024-09-13,P011,18.4,5.8,1.1,0.0,25.3
C022,2024-09-09,2024-09-13,P001,35.0,1.3,2.8,0.0,39.1
C023,2024-09-09,2024-09-13,P011,36.8,5.4,1.6,0.0,43.8
C024,2024-09-09,2024-09-13,P011,17.3,4.6,1.5,0.0,23.4
C025,2024-09-09,2024-09-13,P018,33.6,4.9,1.8,0.0,40.3
C026,2024-09-09,2024-09-13,P001,17.2,3.0,2.3,0.0,22.5
C026,2024-09-09,2024-09-13,P018,13.7,3.8,1.8,0.0,19.3
C027,2024-09-09,2024-09-13,P011,17.1,4.9,1.2,0.0,23.2
C028,2024-09-09,2024-09-13,P001,30.3,4.4,2.8,0.0,37.5
C029,2024-09-09,2024-09-13,P018,22.7,5.7,2.2,8.0,38.6
C030,2024-09-09,2024-09-13,P011,19.3,1.1,1.6,0.0,22.0
C031,2024-09-09,2024-09-13,P011,40.0,4.5,2.8,0.0,47.3
C032,2024-09-09,2024-09-13,P001,8.2,3.2,1.4,0.0,12.8
C032,2024-09-09,2024-09-13,P018,10.7,3.6,1.5,0.0,15.8
C033,2024-09-09,2024-09-13,P011,19.2,1.2,0.9,0.0,21.3
C034,2024-09-09,2024-09-13,P001,17.6,1.9,2.3,0.0,21.8
C034,2024-09-09,2024-09-13,P018,9.0,3.1,1.3,0.0,13.4
C035,2024-09-09,2024-09-13,P001,31.7,5.8,0.5,0.0,38.0
C001,2024-09-16,2024-09-20,P011,29.7,5.3,1.9,0.0,36.9
C002,2024-09-16,2024-09-20,P011,40.0,3.3,1.6,0.0,44.9
C003,2024-09-16,2024-09-20,P018,34.3,2.4,2.1,0.0,38.8
C004,2024-09-16,2024-09-20,P011,32.4,1.2,2.6,0.0,36.2
C005,2024-09-16,2024-09-20,P011,20.5,1.2,1.5,0.0,23.2
C005,2024-09-16,2024-09-20,P018,9.8,1.9,2.2,0.0,13.9
C006,2024-09-16,2024-09-20,P001,17.6,2.8,0.6,0.0,21.0
C006,2024-09-16,2024-09-20,P011,10.5,4.8,1.3,0.0,16.6
C007,2024-09-16,2024-09-20,P011,14.1,1.7,2.2,0.0,18.0
C007,2024-09-16,2024-09-20,P001,14.8,2.4,1.8,0.0,19.0
C008,2024-09-16,2024-09-20,P018,27.9,5.9,1.8,0.0,35.6
C009,2024-09-16,2024-09-20,P011,13.2,2.3,1.9,24.0,41.4
C010,2024-09-16,2024-09-20,P018,26.3,4.2,1.7,0.0,32.2
C011,2024-09-16,2024-09-20,P018,27.6,2.5,1.0,0.0,31.1
C012,2024-09-16,2024-09-20,P001,18.9,2.7,1.9,0.0,23.5
C012,2024-09-16,2024-09-20,P011,17.2,4.2,0.5,0.0,21.9
C013,2024-09-16,2024-09-20,P001,35.8,2.5,1.8,0.0,40.1
C014,2024-09-16,2024-09-20,P018,31.0,3.8,2.9,0.0,37.7
C015,2024-09-16,2024-09-20,P011,33.2,5.6,1.7,0.0,40.5
C016,2024-09-16,2024-09-20,P011,27.7,5.5,1.8,0.0,35.0
C017,2024-09-16,2024-09-20,P011,21.5,2.5,2.3,0.0,26.3
C017,2024-09-16,2024-09-20,P001,11.5,2.6,1.8,0.0,15.9
C018,2024-09-16,2024-09-20,P011,23.8,2.4,0.6,0.0,26.8
C018,2024-09-16,2024-09-20,P001,10.6,5.9,2.1,0.0,18.6
C019,2024-09-16,2024-09-20,P011,38.7,1.9,0.8,0.0,41.4
C020,2024-09-16,2024-09-20,P011,12.6,5.4,1.4,0.0,19.4
C020,2024-09-16,2024-09-20,P018,16.9,5.1,1.3,0.0,23.3
C021,2024-09-16,2024-09-20,P011,14.6,4.9,2.4,0.0,21.9
C022,2024-09-16,2024-09-20,,0.0,0.0,0.0,40.0,40.0
C023,2024-09-16,2024-09-20,P011,26.6,5.6,2.3,0.0,34.5
C024,2024-09-16,2024-09-20,P018,5.2,1.2,1.5,0.0,7.9
C024,2024-09-16,2024-09-20,P001,6.0,5.3,0.8,0.0,12.1
C025,2024-09-16,2024-09-20,P018,27.8,5.4,1.3,0.0,34.5
C026,2024-09-16,2024-09-20,P001,20.2,2.0,1.0,0.0,23.2
C026,2024-09-16,2024-09-20,P011,14.0,2.4,1.8,0.0,18.2
C027,2024-09-16,2024-09-20,P011,16.8,1.7,1.2,0.0,19.7
C028,2024-09-16,2024-09-20,P011,36.8,3.7,1.2,0.0,41.7
C029,2024-09-16,2024-09-20,P018,15.6,2.6,2.7,0.0,20.9
C029,2024-09-16,2024-09-20,P001,18.9,3.7,0.6,0.0,23.2
C030,2024-09-16,2024-09-20,,0.0,0.0,0.0,40.0,40.0
C031,2024-09-16,2024-09-20,,0.0,0.0,0.0,40.0,40.0
C032,2024-09-16,2024-09-20,P018,19.1,4.5,2.0,0.0,25.6
C033,2024-09-16,2024-09-20,P018,15.2,4.8,1.7,0.0,21.7
C033,2024-09-16,2024-09-20,P001,6.7,1.7,2.5,0.0,10.9
C034,2024-09-16,2024-09-20,P018,35.1,4.8,1.7,0.0,41.6
C035,2024-09-16,2024-09-20,P018,29.0,2.3,1.4,0.0,32.7
C001,2024-09-23,2024-09-27,P006,20.5,1.3,0.8,0.0,22.6
C001,2024-09-23,2024-09-27,P011,17.1,3.4,2.6,0.0,23.1
C002,2024-09-23,2024-09-27,P012,40.0,1.6,0.8,0.0,42.4
C003,2024-09-23,2024-09-27,P006,36.9,3.7,1.5,0.0,42.1
C004,2024-09-23,2024-09-27,P012,24.7,1.8,1.7,0.0,28.2
C005,2024-09-23,2024-09-27,P011,35.3,3.8,1.4,0.0,40.5
C006,2024-09-23,2024-09-27,P018,33.9,1.4,2.8,0.0,38.1
C007,2024-09-23,2024-09-27,P012,28.7,1.5,1.6,0.0,31.8
C008,2024-09-23,2024-09-27,P012,31.9,1.5,2.5,0.0,35.9
C009,2024-09-23,2024-09-27,P001,34.5,2.1,0.8,0.0,37.4
C010,2024-09-23,2024-09-27,P001,17.3,3.3,1.2,0.0,21.8
C010,2024-09-23,2024-09-27,P003,11.6,4.1,1.6,0.0,17.3
C011,2024-09-23,2024-09-27,P018,24.5,5.7,2.3,0.0,32.5
C011,2024-09-23,2024-09-27,P006,11.8,5.6,3.0,0.0,20.4
C012,2024-09-23,2024-09-27,P012,40.0,3.0,0.8,0.0,43.8
C013,2024-09-23,2024-09-27,P018,31.7,3.8,2.9,0.0,38.4
C014,2024-09-23,2024-09-27,P001,34.9,2.2,2.3,0.0,39.4
C015,2024-09-23,2024-09-27,P012,30.0,2.1,0.9,0.0,33.0
C016,2024-09-23,2024-09-27,P006,31.0,5.2,0.9,0.0,37.1
C017,2024-09-23,2024-09-27,P001,38.8,1.7,2.7,0.0,43.2
C018,2024-09-23,2024-09-27,P003,14.4,5.0,2.7,0.0,22.1
C018,2024-09-23,2024-09-27,P001,18.3,5.5,2.2,0.0,26.0
C019,2024-09-23,2024-09-27,P011,37.9,2.9,1.1,0.0,41.9
C020,2024-09-23,2024-09-27,P011,26.4,5.2,1.1,0.0,32.7
C021,2024-09-23,2024-09-27,P001,13.9,3.8,2.3,0.0,20.0
C022,2024-09-23,2024-09-27,P018,34.0,1.4,2.3,0.0,37.7
C023,2024-09-23,2024-09-27,P012,21.0,1.4,2.7,0.0,25.1
C024,2024-09-23,2024-09-27,,0.0,0.0,0.0,40.0,40.0
C025,2024-09-23,2024-09-27,P012,24.8,5.0,1.3,0.0,31.1
C026,2024-09-23,2024-09-27,P001,11.4,3.3,1.8,24.0,40.5
C027,2024-09-23,2024-09-27,P006,5.2,4.5,2.0,0.0,11.7
C027,2024-09-23,2024-09-27,P018,6.4,2.5,2.5,0.0,11.4
C028,2024-09-23,2024-09-27,P012,32.5,1.8,0.6,0.0,34.9
C029,2024-09-23,2024-09-27,P001,40.0,1.6,0.7,0.0,42.3
C030,2024-09-23,2024-09-27,P012,17.6,2.4,2.6,0.0,22.6
C031,2024-09-23,2024-09-27,P003,35.9,4.3,1.4,0.0,41.6
C032,2024-09-23,2024-09-27,P003,11.0,3.6,0.6,0.0,15.2
C032,2024-09-23,2024-09-27,P011,13.2,5.9,2.9,0.0,22.0
C033,2024-09-23,2024-09-27,P011,5.6,3.2,2.1,0.0,10.9
C033,2024-09-23,2024-09-27,P018,6.3,2.1,2.3,0.0,10.7
C034,2024-09-23,2024-09-27,P001,27.0,1.3,1.7,0.0,30.0
C035,2024-09-23,2024-09-27,P003,16.2,3.0,1.2,0.0,20.4
C035,2024-09-23,2024-09-27,P011,10.5,3.7,1.6,0.0,15.8
C001,2024-09-30,2024-10-04,P010,17.2,3.7,2.9,0.0,23.8
C001,2024-09-30,2024-10-04,P012,17.5,1.5,1.8,0.0,20.8
C002,2024-09-30,2024-10-04,P006,29.3,2.7,1.2,0.0,33.2
C003,2024-09-30,2024-10-04,,0.0,0.0,0.0,40.0,40.0
C004,2024-09-30,2024-10-04,P018,25.4,2.0,1.3,0.0,28.7
C005,2024-09-30,2024-10-04,P011,34.3,1.1,0.5,0.0,35.9
C006,2024-09-30,2024-10-04,P006,36.5,2.1,1.2,0.0,39.8
C007,2024-09-30,2024-10-04,P001,34.5,1.3,2.0,0.0,37.8
C008,2024-09-30,2024-10-04,P001,36.2,1.4,2.0,0.0,39.6
C009,2024-09-30,2024-10-04,P012,20.7,1.9,0.8,0.0,23.4
C009,2024-09-30,2024-10-04,P011,11.6,1.9,1.2,0.0,14.7
C010,2024-09-30,2024-10-04,P018,19.4,4.3,2.4,0.0,26.1
C010,2024-09-30,2024-10-04,P010,12.6,2.3,2.5,0.0,17.4
C011,2024-09-30,2024-10-04,P010,32.7,2.7,0.7,0.0,36.1
C012,2024-09-30,2024-10-04,P003,35.8,4.1,0.9,0.0,40.8
C013,2024-09-30,2024-10-04,P018,31.9,3.2,2.0,0.0,37.1
C014,2024-09-30,2024-10-04,P001,34.6,3.9,1.1,0.0,39.6
C015,2024-09-30,2024-10-04,P003,21.0,5.7,2.2,0.0,28.9
C015,2024-09-30,2024-10-04,P012,14.5,2.3,2.3,0.0,19.1
C016,2024-09-30,2024-10-04,P010,17.6,5.2,2.5,0.0,25.3
C016,2024-09-30,2024-10-04,P018,15.5,4.9,1.9,0.0,22.3
C017,2024-09-30,2024-10-04,,0.0,0.0,0.0,40.0,40.0
C018,2024-09-30,2024-10-04,P006,36.4,3.0,2.1,0.0,41.5
C019,2024-09-30,2024-10-04,P011,36.2,5.3,1.4,0.0,42.9
C020,2024-09-30,2024-10-04,P011,32.5,1.2,1.5,0.0,35.2
C021,2024-09-30,2024-10-04,P001,12.3,4.2,1.4,0.0,17.9
C022,2024-09-30,2024-10-04,P003,38.9,1.1,3.0,0.0,43.0
C023,2024-09-30,2024-10-04,P018,31.7,3.7,1.3,0.0,36.7
C024,2024-09-30,2024-10-04,P001,4.4,4.9,0.6,0.0,9.9
C024,2024-09-30,2024-10-04,P006,6.2,1.6,2.5,0.0,10.3
C025,2024-09-30,2024-10-04,P012,27.2,5.4,1.8,0.0,34.4
C026,2024-09-30,2024-10-04,P001,19.6,3.4,2.8,16.0,41.8
C027,2024-09-30,2024-10-04,P012,9.1,1.2,1.3,16.0,27.6
C028,2024-09-30,2024-10-04,P018,32.4,5.1,0.8,0.0,38.3
C029,2024-09-30,2024-10-04,P001,29.8,5.0,1.6,0.0,36.4
C030,2024-09-30,2024-10-04,P012,22.3,3.9,0.8,0.0,27.0
C031,2024-09-30,2024-10-04,P018,13.6,2.7,0.8,0.0,17.1
C031,2024-09-30,2024-10-04,P001,9.9,1.7,1.5,0.0,13.1
C032,2024-09-30,2024-10-04,P001,9.6,5.2,2.0,0.0,16.8
C032,2024-09-30,2024-10-04,P003,12.7,4.9,0.5,0.0,18.1
C033,2024-09-30,2024-10-04,P003,13.2,5.6,2.3,0.0,21.1
C034,2024-09-30,2024-10-04,P010,12.5,1.7,1.2,0.0,15.4
C034,2024-09-30,2024-10-04,P012,16.0,3.3,1.1,0.0,20.4
C035,2024-09-30,2024-10-04,P011,29.4,1.9,1.7,0.0,33.0
C001,2024-10-07,2024-10-11,P001,39.3,3.8,1.0,0.0,44.1
C002,2024-10-07,2024-10-11,P011,21.3,5.9,1.8,0.0,29.0
C002,2024-10-07,2024-10-11,P006,11.0,3.3,2.1,0.0,16.4
C003,2024-10-07,2024-10-11,P018,34.3,5.8,1.7,0.0,41.8
C004,2024-10-07,2024-10-11,P001,32.5,1.3,1.4,0.0,35.2
C005,2024-10-07,2024-10-11,P010,14.5,1.3,1.8,0.0,17.6
C005,2024-10-07,2024-10-11,P001,19.1,1.8,0.6,0.0,21.5
C006,2024-10-07,2024-10-11,P003,35.7,4.6,2.0,0.0,42.3
C007,2024-10-07,2024-10-11,P018,31.6,1.6,1.1,0.0,34.3
C008,2024-10-07,2024-10-11,P003,36.4,2.9,1.1,0.0,40.4
C009,2024-10-07,2024-10-11,P011,29.5,3.3,1.5,0.0,34.3
C010,2024-10-07,2024-10-11,P012,23.3,2.0,0.8,0.0,26.1
C010,2024-10-07,2024-10-11,P006,10.3,4.5,0.6,0.0,15.4
C011,2024-10-07,2024-10-11,P006,39.1,2.1,1.2,0.0,42.4
C012,2024-10-07,2024-10-11,P011,22.2,3.8,1.1,0.0,27.1
C012,2024-10-07,2024-10-11,P003,16.5,3.1,1.8,0.0,21.4
C013,2024-10-07,2024-10-11,P001,34.6,4.7,2.3,0.0,41.6
C014,2024-10-07,2024-10-11,P011,29.1,2.1,2.8,0.0,34.0
C015,2024-10-07,2024-10-11,P001,40.0,1.2,1.7,0.0,42.9
C016,2024-10-07,2024-10-11,P011,25.9,3.0,2.5,0.0,31.4
C017,2024-10-07,2024-10-11,P018,32.2,1.1,2.3,0.0,35.6
C018,2024-10-07,2024-10-11,P006,31.1,2.2,3.0,0.0,36.3
C019,2024-10-07,2024-10-11,P011,38.7,4.7,0.6,0.0,44.0
C020,2024-10-07,2024-10-11,P018,15.3,4.9,1.4,0.0,21.6
C020,2024-10-07,2024-10-11,P012,14.1,3.3,2.1,0.0,19.5
C021,2024-10-07,2024-10-11,P001,19.0,2.5,2.4,0.0,23.9
C022,2024-10-07,2024-10-11,P011,32.8,5.0,2.5,0.0,40.3
C023,2024-10-07,2024-10-11,P012,36.0,2.8,0.6,0.0,39.4
C024,2024-10-07,2024-10-11,P001,22.0,2.8,0.9,0.0,25.7
C025,2024-10-07,2024-10-11,P006,27.4,2.2,0.8,0.0,30.4
C026,2024-10-07,2024-10-11,P011,15.0,4.7,1.1,0.0,20.8
C026,2024-10-07,2024-10-11,P012,17.3,2.8,1.2,0.0,21.3
C027,2024-10-07,2024-10-11,P011,6.7,3.6,0.8,24.0,35.1
C028,2024-10-07,2024-10-11,P011,28.3,5.5,1.6,0.0,35.4
C029,2024-10-07,2024-10-11,P001,20.0,3.3,0.7,0.0,24.0
C029,2024-10-07,2024-10-11,P003,10.0,5.5,1.2,0.0,16.7
C030,2024-10-07,2024-10-11,P006,22.4,1.6,0.9,0.0,24.9
C031,2024-10-07,2024-10-11,P010,35.6,5.8,1.9,0.0,43.3
C032,2024-10-07,2024-10-11,P010,26.2,4.7,0.6,0.0,31.5
C033,2024-10-07,2024-10-11,P011,9.2,3.9,2.1,0.0,15.2
C033,2024-10-07,2024-10-11,P012,9.1,4.9,1.7,0.0,15.7
C034,2024-10-07,2024-10-11,P011,32.0,3.2,1.3,0.0,36.5
C035,2024-10-07,2024-10-11,P010,36.0,2.9,1.2,0.0,40.1
C001,2024-10-14,2024-10-18,P006,39.2,3.3,0.9,0.0,43.4
C002,2024-10-14,2024-10-18,P018,24.1,4.3,0.9,0.0,29.3
C002,2024-10-14,2024-10-18,P012,15.5,2.2,0.6,0.0,18.3
C003,2024-10-14,2024-10-18,P006,31.1,2.8,1.0,0.0,34.9
C004,2024-10-14,2024-10-18,P010,29.6,3.7,0.9,0.0,34.2
C005,2024-10-14,2024-10-18,P010,17.1,5.7,2.8,0.0,25.6
C005,2024-10-14,2024-10-18,P018,10.0,1.8,2.9,0.0,14.7
C006,2024-10-14,2024-10-18,P006,28.2,5.8,2.4,0.0,36.4
C007,2024-10-14,2024-10-18,P018,31.4,3.8,2.8,0.0,38.0
C008,2024-10-14,2024-10-18,P003,16.0,2.5,1.5,0.0,20.0
C008,2024-10-14,2024-10-18,P012,12.3,5.2,1.6,0.0,19.1
C009,2024-10-14,2024-10-18,P003,28.9,3.9,1.1,8.0,41.9
C010,2024-10-14,2024-10-18,,0.0,0.0,0.0,40.0,40.0
C011,2024-10-14,2024-10-18,P011,15.0,2.6,2.0,0.0,19.6
C011,2024-10-14,2024-10-18,P010,17.7,5.7,2.8,0.0,26.2
C012,2024-10-14,2024-10-18,P006,31.3,1.1,1.4,0.0,33.8
C013,2024-10-14,2024-10-18,P011,34.5,1.4,2.3,0.0,38.2
C014,2024-10-14,2024-10-18,P018,19.4,4.6,2.7,0.0,26.7
C015,2024-10-14,2024-10-18,P018,37.1,3.9,0.7,0.0,41.7
C016,2024-10-14,2024-10-18,P001,18.8,1.4,1.5,0.0,21.7
C016,2024-10-14,2024-10-18,P011,11.2,5.6,1.5,0.0,18.3
C017,2024-10-14,2024-10-18,P018,17.1,5.2,1.2,0.0,23.5
C017,2024-10-14,2024-10-18,P003,20.1,3.5,2.6,0.0,26.2
C018,2024-10-14,2024-10-18,P003,19.8,1.8,1.3,0.0,22.9
C018,2024-10-14,2024-10-18,P001,11.3,4.2,2.1,0.0,17.6
C019,2024-10-14,2024-10-18,P006,37.8,3.1,1.7,0.0,42.6
C020,2024-10-14,2024-10-18,P001,27.7,4.0,1.4,0.0,33.1
C021,2024-10-14,2024-10-18,P006,15.2,4.1,1.7,0.0,21.0
C022,2024-10-14,2024-10-18,P018,33.3,2.3,2.0,0.0,37.6
C023,2024-10-14,2024-10-18,P012,26.9,1.7,0.9,0.0,29.5
C024,2024-10-14,2024-10-18,P006,17.4,2.5,2.1,0.0,22.0
C025,2024-10-14,2024-10-18,P003,11.5,1.8,1.3,16.0,30.6
C025,2024-10-14,2024-10-18,P001,8.3,2.6,2.6,0.0,13.5
C026,2024-10-14,2024-10-18,P011,33.8,3.9,2.6,0.0,40.3
C027,2024-10-14,2024-10-18,P010,6.0,3.1,2.8,24.0,35.9
C028,2024-10-14,2024-10-18,P018,19.1,5.2,1.8,0.0,26.1
C028,2024-10-14,2024-10-18,P011,13.6,3.7,1.9,0.0,19.2
C029,2024-10-14,2024-10-18,P010,36.4,5.6,0.8,0.0,42.8
C030,2024-10-14,2024-10-18,P003,18.5,5.1,2.7,0.0,26.3
C031,2024-10-14,2024-10-18,P006,21.1,1.1,2.5,0.0,24.7
C031,2024-10-14,2024-10-18,P003,13.4,2.1,2.6,0.0,18.1
C032,2024-10-14,2024-10-18,P001,25.8,3.1,2.4,0.0,31.3
C033,2024-10-14,2024-10-18,P010,20.2,4.8,0.6,0.0,25.6
C034,2024-10-14,2024-10-18,P001,36.7,5.5,0.6,0.0,42.8
C035,2024-10-14,2024-10-18,P001,35.7,4.9,2.8,0.0,43.4
C001,2024-10-21,2024-10-25,P001,36.4,1.7,2.4,0.0,40.5
C002,2024-10-21,2024-10-25,P010,40.0,1.8,1.8,0.0,43.6
C003,2024-10-21,2024-10-25,P001,33.6,3.6,2.3,0.0,39.5
C004,2024-10-21,2024-10-25,P001,28.3,5.9,0.7,0.0,34.9
C005,2024-10-21,2024-10-25,P006,33.9,3.2,2.9,0.0,40.0
C006,2024-10-21,2024-10-25,P012,37.4,3.1,1.8,0.0,42.3
C007,2024-10-21,2024-10-25,P006,27.1,3.5,1.4,0.0,32.0
C008,2024-10-21,2024-10-25,P001,20.7,2.9,1.6,0.0,25.2
C008,2024-10-21,2024-10-25,P006,17.0,4.7,2.2,0.0,23.9
C009,2024-10-21,2024-10-25,P012,23.4,5.5,2.5,0.0,31.4
C009,2024-10-21,2024-10-25,P001,12.2,5.7,1.4,0.0,19.3
C010,2024-10-21,2024-10-25,,0.0,0.0,0.0,40.0,40.0
C011,2024-10-21,2024-10-25,P001,32.1,1.7,1.5,0.0,35.3
C012,2024-10-21,2024-10-25,P006,29.3,1.3,2.9,0.0,33.5
C013,2024-10-21,2024-10-25,P012,30.0,4.6,1.2,0.0,35.8
C014,2024-10-21,2024-10-25,P010,35.8,4.8,2.5,0.0,43.1
C015,2024-10-21,2024-10-25,P012,17.6,4.8,0.8,0.0,23.2
C015,2024-10-21,2024-10-25,P010,18.7,2.3,1.7,0.0,22.7
C016,2024-10-21,2024-10-25,P001,27.5,4.7,2.6,0.0,34.8
C017,2024-10-21,2024-10-25,P010,31.9,1.8,2.1,0.0,35.8
C018,2024-10-21,2024-10-25,P012,26.2,5.0,1.0,8.0,40.2
C019,2024-10-21,2024-10-25,P001,30.4,5.8,0.6,0.0,36.8
C020,2024-10-21,2024-10-25,P012,12.3,2.9,1.6,0.0,16.8
C020,2024-10-21,2024-10-25,P006,12.5,1.2,1.9,0.0,15.6
C021,2024-10-21,2024-10-25,P006,20.2,2.6,1.5,0.0,24.3
C022,2024-10-21,2024-10-25,P012,31.4,4.3,2.2,0.0,37.9
C023,2024-10-21,2024-10-25,P012,24.7,2.3,2.0,0.0,29.0
C024,2024-10-21,2024-10-25,P010,16.0,2.6,0.6,0.0,19.2
C025,2024-10-21,2024-10-25,P001,18.1,1.5,1.4,0.0,21.0
C025,2024-10-21,2024-10-25,P010,18.0,2.8,1.4,0.0,22.2
C026,2024-10-21,2024-10-25,P010,34.9,4.0,2.8,0.0,41.7
C027,2024-10-21,2024-10-25,P010,21.1,1.2,2.1,0.0,24.4
C028,2024-10-21,2024-10-25,P012,32.6,2.3,2.2,0.0,37.1
C029,2024-10-21,2024-10-25,P001,24.1,5.0,0.8,0.0,29.9
C030,2024-10-21,2024-10-25,P010,11.9,1.8,1.2,0.0,14.9
C031,2024-10-21,2024-10-25,P001,17.0,2.3,1.2,0.0,20.5
C031,2024-10-21,2024-10-25,P010,19.6,3.9,2.5,0.0,26.0
C032,2024-10-21,2024-10-25,P001,11.8,1.3,2.5,0.0,15.6
C032,2024-10-21,2024-10-25,P010,11.7,3.4,1.0,0.0,16.1
C033,2024-10-21,2024-10-25,P012,11.0,2.0,1.5,0.0,14.5
C033,2024-10-21,2024-10-25,P010,8.6,4.1,1.6,0.0,14.3
C034,2024-10-21,2024-10-25,P001,25.6,4.1,1.8,0.0,31.5
C035,2024-10-21,2024-10-25,P012,22.5,3.7,2.0,0.0,28.2
C035,2024-10-21,2024-10-25,P006,10.5,4.8,1.6,0.0,16.9
C001,2024-10-28,2024-11-01,P006,38.3,2.8,0.9,0.0,42.0
C002,2024-10-28,2024-11-01,P010,37.6,5.3,2.8,0.0,45.7
C003,2024-10-28,2024-11-01,P010,23.1,2.3,2.0,0.0,27.4
C003,2024-10-28,2024-11-01,P006,15.8,3.0,0.8,0.0,19.6
C004,2024-10-28,2024-11-01,P012,32.3,3.1,2.8,0.0,38.2
C005,2024-10-28,2024-11-01,P001,35.6,2.3,2.5,0.0,40.4
C006,2024-10-28,2024-11-01,P012,13.1,5.5,1.3,0.0,19.9
C006,2024-10-28,2024-11-01,P001,18.3,2.5,0.7,0.0,21.5
C007,2024-10-28,2024-11-01,P001,21.0,4.6,0.9,0.0,26.5
C007,2024-10-28,2024-11-01,P006,9.7,1.6,2.3,0.0,13.6
C008,2024-10-28,2024-11-01,P010,25.6,2.2,0.8,0.0,28.6
C008,2024-10-28,2024-11-01,P006,12.8,5.0,1.3,0.0,19.1
C009,2024-10-28,2024-11-01,P006,32.0,5.7,1.0,0.0,38.7
C010,2024-10-28,2024-11-01,P001,35.0,3.5,1.4,0.0,39.9
C011,2024-10-28,2024-11-01,P012,35.7,3.4,1.1,0.0,40.2
C012,2024-10-28,2024-11-01,P010,31.6,5.1,0.6,0.0,37.3
C013,2024-10-28,2024-11-01,P001,39.7,4.5,2.5,0.0,46.7
C014,2024-10-28,2024-11-01,P010,13.8,5.3,2.6,0.0,21.7
C014,2024-10-28,2024-11-01,P012,17.7,2.9,2.8,0.0,23.4
C015,2024-10-28,2024-11-01,P010,16.2,5.1,1.1,0.0,22.4
C015,2024-10-28,2024-11-01,P006,21.7,2.1,2.7,0.0,26.5
C016,2024-10-28,2024-11-01,P012,16.3,1.4,2.4,0.0,20.1
C016,2024-10-28,2024-11-01,P001,17.4,3.5,2.3,0.0,23.2
C017,2024-10-28,2024-11-01,P012,30.0,5.4,2.6,0.0,38.0
C018,2024-10-28,2024-11-01,P010,35.6,3.3,0.6,0.0,39.5
C019,2024-10-28,2024-11-01,P006,16.4,1.0,1.0,16.0,34.4
C020,2024-10-28,2024-11-01,P006,27.0,5.2,2.2,0.0,34.4
C021,2024-10-28,2024-11-01,P012,22.9,5.4,0.8,0.0,29.1
C022,2024-10-28,2024-11-01,P001,36.5,3.1,1.0,0.0,40.6
C023,2024-10-28,2024-11-01,P006,23.0,5.6,2.1,0.0,30.7
C023,2024-10-28,2024-11-01,P001,10.6,4.1,2.8,0.0,17.5
C024,2024-10-28,2024-11-01,P012,20.6,4.1,2.0,0.0,26.7
C025,2024-10-28,2024-11-01,P006,12.4,4.6,1.6,0.0,18.6
C025,2024-10-28,2024-11-01,P010,16.0,5.6,1.6,0.0,23.2
C026,2024-10-28,2024-11-01,P010,31.9,2.4,1.7,0.0,36.0
C027,2024-10-28,2024-11-01,P006,10.0,1.9,1.0,0.0,12.9
C027,2024-10-28,2024-11-01,P012,6.2,5.0,0.6,0.0,11.8
C028,2024-10-28,2024-11-01,P012,34.1,1.4,1.7,0.0,37.2
C029,2024-10-28,2024-11-01,P012,15.6,2.9,1.6,0.0,20.1
C029,2024-10-28,2024-11-01,P010,18.0,4.0,0.7,0.0,22.7
C030,2024-10-28,2024-11-01,P010,16.8,6.0,2.8,0.0,25.6
C031,2024-10-28,2024-11-01,P001,33.5,1.0,1.8,0.0,36.3
C032,2024-10-28,2024-11-01,P001,15.9,3.9,1.2,0.0,21.0
C033,2024-10-28,2024-11-01,P012,10.9,4.6,1.6,0.0,17.1
C033,2024-10-28,2024-11-01,P001,14.6,2.3,1.3,0.0,18.2
C034,2024-10-28,2024-11-01,P010,35.9,5.6,1.2,0.0,42.7
C035,2024-10-28,2024-11-01,P010,30.6,3.6,1.6,0.0,35.8
C001,2024-11-04,2024-11-08,P012,15.5,1.7,1.1,0.0,18.3
C001,2024-11-04,2024-11-08,P010,21.8,1.2,1.2,0.0,24.2
C002,2024-11-04,2024-11-08,P010,39.6,1.2,1.4,0.0,42.2
C003,2024-11-04,2024-11-08,P001,16.6,2.0,1.2,0.0,19.8
C003,2024-11-04,2024-11-08,P012,16.2,5.2,2.4,0.0,23.8
C004,2024-11-04,2024-11-08,P012,26.7,3.9,2.0,0.0,32.6
C005,2024-11-04,2024-11-08,P001,37.6,2.2,1.7,0.0,41.5
C006,2024-11-04,2024-11-08,P012,12.8,5.9,0.8,24.0,43.5
C007,2024-11-04,2024-11-08,P001,26.4,1.4,2.6,0.0,30.4
C008,2024-11-04,2024-11-08,P010,40.0,4.0,0.5,0.0,44.5
C009,2024-11-04,2024-11-08,P012,39.7,6.0,2.8,0.0,48.5
C010,2024-11-04,2024-11-08,P001,31.7,5.0,1.2,0.0,37.9
C011,2024-11-04,2024-11-08,P001,36.0,3.0,0.9,0.0,39.9
C012,2024-11-04,2024-11-08,P001,17.4,1.8,2.4,0.0,21.6
C012,2024-11-04,2024-11-08,P012,9.1,2.4,2.4,0.0,13.9
C013,2024-11-04,2024-11-08,P010,31.7,5.5,2.0,0.0,39.2
C014,2024-11-04,2024-11-08,P010,29.5,3.6,1.7,0.0,34.8
C015,2024-11-04,2024-11-08,P010,36.2,5.1,2.0,0.0,43.3
C016,2024-11-04,2024-11-08,P001,25.8,3.6,2.9,0.0,32.3
C017,2024-11-04,2024-11-08,P012,14.7,3.2,2.8,0.0,20.7
C017,2024-11-04,2024-11-08,P001,15.5,3.4,0.9,0.0,19.8
C018,2024-11-04,2024-11-08,P001,13.5,1.2,0.7,0.0,15.4
C018,2024-11-04,2024-11-08,P010,14.1,1.2,0.8,0.0,16.1
C019,2024-11-04,2024-11-08,P010,31.2,2.8,2.0,0.0,36.0
C020,2024-11-04,2024-11-08,P012,29.6,4.3,0.9,0.0,34.8
C021,2024-11-04,2024-11-08,P012,7.9,3.3,2.2,24.0,37.4
C022,2024-11-04,2024-11-08,P001,37.6,2.1,0.7,0.0,40.4
C023,2024-11-04,2024-11-08,P001,31.9,1.0,0.8,0.0,33.7
C024,2024-11-04,2024-11-08,P012,17.7,3.0,2.1,0.0,22.8
C025,2024-11-04,2024-11-08,P012,17.4,5.8,2.2,0.0,25.4
C025,2024-11-04,2024-11-08,P010,11.2,5.0,0.7,0.0,16.9
C026,2024-11-04,2024-11-08,P001,26.4,4.5,1.0,0.0,31.9
C027,2024-11-04,2024-11-08,P012,22.5,5.3,1.8,0.0,29.6
C028,2024-11-04,2024-11-08,,0.0,0.0,0.0,40.0,40.0
C029,2024-11-04,2024-11-08,P012,25.2,3.4,2.6,0.0,31.2
C029,2024-11-04,2024-11-08,P010,11.3,3.9,1.0,0.0,16.2
C030,2024-11-04,2024-11-08,P001,8.6,4.2,2.3,0.0,15.1
C030,2024-11-04,2024-11-08,P010,12.8,5.9,2.6,0.0,21.3
C031,2024-11-04,2024-11-08,P010,33.6,3.0,1.8,0.0,38.4
C032,2024-11-04,2024-11-08,P010,11.4,3.6,1.6,0.0,16.6
C032,2024-11-04,2024-11-08,P001,7.2,2.6,0.7,0.0,10.5
C033,2024-11-04,2024-11-08,P012,21.2,2.7,2.2,0.0,26.1
C034,2024-11-04,2024-11-08,P010,6.1,3.5,2.0,24.0,35.6
C034,2024-11-04,2024-11-08,P012,5.3,4.4,2.8,0.0,12.5
C035,2024-11-04,2024-11-08,P012,24.1,5.2,2.2,0.0,31.5
C035,2024-11-04,2024-11-08,P010,10.9,4.7,2.5,0.0,18.1
C001,2024-11-11,2024-11-15,P001,17.6,1.4,1.7,0.0,20.7
C001,2024-11-11,2024-11-15,P010,11.4,1.9,0.9,0.0,14.2
C002,2024-11-11,2024-11-15,P001,26.9,2.0,0.6,0.0,29.5
C003,2024-11-11,2024-11-15,P001,13.7,1.9,2.6,24.0,42.2
C004,2024-11-11,2024-11-15,P001,23.9,1.6,1.1,0.0,26.6
C005,2024-11-11,2024-11-15,P010,32.6,4.8,2.4,0.0,39.8
C006,2024-11-11,2024-11-15,P001,16.8,3.2,1.6,0.0,21.6
C006,2024-11-11,2024-11-15,P010,8.0,5.2,0.8,0.0,14.0
C007,2024-11-11,2024-11-15,P001,29.8,5.1,0.6,0.0,35.5
C008,2024-11-11,2024-11-15,P001,23.5,4.8,1.7,0.0,30.0
C008,2024-11-11,2024-11-15,P010,14.9,5.4,0.9,0.0,21.2
C009,2024-11-11,2024-11-15,P001,19.9,3.1,2.4,0.0,25.4
C009,2024-11-11,2024-11-15,P010,17.6,2.2,2.5,0.0,22.3
C010,2024-11-11,2024-11-15,P010,7.1,2.2,2.4,24.0,35.7
C010,2024-11-11,2024-11-15,P001,5.0,3.6,2.5,0.0,11.1
C011,2024-11-11,2024-11-15,P010,38.0,5.5,2.9,0.0,46.4
C012,2024-11-11,2024-11-15,P001,26.8,4.6,1.8,0.0,33.2
C013,2024-11-11,2024-11-15,P001,12.9,3.2,1.5,24.0,41.6
C014,2024-11-11,2024-11-15,P010,40.0,3.1,2.7,0.0,45.8
C015,2024-11-11,2024-11-15,P010,14.0,2.4,1.8,0.0,18.2
C015,2024-11-11,2024-11-15,P001,20.9,5.6,2.3,0.0,28.8
C016,2024-11-11,2024-11-15,P010,17.5,4.9,1.5,0.0,23.9
C016,2024-11-11,2024-11-15,P001,8.7,2.0,1.3,0.0,12.0
C017,2024-11-11,2024-11-15,P001,13.5,3.6,1.9,24.0,43.0
C018,2024-11-11,2024-11-15,P001,33.9,1.1,2.7,0.0,37.7
C019,2024-11-11,2024-11-15,P010,37.5,4.6,3.0,0.0,45.1
C020,2024-11-11,2024-11-15,P010,29.9,1.6,2.4,0.0,33.9
C021,2024-11-11,2024-11-15,P001,18.9,3.3,3.0,0.0,25.2
C022,2024-11-11,2024-11-15,P001,18.7,4.3,2.5,0.0,25.5
C022,2024-11-11,2024-11-15,P010,19.4,3.9,0.8,0.0,24.1
C023,2024-11-11,2024-11-15,P001,9.7,2.0,2.4,0.0,14.1
C023,2024-11-11,2024-11-15,P010,7.8,3.3,0.9,0.0,12.0
C024,2024-11-11,2024-11-15,,0.0,0.0,0.0,40.0,40.0
C025,2024-11-11,2024-11-15,P010,30.7,1.4,2.2,0.0,34.3
C026,2024-11-11,2024-11-15,P010,20.0,4.4,2.9,0.0,27.3
C026,2024-11-11,2024-11-15,P001,8.6,4.7,1.5,0.0,14.8
C027,2024-11-11,2024-11-15,P010,20.9,4.6,0.8,0.0,26.3
C028,2024-11-11,2024-11-15,P010,29.0,1.2,0.9,0.0,31.1
C029,2024-11-11,2024-11-15,P001,11.4,2.8,1.2,0.0,15.4
C029,2024-11-11,2024-11-15,P010,14.9,3.6,0.8,0.0,19.3
C030,2024-11-11,2024-11-15,P001,16.7,1.7,2.0,0.0,20.4
C031,2024-11-11,2024-11-15,P001,9.8,3.4,0.8,24.0,38.0
C031,2024-11-11,2024-11-15,P010,5.3,2.7,2.7,0.0,10.7
C032,2024-11-11,2024-11-15,P010,12.7,5.2,0.8,0.0,18.7
C032,2024-11-11,2024-11-15,P001,6.8,1.7,2.1,0.0,10.6
C033,2024-11-11,2024-11-15,P001,20.6,5.3,1.3,0.0,27.2
C034,2024-11-11,2024-11-15,P010,33.0,2.7,0.6,0.0,36.3
C035,2024-11-11,2024-11-15,P010,25.6,4.2,2.7,0.0,32.5
C001,2024-11-18,2024-11-22,P001,18.5,2.0,2.0,0.0,22.5
C001,2024-11-18,2024-11-22,P010,14.1,3.9,0.6,0.0,18.6
C002,2024-11-18,2024-11-22,P013,29.0,3.5,0.5,0.0,33.0
C003,2024-11-18,2024-11-22,P002,31.3,2.2,2.3,0.0,35.8
C004,2024-11-18,2024-11-22,P010,27.1,3.0,0.6,0.0,30.7
C005,2024-11-18,2024-11-22,P010,33.4,2.9,0.7,0.0,37.0
C006,2024-11-18,2024-11-22,P010,32.1,1.7,1.1,0.0,34.9
C007,2024-11-18,2024-11-22,P010,35.7,1.9,2.3,0.0,39.9
C008,2024-11-18,2024-11-22,P002,35.8,3.1,1.3,0.0,40.2
C009,2024-11-18,2024-11-22,P002,28.7,3.5,2.4,0.0,34.6
C010,2024-11-18,2024-11-22,P001,38.1,2.6,1.9,0.0,42.6
C011,2024-11-18,2024-11-22,P001,19.8,3.9,0.8,0.0,24.5
C011,2024-11-18,2024-11-22,P002,15.1,4.8,2.1,0.0,22.0
C012,2024-11-18,2024-11-22,P013,33.2,1.4,2.1,0.0,36.7
C013,2024-11-18,2024-11-22,P002,24.6,5.8,1.9,0.0,32.3
C013,2024-11-18,2024-11-22,P010,11.2,1.2,2.5,0.0,14.9
C014,2024-11-18,2024-11-22,P002,40.0,1.0,2.8,0.0,43.8
C015,2024-11-18,2024-11-22,P010,27.4,5.2,1.0,0.0,33.6
C016,2024-11-18,2024-11-22,P002,29.4,4.7,1.9,0.0,36.0
C017,2024-11-18,2024-11-22,P010,31.5,5.4,1.0,0.0,37.9
C018,2024-11-18,2024-11-22,P010,17.5,4.8,1.6,0.0,23.9
C018,2024-11-18,2024-11-22,P013,19.1,2.2,3.0,0.0,24.3
C019,2024-11-18,2024-11-22,P002,30.4,4.2,0.5,0.0,35.1
C020,2024-11-18,2024-11-22,P002,18.4,4.5,1.7,0.0,24.6
C020,2024-11-18,2024-11-22,P013,14.1,3.0,0.7,0.0,17.8
C021,2024-11-18,2024-11-22,P013,9.7,5.9,1.4,0.0,17.0
C021,2024-11-18,2024-11-22,P010,12.4,4.0,1.5,0.0,17.9
C022,2024-11-18,2024-11-22,P001,16.1,5.7,1.6,0.0,23.4
C022,2024-11-18,2024-11-22,P013,13.8,2.1,0.5,0.0,16.4
C023,2024-11-18,2024-11-22,P010,27.0,5.0,1.1,0.0,33.1
C024,2024-11-18,2024-11-22,P001,14.7,4.5,2.0,0.0,21.2
C024,2024-11-18,2024-11-22,P002,12.1,1.0,3.0,0.0,16.1
C025,2024-11-18,2024-11-22,P002,27.5,3.8,2.1,0.0,33.4
C026,2024-11-18,2024-11-22,P002,31.3,1.3,0.8,0.0,33.4
C027,2024-11-18,2024-11-22,P010,20.8,2.0,2.2,0.0,25.0
C028,2024-11-18,2024-11-22,P010,32.4,4.4,2.7,0.0,39.5
C029,2024-11-18,2024-11-22,P010,38.2,3.2,3.0,0.0,44.4
C030,2024-11-18,2024-11-22,P013,18.1,3.5,1.8,0.0,23.4
C031,2024-11-18,2024-11-22,,0.0,0.0,0.0,40.0,40.0
C032,2024-11-18,2024-11-22,P013,25.7,2.0,0.7,0.0,28.4
C033,2024-11-18,2024-11-22,P013,11.6,2.0,1.3,0.0,14.9
C033,2024-11-18,2024-11-22,P001,5.6,1.3,2.1,0.0,9.0
C034,2024-11-18,2024-11-22,,0.0,0.0,0.0,40.0,40.0
C035,2024-11-18,2024-11-22,P010,33.1,2.2,1.7,0.0,37.0
C001,2024-11-25,2024-11-29,P010,18.5,5.7,2.4,0.0,26.6
C001,2024-11-25,2024-11-29,P014,10.5,4.1,2.4,0.0,17.0
C002,2024-11-25,2024-11-29,P013,16.1,4.5,2.5,8.0,31.1
C002,2024-11-25,2024-11-29,P010,8.1,1.3,2.5,0.0,11.9
C003,2024-11-25,2024-11-29,,0.0,0.0,0.0,40.0,40.0
C004,2024-11-25,2024-11-29,P013,36.7,3.0,2.0,0.0,41.7
C005,2024-11-25,2024-11-29,P019,14.2,2.9,2.5,0.0,19.6
C005,2024-11-25,2024-11-29,P014,21.0,5.4,2.0,0.0,28.4
C006,2024-11-25,2024-11-29,P010,27.8,3.9,0.8,0.0,32.5
C007,2024-11-25,2024-11-29,P002,32.0,5.5,0.8,8.0,46.3
C008,2024-11-25,2024-11-29,P002,30.3,2.2,2.5,0.0,35.0
C009,2024-11-25,2024-11-29,P014,13.5,5.8,2.4,24.0,45.7
C010,2024-11-25,2024-11-29,P010,29.7,4.0,1.2,0.0,34.9
C011,2024-11-25,2024-11-29,P019,40.0,4.4,0.6,0.0,45.0
C012,2024-11-25,2024-11-29,P002,25.2,5.9,2.1,0.0,33.2
C013,2024-11-25,2024-11-29,P002,32.5,4.3,2.2,0.0,39.0
C014,2024-11-25,2024-11-29,P010,36.6,4.1,1.5,0.0,42.2
C015,2024-11-25,2024-11-29,P001,32.2,3.5,2.8,0.0,38.5
C016,2024-11-25,2024-11-29,P013,24.8,4.7,2.9,0.0,32.4
C017,2024-11-25,2024-11-29,P002,12.8,5.9,1.4,0.0,20.1
C017,2024-11-25,2024-11-29,P013,15.3,1.4,0.6,0.0,17.3
C018,2024-11-25,2024-11-29,P010,35.3,1.2,0.6,0.0,37.1
C019,2024-11-25,2024-11-29,P010,35.0,4.6,1.3,0.0,40.9
C020,2024-11-25,2024-11-29,P001,5.4,4.9,0.8,24.0,35.1
C020,2024-11-25,2024-11-29,P002,5.2,5.7,1.3,0.0,12.2
C021,2024-11-25,2024-11-29,P019,11.7,5.9,3.0,0.0,20.6
C021,2024-11-25,2024-11-29,P002,5.5,5.4,2.7,0.0,13.6
C022,2024-11-25,2024-11-29,P002,18.5,2.9,2.0,0.0,23.4
C022,2024-11-25,2024-11-29,P014,17.5,5.9,1.1,0.0,24.5
C023,2024-11-25,2024-11-29,P010,8.9,1.3,2.5,16.0,28.7
C023,2024-11-25,2024-11-29,P002,8.9,5.4,2.6,0.0,16.9
C024,2024-11-25,2024-11-29,P013,26.2,5.0,2.0,0.0,33.2
C025,2024-11-25,2024-11-29,P019,27.2,4.8,1.4,0.0,33.4
C026,2024-11-25,2024-11-29,P013,30.3,4.6,1.7,0.0,36.6
C027,2024-11-25,2024-11-29,P014,17.7,4.2,1.0,0.0,22.9
C028,2024-11-25,2024-11-29,P013,34.7,5.4,1.9,0.0,42.0
C029,2024-11-25,2024-11-29,P014,31.3,1.4,2.4,0.0,35.1
C030,2024-11-25,2024-11-29,P014,16.6,4.1,1.6,0.0,22.3
C031,2024-11-25,2024-11-29,P013,38.6,2.6,1.5,0.0,42.7
C032,2024-11-25,2024-11-29,P001,25.3,2.5,1.8,0.0,29.6
C033,2024-11-25,2024-11-29,P010,20.6,5.6,0.7,0.0,26.9
C034,2024-11-25,2024-11-29,P010,32.2,2.3,2.4,0.0,36.9
C035,2024-11-25,2024-11-29,P002,22.2,6.0,2.4,0.0,30.6
C035,2024-11-25,2024-11-29,P014,9.5,4.7,2.8,0.0,17.0
C001,2024-12-02,2024-12-06,P010,21.1,4.8,0.5,0.0,26.4
C001,2024-12-02,2024-12-06,P019,11.5,4.3,3.0,0.0,18.8
C002,2024-12-02,2024-12-06,P002,18.1,2.0,1.1,0.0,21.2
C002,2024-12-02,2024-12-06,P019,11.3,3.9,1.9,0.0,17.1
C003,2024-12-02,2024-12-06,P019,22.0,1.9,2.4,0.0,26.3
C004,2024-12-02,2024-12-06,P010,27.8,5.3,0.6,0.0,33.7
C005,2024-12-02,2024-12-06,P010,21.6,2.7,1.5,0.0,25.8
C005,2024-12-02,2024-12-06,P014,11.6,4.4,1.5,0.0,17.5
C006,2024-12-02,2024-12-06,P008,34.2,3.9,1.9,0.0,40.0
C007,2024-12-02,2024-12-06,P013,19.3,5.6,1.9,0.0,26.8
C007,2024-12-02,2024-12-06,P014,10.8,3.0,1.5,0.0,15.3
C008,2024-12-02,2024-12-06,P010,29.6,1.9,0.8,0.0,32.3
C009,2024-12-02,2024-12-06,P001,25.2,4.4,0.9,0.0,30.5
C010,2024-12-02,2024-12-06,P001,26.1,1.9,0.7,0.0,28.7
C011,2024-12-02,2024-12-06,P001,32.4,3.3,1.4,0.0,37.1
C012,2024-12-02,2024-12-06,P010,4.9,1.6,1.8,24.0,32.3
C012,2024-12-02,2024-12-06,P019,6.0,3.4,0.7,0.0,10.1
C013,2024-12-02,2024-12-06,P010,35.7,5.1,2.2,0.0,43.0
C014,2024-12-02,2024-12-06,P008,24.2,3.9,1.8,0.0,29.9
C015,2024-12-02,2024-12-06,P019,16.0,3.0,2.5,16.0,37.5
C016,2024-12-02,2024-12-06,P010,11.4,1.2,0.7,0.0,13.3
C016,2024-12-02,2024-12-06,P019,9.7,4.2,2.8,0.0,16.7
C017,2024-12-02,2024-12-06,P019,23.6,5.0,0.9,0.0,29.5
C018,2024-12-02,2024-12-06,P014,18.4,5.6,1.0,0.0,25.0
C018,2024-12-02,2024-12-06,P010,15.9,3.8,1.5,0.0,21.2
C019,2024-12-02,2024-12-06,P014,30.8,3.7,2.2,0.0,36.7
C020,2024-12-02,2024-12-06,P010,6.0,2.8,2.4,16.0,27.2
C020,2024-12-02,2024-12-06,P013,7.8,3.5,2.4,0.0,13.7
C021,2024-12-02,2024-12-06,P001,11.2,1.4,2.2,0.0,14.8
C022,2024-12-02,2024-12-06,P014,30.5,3.0,1.0,0.0,34.5
C023,2024-12-02,2024-12-06,P014,27.0,4.7,1.7,0.0,33.4
C024,2024-12-02,2024-12-06,P010,4.5,2.4,0.9,16.0,23.8
C024,2024-12-02,2024-12-06,P002,3.8,5.2,2.0,0.0,11.0
C025,2024-12-02,2024-12-06,P014,24.9,4.8,2.2,0.0,31.9
C026,2024-12-02,2024-12-06,P002,29.8,4.6,2.7,0.0,37.1
C027,2024-12-02,2024-12-06,P008,7.2,3.2,2.0,8.0,20.4
C028,2024-12-02,2024-12-06,,0.0,0.0,0.0,40.0,40.0
C029,2024-12-02,2024-12-06,P001,30.2,1.1,0.6,0.0,31.9
C030,2024-12-02,2024-12-06,P001,2.4,2.1,2.7,16.0,23.2
C031,2024-12-02,2024-12-06,P010,31.4,3.6,2.5,0.0,37.5
C032,2024-12-02,2024-12-06,P013,12.0,2.0,1.9,0.0,15.9
C033,2024-12-02,2024-12-06,P002,15.1,1.1,2.1,0.0,18.3
C034,2024-12-02,2024-12-06,P001,15.4,4.3,1.2,16.0,36.9
C035,2024-12-02,2024-12-06,P019,25.5,4.0,3.0,0.0,32.5
C001,2024-12-09,2024-12-13,P020,28.4,1.9,2.9,0.0,33.2
C002,2024-12-09,2024-12-13,P007,20.1,2.7,2.1,0.0,24.9
C003,2024-12-09,2024-12-13,P017,22.6,1.3,0.5,0.0,24.4
C004,2024-12-09,2024-12-13,P019,14.1,4.1,2.7,0.0,20.9
C004,2024-12-09,2024-12-13,P001,16.0,2.5,2.3,0.0,20.8
C005,2024-12-09,2024-12-13,P001,25.7,1.7,1.7,0.0,29.1
C006,2024-12-09,2024-12-13,P020,29.2,5.9,1.6,0.0,36.7
C007,2024-12-09,2024-12-13,P013,31.7,4.2,2.4,0.0,38.3
C008,2024-12-09,2024-12-13,P001,18.3,2.1,2.3,0.0,22.7
C009,2024-12-09,2024-12-13,P001,27.8,5.5,2.2,0.0,35.5
C010,2024-12-09,2024-12-13,P014,28.1,3.6,1.0,0.0,32.7
C011,2024-12-09,2024-12-13,P017,35.3,1.3,1.0,0.0,37.6
C012,2024-12-09,2024-12-13,P020,26.5,3.7,2.5,0.0,32.7
C013,2024-12-09,2024-12-13,P014,26.3,4.6,1.3,0.0,32.2
C014,2024-12-09,2024-12-13,P010,25.9,3.9,2.9,0.0,32.7
C015,2024-12-09,2024-12-13,P017,17.1,2.8,1.4,0.0,21.3
C015,2024-12-09,2024-12-13,P002,7.9,3.4,1.6,0.0,12.9
C016,2024-12-09,2024-12-13,P017,13.0,3.1,0.7,0.0,16.8
C016,2024-12-09,2024-12-13,P001,7.7,5.5,1.3,0.0,14.5
C017,2024-12-09,2024-12-13,P007,25.3,2.3,1.7,0.0,29.3
C018,2024-12-09,2024-12-13,P007,24.3,4.6,1.0,0.0,29.9
C019,2024-12-09,2024-12-13,P019,29.1,4.7,1.4,0.0,35.2
C020,2024-12-09,2024-12-13,P014,10.1,5.9,0.7,0.0,16.7
C020,2024-12-09,2024-12-13,P017,10.5,5.4,3.0,0.0,18.9
C021,2024-12-09,2024-12-13,P007,9.7,5.8,2.4,0.0,17.9
C021,2024-12-09,2024-12-13,P008,5.8,4.8,1.4,0.0,12.0
C022,2024-12-09,2024-12-13,P014,27.8,5.6,2.3,0.0,35.7
C023,2024-12-09,2024-12-13,P013,18.5,4.2,2.2,0.0,24.9
C024,2024-12-09,2024-12-13,P007,11.3,2.3,2.0,0.0,15.6
C025,2024-12-09,2024-12-13,P001,11.7,4.2,2.8,0.0,18.7
C025,2024-12-09,2024-12-13,P002,6.9,3.0,2.0,0.0,11.9
C026,2024-12-09,2024-12-13,P014,31.9,2.3,1.3,0.0,35.5
C027,2024-12-09,2024-12-13,P014,10.4,3.9,2.3,0.0,16.6
C028,2024-12-09,2024-12-13,P020,26.5,4.9,1.4,0.0,32.8
C029,2024-12-09,2024-12-13,P014,8.1,1.8,1.7,0.0,11.6
C029,2024-12-09,2024-12-13,P010,12.0,1.5,2.4,0.0,15.9
C030,2024-12-09,2024-12-13,P007,9.6,2.9,2.3,0.0,14.8
C031,2024-12-09,2024-12-13,P002,31.3,3.3,2.5,0.0,37.1
C032,2024-12-09,2024-12-13,P010,10.5,5.6,0.8,0.0,16.9
C032,2024-12-09,2024-12-13,P014,9.2,4.2,0.7,0.0,14.1
C033,2024-12-09,2024-12-13,P013,11.6,1.1,1.1,8.0,21.8
C034,2024-12-09,2024-12-13,P001,3.4,3.6,0.5,24.0,31.5
C034,2024-12-09,2024-12-13,P020,4.5,4.0,3.0,0.0,11.5
C035,2024-12-09,2024-12-13,P017,15.7,2.7,2.2,0.0,20.6
C035,2024-12-09,2024-12-13,P013,11.3,2.7,1.3,0.0,15.3
C001,2024-12-16,2024-12-20,P013,29.4,5.4,2.5,0.0,37.3
C002,2024-12-16,2024-12-20,,0.0,0.0,0.0,40.0,40.0
C003,2024-12-16,2024-12-20,P019,27.9,2.4,2.2,0.0,32.5
C004,2024-12-16,2024-12-20,P020,18.1,4.4,2.7,0.0,25.2
C005,2024-12-16,2024-12-20,P013,8.9,5.4,2.9,24.0,41.2
C006,2024-12-16,2024-12-20,P008,27.5,4.0,1.5,0.0,33.0
C007,2024-12-16,2024-12-20,P017,16.6,2.5,1.0,0.0,20.1
C007,2024-12-16,2024-12-20,P002,10.1,1.7,1.8,0.0,13.6
C008,2024-12-16,2024-12-20,P019,12.3,5.0,1.3,0.0,18.6
C008,2024-12-16,2024-12-20,P001,15.8,4.4,1.9,0.0,22.1
C009,2024-12-16,2024-12-20,P019,30.9,2.2,1.0,0.0,34.1
C010,2024-12-16,2024-12-20,P002,26.3,1.5,3.0,0.0,30.8
C011,2024-12-16,2024-12-20,P010,38.2,2.1,1.1,0.0,41.4
C012,2024-12-16,2024-12-20,P002,20.1,4.2,1.7,0.0,26.0
C012,2024-12-16,2024-12-20,P007,9.6,5.0,1.3,0.0,15.9
C013,2024-12-16,2024-12-20,P013,28.9,2.9,2.3,0.0,34.1
C014,2024-12-16,2024-12-20,P019,31.6,5.8,1.6,0.0,39.0
C015,2024-12-16,2024-12-20,P013,28.3,4.7,2.8,0.0,35.8
C016,2024-12-16,2024-12-20,P013,27.1,1.6,1.3,0.0,30.0
C017,2024-12-16,2024-12-20,P008,23.2,5.2,2.9,0.0,31.3
C018,2024-12-16,2024-12-20,P007,32.5,3.6,2.0,0.0,38.1
C019,2024-12-16,2024-12-20,P007,28.7,5.1,1.2,0.0,35.0
C020,2024-12-16,2024-12-20,P007,28.0,4.0,0.9,0.0,32.9
C021,2024-12-16,2024-12-20,P010,9.6,3.5,2.2,0.0,15.3
C022,2024-12-16,2024-12-20,P020,13.6,2.1,1.2,0.0,16.9
C022,2024-12-16,2024-12-20,P017,9.4,5.8,0.6,0.0,15.8
C023,2024-12-16,2024-12-20,P008,16.9,4.9,2.6,0.0,24.4
C023,2024-12-16,2024-12-20,P001,8.0,4.6,1.2,0.0,13.8
C024,2024-12-16,2024-12-20,P007,6.3,2.7,2.2,0.0,11.2
C024,2024-12-16,2024-12-20,P001,4.8,6.0,2.4,0.0,13.2
C025,2024-12-16,2024-12-20,P008,20.2,4.5,1.9,0.0,26.6
C026,2024-12-16,2024-12-20,P020,8.1,4.5,1.6,24.0,38.2
C026,2024-12-16,2024-12-20,P001,4.3,1.8,0.8,0.0,6.9
C027,2024-12-16,2024-12-20,P008,12.1,4.7,0.5,0.0,17.3
C028,2024-12-16,2024-12-20,P007,23.3,2.9,3.0,0.0,29.2
C029,2024-12-16,2024-12-20,P007,4.9,3.6,1.3,24.0,33.8
C029,2024-12-16,2024-12-20,P001,6.4,3.2,0.9,0.0,10.5
C030,2024-12-16,2024-12-20,P002,11.0,2.2,1.7,0.0,14.9
C031,2024-12-16,2024-12-20,P002,25.4,4.9,2.7,0.0,33.0
C032,2024-12-16,2024-12-20,P017,10.0,2.8,0.8,0.0,13.6
C033,2024-12-16,2024-12-20,P001,17.2,3.9,3.0,0.0,24.1
C034,2024-12-16,2024-12-20,P002,28.7,5.0,1.0,0.0,34.7
C035,2024-12-16,2024-12-20,P002,20.7,2.6,2.3,0.0,25.6
C001,2024-12-23,2024-12-27,P014,29.8,5.1,0.5,0.0,35.4
C002,2024-12-23,2024-12-27,P019,24.5,5.2,1.8,0.0,31.5
C003,2024-12-23,2024-12-27,P008,27.5,5.8,2.7,0.0,36.0
C004,2024-12-23,2024-12-27,P013,28.7,1.6,0.8,0.0,31.1
C005,2024-12-23,2024-12-27,P019,32.9,2.3,2.4,0.0,37.6
C006,2024-12-23,2024-12-27,P007,20.7,4.3,1.1,0.0,26.1
C006,2024-12-23,2024-12-27,P014,9.1,1.2,2.9,0.0,13.2
C007,2024-12-23,2024-12-27,P019,29.0,3.2,1.9,0.0,34.1
C008,2024-12-23,2024-12-27,P019,27.6,3.6,2.2,0.0,33.4
C009,2024-12-23,2024-12-27,P001,24.6,1.9,1.2,0.0,27.7
C010,2024-12-23,2024-12-27,P013,33.0,2.4,2.3,0.0,37.7
C011,2024-12-23,2024-12-27,P010,20.5,2.9,2.8,0.0,26.2
C012,2024-12-23,2024-12-27,P007,26.7,3.7,0.7,0.0,31.1
C013,2024-12-23,2024-12-27,P008,16.5,4.2,1.8,0.0,22.5
C013,2024-12-23,2024-12-27,P013,12.5,1.8,2.6,0.0,16.9
C014,2024-12-23,2024-12-27,P008,11.3,3.7,2.2,0.0,17.2
C014,2024-12-23,2024-12-27,P002,12.2,3.0,1.3,0.0,16.5
C015,2024-12-23,2024-12-27,P007,6.7,1.5,2.9,24.0,35.1
C015,2024-12-23,2024-12-27,P008,7.1,2.1,2.9,0.0,12.1
C016,2024-12-23,2024-12-27,P020,10.5,2.7,1.9,0.0,15.1
C016,2024-12-23,2024-12-27,P017,13.9,2.4,1.2,0.0,17.5
C017,2024-12-23,2024-12-27,P014,20.8,1.9,2.5,8.0,33.2
C018,2024-12-23,2024-12-27,P014,14.4,2.3,2.2,0.0,18.9
C018,2024-12-23,2024-12-27,P017,10.5,4.6,2.1,0.0,17.2
C019,2024-12-23,2024-12-27,P010,21.7,1.3,2.3,0.0,25.3
C020,2024-12-23,2024-12-27,P017,30.2,1.9,3.0,0.0,35.1
C021,2024-12-23,2024-12-27,P010,12.2,5.8,1.8,0.0,19.8
C022,2024-12-23,2024-12-27,P002,27.4,5.7,1.5,0.0,34.6
C023,2024-12-23,2024-12-27,P002,15.1,1.4,1.1,0.0,17.6
C024,2024-12-23,2024-12-27,P017,7.0,5.0,0.5,24.0,36.5
C025,2024-12-23,2024-12-27,P007,26.9,3.4,1.8,0.0,32.1
C026,2024-12-23,2024-12-27,P020,36.4,2.0,2.6,0.0,41.0
C027,2024-12-23,2024-12-27,,0.0,0.0,0.0,40.0,40.0
C028,2024-12-23,2024-12-27,P019,14.2,5.8,2.2,0.0,22.2
C028,2024-12-23,2024-12-27,P001,10.2,5.4,1.8,0.0,17.4
C029,2024-12-23,2024-12-27,P007,22.8,3.6,2.9,0.0,29.3
C030,2024-12-23,2024-12-27,P008,9.7,5.2,2.6,0.0,17.5
C031,2024-12-23,2024-12-27,P017,31.0,2.5,1.0,0.0,34.5
C032,2024-12-23,2024-12-27,P019,18.8,5.1,0.6,0.0,24.5
C033,2024-12-23,2024-12-27,P017,8.0,1.3,0.5,0.0,9.8
C034,2024-12-23,2024-12-27,P007,23.1,3.0,0.5,0.0,26.6
C035,2024-12-23,2024-12-27,P019,27.2,3.6,0.9,0.0,31.7
C001,2024-12-30,2025-01-03,P010,32.5,3.4,1.4,0.0,37.3
C002,2024-12-30,2025-01-03,P020,14.0,3.2,2.6,0.0,19.8
C002,2024-12-30,2025-01-03,P013,18.4,1.8,1.4,0.0,21.6
C003,2024-12-30,2025-01-03,P010,25.7,2.4,0.8,0.0,28.9
C004,2024-12-30,2025-01-03,P002,27.9,1.8,1.0,0.0,30.7
C005,2024-12-30,2025-01-03,P020,22.1,3.5,2.2,0.0,27.8
C006,2024-12-30,2025-01-03,P017,12.7,5.8,2.5,0.0,21.0
C006,2024-12-30,2025-01-03,P020,16.1,1.6,1.4,0.0,19.1
C007,2024-12-30,2025-01-03,P002,13.6,3.2,1.2,24.0,42.0
C008,2024-12-30,2025-01-03,P010,18.4,1.9,1.2,0.0,21.5
C008,2024-12-30,2025-01-03,P008,11.3,1.6,1.2,0.0,14.1
C009,2024-12-30,2025-01-03,P007,27.4,4.5,1.8,0.0,33.7
C010,2024-12-30,2025-01-03,P008,9.8,3.0,1.2,0.0,14.0
C010,2024-12-30,2025-01-03,P010,12.6,2.0,0.9,0.0,15.5
C011,2024-12-30,2025-01-03,P020,31.9,2.5,2.1,0.0,36.5
C012,2024-12-30,2025-01-03,P019,28.3,1.3,1.6,0.0,31.2
C013,2024-12-30,2025-01-03,P017,14.8,1.2,0.6,0.0,16.6
C013,2024-12-30,2025-01-03,P010,15.0,1.3,2.4,0.0,18.7
C014,2024-12-30,2025-01-03,P007,27.0,3.2,1.1,0.0,31.3
C015,2024-12-30,2025-01-03,P020,24.4,4.9,0.8,0.0,30.1
C016,2024-12-30,2025-01-03,P020,11.4,2.4,2.0,0.0,15.8
C016,2024-12-30,2025-01-03,P014,12.8,1.4,0.8,0.0,15.0
C017,2024-12-30,2025-01-03,P019,14.6,5.6,0.7,16.0,36.9
C018,2024-12-30,2025-01-03,P019,24.1,5.9,1.0,0.0,31.0
C019,2024-12-30,2025-01-03,P013,27.8,5.5,2.4,0.0,35.7
C020,2024-12-30,2025-01-03,P014,22.8,5.5,1.6,0.0,29.9
C021,2024-12-30,2025-01-03,,0.0,0.0,0.0,40.0,40.0
C022,2024-12-30,2025-01-03,P002,11.9,4.5,0.8,0.0,17.2
C022,2024-12-30,2025-01-03,P008,8.7,1.2,1.9,0.0,11.8
C023,2024-12-30,2025-01-03,P020,25.7,5.4,2.9,0.0,34.0
C024,2024-12-30,2025-01-03,P017,3.8,2.4,1.0,0.0,7.2
C024,2024-12-30,2025-01-03,P020,3.5,1.8,1.0,0.0,6.3
C025,2024-12-30,2025-01-03,P020,21.3,2.3,2.6,0.0,26.2
C026,2024-12-30,2025-01-03,P007,20.2,1.9,0.6,0.0,22.7
C027,2024-12-30,2025-01-03,P008,8.8,1.3,3.0,0.0,13.1
C027,2024-12-30,2025-01-03,P013,4.5,5.9,1.0,0.0,11.4
C028,2024-12-30,2025-01-03,P014,27.5,2.6,2.9,0.0,33.0
C029,2024-12-30,2025-01-03,P013,21.9,4.1,0.5,0.0,26.5
C029,2024-12-30,2025-01-03,P014,9.6,2.8,2.3,0.0,14.7
C030,2024-12-30,2025-01-03,P002,11.1,3.7,2.9,0.0,17.7
C031,2024-12-30,2025-01-03,P017,20.1,4.2,1.9,0.0,26.2
C031,2024-12-30,2025-01-03,P013,10.3,5.1,1.1,0.0,16.5
C032,2024-12-30,2025-01-03,P017,12.3,1.8,1.1,0.0,15.2
C033,2024-12-30,2025-01-03,P008,12.6,3.3,2.5,0.0,18.4
C034,2024-12-30,2025-01-03,P008,22.6,4.2,0.6,0.0,27.4
C035,2024-12-30,2025-01-03,P007,27.7,1.7,1.6,0.0,31.0
C001,2025-01-06,2025-01-10,P017,38.1,1.5,1.8,0.0,41.4
C002,2025-01-06,2025-01-10,P002,34.9,1.6,0.5,0.0,37.0
C003,2025-01-06,2025-01-10,P008,18.2,2.3,2.8,0.0,23.3
C003,2025-01-06,2025-01-10,P010,10.6,4.0,2.5,0.0,17.1
C004,2025-01-06,2025-01-10,P007,17.7,4.8,2.7,0.0,25.2
C004,2025-01-06,2025-01-10,P010,22.3,5.1,1.3,0.0,28.7
C005,2025-01-06,2025-01-10,P020,35.2,4.5,2.1,0.0,41.8
C006,2025-01-06,2025-01-10,P020,40.0,5.4,1.5,0.0,46.9
C007,2025-01-06,2025-01-10,P017,24.0,2.9,1.4,16.0,44.3
C008,2025-01-06,2025-01-10,P007,33.9,3.5,3.0,0.0,40.4
C009,2025-01-06,2025-01-10,P013,16.9,2.7,1.4,0.0,21.0
C009,2025-01-06,2025-01-10,P014,23.1,5.6,0.7,0.0,29.4
C010,2025-01-06,2025-01-10,P008,37.0,4.4,0.9,0.0,42.3
C011,2025-01-06,2025-01-10,P013,36.6,2.7,0.8,0.0,40.1
C012,2025-01-06,2025-01-10,P007,26.3,5.9,2.4,0.0,34.6
C012,2025-01-06,2025-01-10,P002,13.6,1.7,0.9,0.0,16.2
C013,2025-01-06,2025-01-10,P019,13.8,3.1,2.3,0.0,19.2
C013,2025-01-06,2025-01-10,P007,18.0,1.7,1.3,0.0,21.0
C014,2025-01-06,2025-01-10,P019,38.0,4.5,1.5,0.0,44.0
C015,2025-01-06,2025-01-10,P010,39.7,2.9,1.9,0.0,44.5
C016,2025-01-06,2025-01-10,P007,26.3,3.9,1.6,0.0,31.8
C017,2025-01-06,2025-01-10,P010,33.7,4.5,1.1,0.0,39.3
C018,2025-01-06,2025-01-10,,0.0,0.0,0.0,40.0,40.0
C019,2025-01-06,2025-01-10,P002,17.8,5.2,2.4,0.0,25.4
C019,2025-01-06,2025-01-10,P014,17.2,1.7,1.7,0.0,20.6
C020,2025-01-06,2025-01-10,P010,33.4,5.1,0.6,0.0,39.1
C021,2025-01-06,2025-01-10,P008,9.7,4.5,1.6,0.0,15.8
C021,2025-01-06,2025-01-10,P017,5.9,1.3,0.8,0.0,8.0
C022,2025-01-06,2025-01-10,P008,32.0,2.8,0.7,0.0,35.5
C023,2025-01-06,2025-01-10,,0.0,0.0,0.0,40.0,40.0
C024,2025-01-06,2025-01-10,P013,11.3,2.7,2.5,0.0,16.5
C024,2025-01-06,2025-01-10,P019,10.2,4.5,1.2,0.0,15.9
C025,2025-01-06,2025-01-10,P002,18.1,1.1,2.6,0.0,21.8
C025,2025-01-06,2025-01-10,P008,14.8,4.4,2.7,0.0,21.9
C026,2025-01-06,2025-01-10,P010,27.7,3.1,0.9,0.0,31.7
C027,2025-01-06,2025-01-10,P008,17.5,4.7,1.5,0.0,23.7
C028,2025-01-06,2025-01-10,P007,20.0,4.3,1.5,0.0,25.8
C028,2025-01-06,2025-01-10,P019,16.9,2.9,0.6,0.0,20.4
C029,2025-01-06,2025-01-10,P013,37.4,1.5,0.7,0.0,39.6
C030,2025-01-06,2025-01-10,P007,5.5,1.3,2.0,24.0,32.8
C031,2025-01-06,2025-01-10,P020,31.3,2.0,2.8,0.0,36.1
C032,2025-01-06,2025-01-10,P019,26.1,1.2,1.3,0.0,28.6
C033,2025-01-06,2025-01-10,P014,21.7,4.8,2.9,0.0,29.4
C034,2025-01-06,2025-01-10,P008,29.7,4.5,0.7,0.0,34.9
C035,2025-01-06,2025-01-10,P007,13.5,5.0,1.7,0.0,20.2
C035,2025-01-06,2025-01-10,P008,19.7,5.3,0.6,0.0,25.6
C001,2025-01-13,2025-01-17,P008,20.2,4.3,2.4,8.0,34.9
C001,2025-01-13,2025-01-17,P020,11.2,1.8,2.9,0.0,15.9
C002,2025-01-13,2025-01-17,P019,27.2,2.7,2.5,0.0,32.4
C002,2025-01-13,2025-01-17,P017,12.8,2.7,1.4,0.0,16.9
C003,2025-01-13,2025-01-17,P014,17.9,4.1,0.7,0.0,22.7
C003,2025-01-13,2025-01-17,P008,20.7,1.8,2.1,0.0,24.6
C004,2025-01-13,2025-01-17,P008,16.9,5.8,2.5,0.0,25.2
C004,2025-01-13,2025-01-17,P010,13.0,1.4,0.7,0.0,15.1
C005,2025-01-13,2025-01-17,P010,31.2,2.8,0.7,0.0,34.7
C006,2025-01-13,2025-01-17,P014,40.0,5.9,2.4,0.0,48.3
C007,2025-01-13,2025-01-17,P014,13.4,2.4,1.5,0.0,17.3
C007,2025-01-13,2025-01-17,P007,12.9,4.1,2.2,0.0,19.2
C008,2025-01-13,2025-01-17,P017,39.2,5.8,1.4,0.0,46.4
C009,2025-01-13,2025-01-17,P019,19.9,4.2,2.4,0.0,26.5
C009,2025-01-13,2025-01-17,P007,14.1,2.2,2.6,0.0,18.9
C010,2025-01-13,2025-01-17,P008,24.4,3.9,2.6,8.0,38.9
C011,2025-01-13,2025-01-17,P014,37.4,4.2,2.8,0.0,44.4
C012,2025-01-13,2025-01-17,P019,40.0,1.5,2.9,0.0,44.4
C013,2025-01-13,2025-01-17,P010,31.4,6.0,1.7,0.0,39.1
C014,2025-01-13,2025-01-17,P010,35.8,3.3,1.9,0.0,41.0
C015,2025-01-13,2025-01-17,P017,36.9,4.9,0.7,0.0,42.5
C016,2025-01-13,2025-01-17,P014,12.5,5.3,2.9,0.0,20.7
C016,2025-01-13,2025-01-17,P008,17.6,4.4,1.2,0.0,23.2
C017,2025-01-13,2025-01-17,,0.0,0.0,0.0,40.0,40.0
C018,2025-01-13,2025-01-17,,0.0,0.0,0.0,40.0,40.0
C019,2025-01-13,2025-01-17,P020,38.2,1.3,2.7,0.0,42.2
C020,2025-01-13,2025-01-17,P010,12.5,5.7,1.7,0.0,19.9
C020,2025-01-13,2025-01-17,P008,14.8,3.7,2.5,0.0,21.0
C021,2025-01-13,2025-01-17,P020,24.2,1.0,2.5,0.0,27.7
C022,2025-01-13,2025-01-17,P019,35.1,3.9,0.9,0.0,39.9
C023,2025-01-13,2025-01-17,P019,10.9,5.5,2.8,0.0,19.2
C023,2025-01-13,2025-01-17,P010,16.1,3.5,1.3,0.0,20.9
C024,2025-01-13,2025-01-17,P010,13.6,3.6,0.5,0.0,17.7
C025,2025-01-13,2025-01-17,P017,23.6,1.5,1.0,0.0,26.1
C026,2025-01-13,2025-01-17,P017,37.1,4.9,2.0,0.0,44.0
C027,2025-01-13,2025-01-17,P007,20.6,2.9,1.4,0.0,24.9
C028,2025-01-13,2025-01-17,P020,35.9,5.3,2.2,0.0,43.4
C029,2025-01-13,2025-01-17,P017,33.4,3.1,2.9,0.0,39.4
C030,2025-01-13,2025-01-17,P014,8.4,3.8,0.9,0.0,13.1
C030,2025-01-13,2025-01-17,P020,8.0,3.2,1.2,0.0,12.4
C031,2025-01-13,2025-01-17,P020,22.9,5.0,0.8,0.0,28.7
C031,2025-01-13,2025-01-17,P007,9.9,4.2,2.0,0.0,16.1
C032,2025-01-13,2025-01-17,P020,20.9,4.1,1.9,0.0,26.9
C033,2025-01-13,2025-01-17,P020,16.8,3.1,1.1,0.0,21.0
C034,2025-01-13,2025-01-17,P008,29.7,5.3,2.9,0.0,37.9
C035,2025-01-13,2025-01-17,P019,18.4,3.0,2.8,0.0,24.2
C035,2025-01-13,2025-01-17,P020,10.6,4.9,1.8,0.0,17.3
C001,2025-01-20,2025-01-24,P010,40.0,5.2,2.5,0.0,47.7
C002,2025-01-20,2025-01-24,P007,33.4,1.1,2.5,0.0,37.0
C003,2025-01-20,2025-01-24,P019,37.5,4.0,1.3,0.0,42.8
C004,2025-01-20,2025-01-24,P008,23.7,5.1,2.5,0.0,31.3
C004,2025-01-20,2025-01-24,P017,16.3,3.9,0.8,0.0,21.0
C005,2025-01-20,2025-01-24,P008,21.2,3.6,1.6,0.0,26.4
C005,2025-01-20,2025-01-24,P014,10.4,1.5,2.5,0.0,14.4
C006,2025-01-20,2025-01-24,P019,19.0,1.8,1.3,0.0,22.1
C006,2025-01-20,2025-01-24,P010,10.2,1.5,0.6,0.0,12.3
C007,2025-01-20,2025-01-24,P019,20.8,3.7,2.9,16.0,43.4
C008,2025-01-20,2025-01-24,P019,22.3,1.9,2.1,0.0,26.3
C008,2025-01-20,2025-01-24,P020,12.9,2.1,1.0,0.0,16.0
C009,2025-01-20,2025-01-24,P020,22.5,4.3,1.2,0.0,28.0
C009,2025-01-20,2025-01-24,P014,13.1,5.7,2.1,0.0,20.9
C010,2025-01-20,2025-01-24,P017,31.4,1.6,0.9,0.0,33.9
C011,2025-01-20,2025-01-24,P007,32.0,3.5,1.4,0.0,36.9
C012,2025-01-20,2025-01-24,P007,36.9,3.4,2.1,0.0,42.4
C013,2025-01-20,2025-01-24,P010,31.4,4.2,1.6,0.0,37.2
C014,2025-01-20,2025-01-24,P019,35.0,4.0,0.6,0.0,39.6
C015,2025-01-20,2025-01-24,P014,21.9,1.0,1.8,0.0,24.7
C015,2025-01-20,2025-01-24,P017,15.8,2.3,0.8,0.0,18.9
C016,2025-01-20,2025-01-24,P008,11.7,2.1,1.3,0.0,15.1
C016,2025-01-20,2025-01-24,P010,15.2,2.1,2.3,0.0,19.6
C017,2025-01-20,2025-01-24,P014,31.7,2.0,0.7,0.0,34.4
C018,2025-01-20,2025-01-24,P014,22.8,5.6,1.1,0.0,29.5
C018,2025-01-20,2025-01-24,P017,10.5,2.0,2.6,0.0,15.1
C019,2025-01-20,2025-01-24,P007,18.6,3.9,0.9,0.0,23.4
C019,2025-01-20,2025-01-24,P017,10.6,2.0,2.3,0.0,14.9
C020,2025-01-20,2025-01-24,P010,26.8,4.1,2.0,0.0,32.9
C021,2025-01-20,2025-01-24,P010,21.8,5.5,2.5,0.0,29.8
C022,2025-01-20,2025-01-24,P014,28.0,2.5,2.6,0.0,33.1
C023,2025-01-20,2025-01-24,P010,13.7,1.9,1.3,0.0,16.9
C023,2025-01-20,2025-01-24,P014,19.7,5.0,1.4,0.0,26.1
C024,2025-01-20,2025-01-24,P007,12.5,1.1,1.3,0.0,14.9
C024,2025-01-20,2025-01-24,P020,12.8,3.3,2.5,0.0,18.6
C025,2025-01-20,2025-01-24,P014,33.4,2.4,1.0,0.0,36.8
C026,2025-01-20,2025-01-24,P020,15.1,5.5,1.6,0.0,22.2
C026,2025-01-20,2025-01-24,P019,20.7,4.8,1.3,0.0,26.8
C027,2025-01-20,2025-01-24,P020,25.0,3.5,0.6,0.0,29.1
C028,2025-01-20,2025-01-24,P017,32.9,2.9,1.9,0.0,37.7
C029,2025-01-20,2025-01-24,P020,38.0,3.9,0.5,0.0,42.4
C030,2025-01-20,2025-01-24,P017,17.9,5.6,0.6,0.0,24.1
C031,2025-01-20,2025-01-24,P007,36.5,5.1,1.5,0.0,43.1
C032,2025-01-20,2025-01-24,P020,24.9,2.6,2.0,0.0,29.5
C033,2025-01-20,2025-01-24,P014,23.3,3.5,2.1,0.0,28.9
C034,2025-01-20,2025-01-24,P008,39.7,1.2,0.5,0.0,41.4
C035,2025-01-20,2025-01-24,P019,29.1,4.6,1.1,0.0,34.8
C001,2025-01-27,2025-01-31,P019,27.2,5.3,1.1,0.0,33.6
C001,2025-01-27,2025-01-31,P007,12.8,4.9,0.8,0.0,18.5
C002,2025-01-27,2025-01-31,P014,39.4,4.4,2.5,0.0,46.3
C003,2025-01-27,2025-01-31,P007,31.5,1.6,2.7,0.0,35.8
C004,2025-01-27,2025-01-31,P017,22.5,3.6,1.1,0.0,27.2
C004,2025-01-27,2025-01-31,P020,15.0,3.4,1.7,0.0,20.1
C005,2025-01-27,2025-01-31,P014,33.5,4.6,1.4,0.0,39.5
C006,2025-01-27,2025-01-31,P020,40.0,4.7,1.0,0.0,45.7
C007,2025-01-27,2025-01-31,P017,32.0,5.1,1.0,8.0,46.1
C008,2025-01-27,2025-01-31,P019,40.0,4.8,1.8,0.0,46.6
C009,2025-01-27,2025-01-31,P019,32.3,1.5,0.8,0.0,34.6
C010,2025-01-27,2025-01-31,P017,40.0,5.3,1.8,0.0,47.1
C011,2025-01-27,2025-01-31,P014,36.5,5.8,1.9,0.0,44.2
C012,2025-01-27,2025-01-31,P007,32.3,4.7,1.1,0.0,38.1
C013,2025-01-27,2025-01-31,,0.0,0.0,0.0,40.0,40.0
C014,2025-01-27,2025-01-31,P019,31.6,1.4,1.6,0.0,34.6
C015,2025-01-27,2025-01-31,P014,37.6,2.8,0.6,0.0,41.0
C016,2025-01-27,2025-01-31,P008,15.8,1.9,1.2,0.0,18.9
C016,2025-01-27,2025-01-31,P014,18.8,4.0,1.8,0.0,24.6
C017,2025-01-27,2025-01-31,P007,35.8,1.3,0.6,0.0,37.7
C018,2025-01-27,2025-01-31,P007,35.6,2.4,2.7,0.0,40.7
C019,2025-01-27,2025-01-31,P020,33.5,2.3,1.0,0.0,36.8
C020,2025-01-27,2025-01-31,P014,26.9,4.5,1.2,0.0,32.6
C021,2025-01-27,2025-01-31,P020,22.6,2.5,2.8,0.0,27.9
C022,2025-01-27,2025-01-31,P007,36.0,1.8,1.3,0.0,39.1
C023,2025-01-27,2025-01-31,P007,21.0,1.9,1.2,0.0,24.1
C024,2025-01-27,2025-01-31,P017,18.3,3.9,1.7,8.0,31.9
C025,2025-01-27,2025-01-31,P014,30.8,5.2,1.8,0.0,37.8
C026,2025-01-27,2025-01-31,P007,36.7,1.5,2.5,0.0,40.7
C027,2025-01-27,2025-01-31,P020,17.6,3.4,1.4,0.0,22.4
C028,2025-01-27,2025-01-31,P014,14.9,5.5,2.4,24.0,46.8
C029,2025-01-27,2025-01-31,P020,40.0,3.6,2.1,0.0,45.7
C030,2025-01-27,2025-01-31,P008,13.3,4.3,0.9,0.0,18.5
C031,2025-01-27,2025-01-31,P014,20.6,2.0,2.9,0.0,25.5
C031,2025-01-27,2025-01-31,P008,12.4,4.2,2.9,0.0,19.5
C032,2025-01-27,2025-01-31,P017,26.0,5.9,2.7,0.0,34.6
C033,2025-01-27,2025-01-31,P019,24.0,3.1,3.0,0.0,30.1
C034,2025-01-27,2025-01-31,P019,40.0,4.5,2.6,0.0,47.1
C035,2025-01-27,2025-01-31,P014,16.6,1.0,2.8,0.0,20.4
C035,2025-01-27,2025-01-31,P020,21.7,1.7,2.2,0.0,25.6
C001,2025-02-03,2025-02-07,P019,40.0,4.3,1.3,0.0,45.6
C002,2025-02-03,2025-02-07,P019,27.4,1.6,1.7,8.0,38.7
C003,2025-02-03,2025-02-07,P007,16.0,1.2,0.8,24.0,42.0
C004,2025-02-03,2025-02-07,P019,26.3,4.6,0.9,0.0,31.8
C004,2025-02-03,2025-02-07,P008,12.0,4.7,1.6,0.0,18.3
C005,2025-02-03,2025-02-07,P007,30.0,3.4,1.4,0.0,34.8
C006,2025-02-03,2025-02-07,P007,25.0,4.0,0.9,0.0,29.9
C006,2025-02-03,2025-02-07,P014,12.0,3.2,2.7,0.0,17.9
C007,2025-02-03,2025-02-07,P008,29.5,2.3,1.5,0.0,33.3
C008,2025-02-03,2025-02-07,P017,19.0,5.4,1.6,0.0,26.0
C008,2025-02-03,2025-02-07,P008,18.1,1.7,1.6,0.0,21.4
C009,2025-02-03,2025-02-07,P014,19.8,3.3,2.9,0.0,26.0
C009,2025-02-03,2025-02-07,P017,19.4,3.3,2.8,0.0,25.5
C010,2025-02-03,2025-02-07,P014,24.0,4.9,2.0,16.0,46.9
C011,2025-02-03,2025-02-07,P019,37.1,5.4,0.6,0.0,43.1
C012,2025-02-03,2025-02-07,P019,36.0,3.3,0.6,0.0,39.9
C013,2025-02-03,2025-02-07,P007,26.5,5.1,1.9,8.0,41.5
C014,2025-02-03,2025-02-07,P019,30.3,4.7,0.6,0.0,35.6
C015,2025-02-03,2025-02-07,P017,27.4,1.7,2.7,0.0,31.8
C016,2025-02-03,2025-02-07,P007,17.2,2.0,0.7,0.0,19.9
C016,2025-02-03,2025-02-07,P017,12.1,1.8,2.7,0.0,16.6
C017,2025-02-03,2025-02-07,P007,33.0,3.4,2.6,0.0,39.0
C018,2025-02-03,2025-02-07,P008,33.5,5.1,2.6,0.0,41.2
C019,2025-02-03,2025-02-07,P017,18.7,4.2,1.0,0.0,23.9
C019,2025-02-03,2025-02-07,P007,16.6,5.1,2.1,0.0,23.8
C020,2025-02-03,2025-02-07,P014,33.9,2.4,0.8,0.0,37.1
C021,2025-02-03,2025-02-07,P014,25.8,3.0,2.2,0.0,31.0
C022,2025-02-03,2025-02-07,P017,39.2,1.6,1.5,0.0,42.3
C023,2025-02-03,2025-02-07,P019,33.4,3.2,2.8,0.0,39.4
C024,2025-02-03,2025-02-07,P007,18.7,5.9,1.4,0.0,26.0
C025,2025-02-03,2025-02-07,P014,32.5,5.5,1.8,0.0,39.8
C026,2025-02-03,2025-02-07,P019,32.3,2.7,2.3,0.0,37.3
C027,2025-02-03,2025-02-07,P014,19.8,5.6,0.7,0.0,26.1
C028,2025-02-03,2025-02-07,P008,35.6,3.9,2.8,0.0,42.3
C029,2025-02-03,2025-02-07,P008,32.1,4.5,2.0,0.0,38.6
C030,2025-02-03,2025-02-07,P007,15.4,5.3,0.9,0.0,21.6
C031,2025-02-03,2025-02-07,P017,26.7,2.6,1.1,8.0,38.4
C032,2025-02-03,2025-02-07,P008,27.2,4.6,1.5,0.0,33.3
C033,2025-02-03,2025-02-07,P007,4.9,5.2,0.7,0.0,10.8
C033,2025-02-03,2025-02-07,P014,6.3,4.8,2.0,0.0,13.1
C034,2025-02-03,2025-02-07,P017,38.1,1.7,2.1,0.0,41.9
C035,2025-02-03,2025-02-07,P017,25.6,3.2,1.2,0.0,30.0
C001,2025-02-10,2025-02-14,P008,21.1,4.1,2.2,0.0,27.4
C001,2025-02-10,2025-02-14,P007,15.6,2.0,2.5,0.0,20.1
C002,2025-02-10,2025-02-14,P019,38.3,3.8,2.7,0.0,44.8
C003,2025-02-10,2025-02-14,P019,21.2,3.9,1.7,0.0,26.8
C003,2025-02-10,2025-02-14,P007,11.5,2.8,2.0,0.0,16.3
C004,2025-02-10,2025-02-14,P007,38.3,3.2,2.1,0.0,43.6
C005,2025-02-10,2025-02-14,P007,38.4,1.6,1.1,0.0,41.1
C006,2025-02-10,2025-02-14,P008,31.1,5.1,1.2,0.0,37.4
C007,2025-02-10,2025-02-14,P008,15.5,3.9,2.6,0.0,22.0
C007,2025-02-10,2025-02-14,P019,21.2,5.7,1.8,0.0,28.7
C008,2025-02-10,2025-02-14,P007,32.5,3.9,2.8,0.0,39.2
C009,2025-02-10,2025-02-14,,0.0,0.0,0.0,40.0,40.0
C010,2025-02-10,2025-02-14,P007,34.2,1.7,1.9,0.0,37.8
C011,2025-02-10,2025-02-14,P008,14.8,5.7,2.8,0.0,23.3
C011,2025-02-10,2025-02-14,P019,20.3,4.5,2.4,0.0,27.2
C012,2025-02-10,2025-02-14,P007,11.2,1.6,2.3,8.0,23.1
C012,2025-02-10,2025-02-14,P017,9.4,1.5,1.7,0.0,12.6
C013,2025-02-10,2025-02-14,P008,24.0,1.1,2.5,0.0,27.6
C013,2025-02-10,2025-02-14,P007,11.4,2.0,2.0,0.0,15.4
C014,2025-02-10,2025-02-14,P007,36.9,3.8,0.6,0.0,41.3
C015,2025-02-10,2025-02-14,P008,35.4,1.6,0.8,0.0,37.8
C016,2025-02-10,2025-02-14,P017,12.4,5.6,1.1,0.0,19.1
C016,2025-02-10,2025-02-14,P007,12.3,1.5,0.5,0.0,14.3
C017,2025-02-10,2025-02-14,P007,29.1,6.0,0.5,0.0,35.6
C018,2025-02-10,2025-02-14,P007,16.8,1.9,0.6,0.0,19.3
C018,2025-02-10,2025-02-14,P019,21.5,2.7,2.1,0.0,26.3
C019,2025-02-10,2025-02-14,P007,34.9,4.3,0.7,0.0,39.9
C020,2025-02-10,2025-02-14,P017,34.1,5.5,2.6,0.0,42.2
C021,2025-02-10,2025-02-14,P008,16.8,3.6,1.2,0.0,21.6
C022,2025-02-10,2025-02-14,P007,37.2,2.7,1.5,0.0,41.4
C023,2025-02-10,2025-02-14,P008,13.1,2.1,1.4,16.0,32.6
C023,2025-02-10,2025-02-14,P019,8.0,5.1,0.9,0.0,14.0
C024,2025-02-10,2025-02-14,P019,18.6,5.8,0.6,0.0,25.0
C025,2025-02-10,2025-02-14,P007,32.4,1.3,2.6,0.0,36.3
C026,2025-02-10,2025-02-14,P019,32.1,2.9,0.6,0.0,35.6
C027,2025-02-10,2025-02-14,P017,20.7,1.2,2.4,0.0,24.3
C028,2025-02-10,2025-02-14,P017,23.0,4.0,2.4,0.0,29.4
C028,2025-02-10,2025-02-14,P008,12.7,2.7,2.6,0.0,18.0
C029,2025-02-10,2025-02-14,P007,18.2,5.8,2.8,0.0,26.8
C029,2025-02-10,2025-02-14,P019,13.9,2.4,3.0,0.0,19.3
C030,2025-02-10,2025-02-14,P017,21.7,1.8,1.5,0.0,25.0
C031,2025-02-10,2025-02-14,P017,35.8,1.4,1.1,0.0,38.3
C032,2025-02-10,2025-02-14,P019,16.9,1.2,1.2,0.0,19.3
C033,2025-02-10,2025-02-14,P007,9.6,4.3,2.6,0.0,16.5
C033,2025-02-10,2025-02-14,P019,10.0,5.2,1.6,0.0,16.8
C034,2025-02-10,2025-02-14,P017,29.0,3.4,2.6,8.0,43.0
C035,2025-02-10,2025-02-14,P017,33.5,5.8,1.6,0.0,40.9
C001,2025-02-17,2025-02-21,P019,37.4,5.3,0.8,0.0,43.5
C002,2025-02-17,2025-02-21,P019,34.5,4.3,1.0,0.0,39.8
C003,2025-02-17,2025-02-21,P019,34.4,1.2,2.3,0.0,37.9
C004,2025-02-17,2025-02-21,P019,39.1,3.7,0.6,0.0,43.4
C005,2025-02-17,2025-02-21,P019,37.2,1.6,0.7,0.0,39.5
C006,2025-02-17,2025-02-21,P019,36.3,4.2,2.7,0.0,43.2
C007,2025-02-17,2025-02-21,P019,39.8,2.7,1.5,0.0,44.0
C008,2025-02-17,2025-02-21,P019,33.4,2.8,1.2,0.0,37.4
C009,2025-02-17,2025-02-21,P019,32.3,4.0,2.5,0.0,38.8
C010,2025-02-17,2025-02-21,P019,27.8,5.7,1.4,0.0,34.9
C011,2025-02-17,2025-02-21,P019,35.5,2.9,3.0,0.0,41.4
C012,2025-02-17,2025-02-21,P019,36.2,3.7,0.8,0.0,40.7
C013,2025-02-17,2025-02-21,P019,35.6,4.3,1.8,0.0,41.7
C014,2025-02-17,2025-02-21,P019,32.1,2.2,2.4,0.0,36.7
C015,2025-02-17,2025-02-21,P019,37.2,4.5,1.6,0.0,43.3
C016,2025-02-17,2025-02-21,P019,27.8,4.0,1.6,8.0,41.4
C017,2025-02-17,2025-02-21,P019,33.7,5.6,1.1,0.0,40.4
C018,2025-02-17,2025-02-21,P019,39.8,2.7,0.8,0.0,43.3
C019,2025-02-17,2025-02-21,P019,31.6,3.9,2.1,0.0,37.6
C020,2025-02-17,2025-02-21,P019,32.0,3.1,2.4,0.0,37.5
C021,2025-02-17,2025-02-21,P019,11.5,1.6,0.6,0.0,13.7
C022,2025-02-17,2025-02-21,P019,30.4,5.5,1.4,0.0,37.3
C023,2025-02-17,2025-02-21,P019,33.4,1.6,2.7,0.0,37.7
C024,2025-02-17,2025-02-21,P019,24.3,1.4,2.8,0.0,28.5
C025,2025-02-17,2025-02-21,P019,27.6,4.7,1.6,0.0,33.9
C026,2025-02-17,2025-02-21,P019,35.1,1.8,0.5,0.0,37.4
C027,2025-02-17,2025-02-21,P019,13.8,2.9,1.6,0.0,18.3
C028,2025-02-17,2025-02-21,P019,27.9,3.5,0.6,0.0,32.0
C029,2025-02-17,2025-02-21,P019,35.7,2.4,1.5,0.0,39.6
C030,2025-02-17,2025-02-21,P019,12.3,3.9,2.0,16.0,34.2
C031,2025-02-17,2025-02-21,P019,10.4,2.4,1.6,24.0,38.4
C032,2025-02-17,2025-02-21,P019,28.5,5.6,2.2,0.0,36.3
C033,2025-02-17,2025-02-21,P019,17.8,1.1,2.8,0.0,21.7
C034,2025-02-17,2025-02-21,P019,38.0,2.8,1.2,0.0,42.0
C035,2025-02-17,2025-02-21,P019,32.0,3.6,2.6,0.0,38.2
C001,2025-02-24,2025-02-28,,0.0,11.6,3.7,0.0,15.3
C002,2025-02-24,2025-02-28,,0.0,15.9,4.9,0.0,20.8
C003,2025-02-24,2025-02-28,,0.0,10.6,4.0,16.0,30.6
C004,2025-02-24,2025-02-28,,0.0,12.1,5.1,0.0,17.2
C005,2025-02-24,2025-02-28,,0.0,15.5,5.2,0.0,20.7
C006,2025-02-24,2025-02-28,,0.0,13.3,5.5,0.0,18.8
C007,2025-02-24,2025-02-28,,0.0,15.0,2.9,16.0,33.9
C008,2025-02-24,2025-02-28,,0.0,11.9,2.7,0.0,14.6
C009,2025-02-24,2025-02-28,,0.0,12.1,4.9,0.0,17.0
C010,2025-02-24,2025-02-28,,0.0,11.9,4.4,0.0,16.3
C011,2025-02-24,2025-02-28,,0.0,13.0,2.9,0.0,15.9
C012,2025-02-24,2025-02-28,,0.0,15.6,5.5,0.0,21.1
C013,2025-02-24,2025-02-28,,0.0,13.0,4.4,0.0,17.4
C014,2025-02-24,2025-02-28,,0.0,9.8,5.9,0.0,15.7
C015,2025-02-24,2025-02-28,,0.0,10.0,3.7,0.0,13.7
C016,2025-02-24,2025-02-28,,0.0,13.3,3.4,0.0,16.7
C017,2025-02-24,2025-02-28,,0.0,14.9,4.4,0.0,19.3
C018,2025-02-24,2025-02-28,,0.0,10.1,2.9,0.0,13.0
C019,2025-02-24,2025-02-28,,0.0,13.4,3.6,0.0,17.0
C020,2025-02-24,2025-02-28,,0.0,10.1,2.2,0.0,12.3
C021,2025-02-24,2025-02-28,,0.0,11.6,2.9,0.0,14.5
C022,2025-02-24,2025-02-28,,0.0,14.2,2.4,0.0,16.6
C023,2025-02-24,2025-02-28,,0.0,15.6,2.1,0.0,17.7
C024,2025-02-24,2025-02-28,,0.0,10.7,3.4,0.0,14.1
C025,2025-02-24,2025-02-28,,0.0,9.6,2.6,16.0,28.2
C026,2025-02-24,2025-02-28,,0.0,9.8,5.2,0.0,15.0
C027,2025-02-24,2025-02-28,,0.0,15.5,2.1,0.0,17.6
C028,2025-02-24,2025-02-28,,0.0,14.3,2.2,8.0,24.5
C029,2025-02-24,2025-02-28,,0.0,8.3,5.0,0.0,13.3
C030,2025-02-24,2025-02-28,,0.0,11.2,5.3,0.0,16.5
C031,2025-02-24,2025-02-28,,0.0,0.0,0.0,40.0,40.0
C032,2025-02-24,2025-02-28,,0.0,12.7,3.6,16.0,32.3
C033,2025-02-24,2025-02-28,,0.0,13.9,3.2,0.0,17.1
C034,2025-02-24,2025-02-28,,0.0,15.8,4.3,0.0,20.1
C035,2025-02-24,2025-02-28,,0.0,10.2,3.1,0.0,13.3
C001,2025-03-03,2025-03-07,,0.0,11.1,6.0,0.0,17.1
C002,2025-03-03,2025-03-07,,0.0,11.6,4.3,0.0,15.9
C003,2025-03-03,2025-03-07,,0.0,11.8,2.4,16.0,30.2
C004,2025-03-03,2025-03-07,,0.0,12.5,2.8,0.0,15.3
C005,2025-03-03,2025-03-07,,0.0,8.7,3.6,0.0,12.3
C006,2025-03-03,2025-03-07,,0.0,8.5,4.0,0.0,12.5
C007,2025-03-03,2025-03-07,,0.0,14.7,2.1,0.0,16.8
C008,2025-03-03,2025-03-07,,0.0,9.7,4.2,0.0,13.9
C009,2025-03-03,2025-03-07,,0.0,15.7,2.9,0.0,18.6
C010,2025-03-03,2025-03-07,,0.0,13.9,5.7,0.0,19.6
C011,2025-03-03,2025-03-07,,0.0,9.0,2.1,0.0,11.1
C012,2025-03-03,2025-03-07,,0.0,8.9,5.5,0.0,14.4
C013,2025-03-03,2025-03-07,,0.0,12.2,2.6,0.0,14.8
C014,2025-03-03,2025-03-07,,0.0,10.4,5.7,8.0,24.1
C015,2025-03-03,2025-03-07,,0.0,12.9,3.5,0.0,16.4
C016,2025-03-03,2025-03-07,,0.0,12.9,4.9,0.0,17.8
C017,2025-03-03,2025-03-07,,0.0,11.7,5.7,0.0,17.4
C018,2025-03-03,2025-03-07,,0.0,12.2,5.3,0.0,17.5
C019,2025-03-03,2025-03-07,,0.0,0.0,0.0,40.0,40.0
C020,2025-03-03,2025-03-07,,0.0,13.6,2.8,0.0,16.4
C021,2025-03-03,2025-03-07,,0.0,0.0,0.0,40.0,40.0
C022,2025-03-03,2025-03-07,,0.0,10.8,4.2,0.0,15.0
C023,2025-03-03,2025-03-07,,0.0,15.4,3.1,0.0,18.5
C024,2025-03-03,2025-03-07,,0.0,13.0,3.6,0.0,16.6
C025,2025-03-03,2025-03-07,,0.0,13.3,2.3,0.0,15.6
C026,2025-03-03,2025-03-07,,0.0,8.8,5.2,0.0,14.0
C027,2025-03-03,2025-03-07,,0.0,10.6,5.1,0.0,15.7
C028,2025-03-03,2025-03-07,,0.0,13.3,3.9,0.0,17.2
C029,2025-03-03,2025-03-07,,0.0,15.9,2.4,0.0,18.3
C030,2025-03-03,2025-03-07,,0.0,10.6,5.6,0.0,16.2
C031,2025-03-03,2025-03-07,,0.0,0.0,0.0,40.0,40.0
C032,2025-03-03,2025-03-07,,0.0,9.9,3.6,0.0,13.5
C033,2025-03-03,2025-03-07,,0.0,10.8,5.4,0.0,16.2
C034,2025-03-03,2025-03-07,,0.0,9.3,4.5,0.0,13.8
C035,2025-03-03,2025-03-07,,0.0,11.5,3.8,0.0,15.3
C001,2025-03-10,2025-03-14,,0.0,13.2,2.7,0.0,15.9
C002,2025-03-10,2025-03-14,,0.0,14.2,3.4,0.0,17.6
C003,2025-03-10,2025-03-14,,0.0,9.5,3.5,0.0,13.0
C004,2025-03-10,2025-03-14,,0.0,9.6,3.4,0.0,13.0
C005,2025-03-10,2025-03-14,,0.0,15.3,4.0,0.0,19.3
C006,2025-03-10,2025-03-14,,0.0,10.2,3.9,24.0,38.1
C007,2025-03-10,2025-03-14,,0.0,15.8,5.3,0.0,21.1
C008,2025-03-10,2025-03-14,,0.0,16.0,4.5,0.0,20.5
C009,2025-03-10,2025-03-14,,0.0,14.5,2.2,0.0,16.7
C010,2025-03-10,2025-03-14,,0.0,9.4,5.4,16.0,30.8
C011,2025-03-10,2025-03-14,,0.0,13.7,3.3,0.0,17.0
C012,2025-03-10,2025-03-14,,0.0,14.8,4.6,0.0,19.4
C013,2025-03-10,2025-03-14,,0.0,15.2,2.7,0.0,17.9
C014,2025-03-10,2025-03-14,,0.0,10.9,2.1,0.0,13.0
C015,2025-03-10,2025-03-14,,0.0,9.5,5.0,0.0,14.5
C016,2025-03-10,2025-03-14,,0.0,9.4,2.2,0.0,11.6
C017,2025-03-10,2025-03-14,,0.0,14.7,5.8,0.0,20.5
C018,2025-03-10,2025-03-14,,0.0,8.9,3.9,0.0,12.8
C019,2025-03-10,2025-03-14,,0.0,15.3,2.7,0.0,18.0
C020,2025-03-10,2025-03-14,,0.0,15.7,5.1,24.0,44.8
C021,2025-03-10,2025-03-14,,0.0,13.8,3.0,0.0,16.8
C022,2025-03-10,2025-03-14,,0.0,15.2,2.8,0.0,18.0
C023,2025-03-10,2025-03-14,,0.0,9.1,3.3,24.0,36.4
C024,2025-03-10,2025-03-14,,0.0,15.1,2.7,0.0,17.8
C025,2025-03-10,2025-03-14,,0.0,12.6,3.4,0.0,16.0
C026,2025-03-10,2025-03-14,,0.0,13.0,5.3,0.0,18.3
C027,2025-03-10,2025-03-14,,0.0,9.7,4.8,0.0,14.5
C028,2025-03-10,2025-03-14,,0.0,14.4,2.8,0.0,17.2
C029,2025-03-10,2025-03-14,,0.0,8.7,5.1,0.0,13.8
C030,2025-03-10,2025-03-14,,0.0,8.3,2.5,0.0,10.8
C031,2025-03-10,2025-03-14,,0.0,11.0,3.5,0.0,14.5
C032,2025-03-10,2025-03-14,,0.0,13.6,4.5,0.0,18.1
C033,2025-03-10,2025-03-14,,0.0,13.2,2.4,0.0,15.6
C034,2025-03-10,2025-03-14,,0.0,11.7,2.7,0.0,14.4
C035,2025-03-10,2025-03-14,,0.0,11.5,3.6,0.0,15.1
C001,2025-03-17,2025-03-21,,0.0,11.0,3.4,0.0,14.4
C002,2025-03-17,2025-03-21,,0.0,14.1,5.6,0.0,19.7
C003,2025-03-17,2025-03-21,,0.0,14.2,5.8,0.0,20.0
C004,2025-03-17,2025-03-21,,0.0,15.1,5.9,0.0,21.0
C005,2025-03-17,2025-03-21,,0.0,15.8,5.0,0.0,20.8
C006,2025-03-17,2025-03-21,,0.0,10.5,5.1,0.0,15.6
C007,2025-03-17,2025-03-21,,0.0,9.3,2.0,0.0,11.3
C008,2025-03-17,2025-03-21,,0.0,9.9,2.8,0.0,12.7
C009,2025-03-17,2025-03-21,,0.0,12.4,5.1,16.0,33.5
C010,2025-03-17,2025-03-21,,0.0,0.0,0.0,40.0,40.0
C011,2025-03-17,2025-03-21,,0.0,13.3,5.3,0.0,18.6
C012,2025-03-17,2025-03-21,,0.0,15.5,3.6,16.0,35.1
C013,2025-03-17,2025-03-21,,0.0,13.4,5.5,0.0,18.9
C014,2025-03-17,2025-03-21,,0.0,15.8,2.1,0.0,17.9
C015,2025-03-17,2025-03-21,,0.0,9.9,3.4,0.0,13.3
C016,2025-03-17,2025-03-21,,0.0,8.6,2.9,0.0,11.5
C017,2025-03-17,2025-03-21,,0.0,10.4,2.4,0.0,12.8
C018,2025-03-17,2025-03-21,,0.0,13.4,3.9,0.0,17.3
C019,2025-03-17,2025-03-21,,0.0,9.4,3.6,0.0,13.0
C020,2025-03-17,2025-03-21,,0.0,13.9,4.6,0.0,18.5
C021,2025-03-17,2025-03-21,,0.0,9.3,2.5,0.0,11.8
C022,2025-03-17,2025-03-21,,0.0,0.0,0.0,40.0,40.0
C023,2025-03-17,2025-03-21,,0.0,11.4,5.0,0.0,16.4
C024,2025-03-17,2025-03-21,,0.0,14.2,4.8,0.0,19.0
C025,2025-03-17,2025-03-21,,0.0,8.9,2.7,0.0,11.6
C026,2025-03-17,2025-03-21,,0.0,8.1,5.8,0.0,13.9
C027,2025-03-17,2025-03-21,,0.0,12.1,4.5,0.0,16.6
C028,2025-03-17,2025-03-21,,0.0,14.9,3.8,0.0,18.7
C029,2025-03-17,2025-03-21,,0.0,10.7,3.2,24.0,37.9
C030,2025-03-17,2025-03-21,,0.0,8.1,3.3,0.0,11.4
C031,2025-03-17,2025-03-21,,0.0,10.9,2.1,0.0,13.0
C032,2025-03-17,2025-03-21,,0.0,9.2,4.0,8.0,21.2
C033,2025-03-17,2025-03-21,,0.0,11.7,4.5,0.0,16.2
C034,2025-03-17,2025-03-21,,0.0,12.6,2.2,0.0,14.8
C035,2025-03-17,2025-03-21,,0.0,12.9,4.9,0.0,17.8
C001,2025-03-24,2025-03-28,,0.0,10.7,4.5,0.0,15.2
C002,2025-03-24,2025-03-28,,0.0,9.5,5.0,0.0,14.5
C003,2025-03-24,2025-03-28,,0.0,0.0,0.0,40.0,40.0
C004,2025-03-24,2025-03-28,,0.0,12.6,6.0,0.0,18.6
C005,2025-03-24,2025-03-28,,0.0,8.4,4.3,0.0,12.7
C006,2025-03-24,2025-03-28,,0.0,10.2,4.8,0.0,15.0
C007,2025-03-24,2025-03-28,,0.0,0.0,0.0,40.0,40.0
C008,2025-03-24,2025-03-28,,0.0,10.2,3.6,0.0,13.8
C009,2025-03-24,2025-03-28,,0.0,12.8,5.9,0.0,18.7
C010,2025-03-24,2025-03-28,,0.0,8.1,3.3,0.0,11.4
C011,2025-03-24,2025-03-28,,0.0,12.7,4.5,0.0,17.2
C012,2025-03-24,2025-03-28,,0.0,15.4,2.1,0.0,17.5
C013,2025-03-24,2025-03-28,,0.0,13.9,2.8,0.0,16.7
C014,2025-03-24,2025-03-28,,0.0,10.0,2.1,0.0,12.1
C015,2025-03-24,2025-03-28,,0.0,10.8,2.8,0.0,13.6
C016,2025-03-24,2025-03-28,,0.0,10.3,3.3,0.0,13.6
C017,2025-03-24,2025-03-28,,0.0,10.8,3.7,0.0,14.5
C018,2025-03-24,2025-03-28,,0.0,15.8,4.2,0.0,20.0
C019,2025-03-24,2025-03-28,,0.0,12.9,5.4,0.0,18.3
C020,2025-03-24,2025-03-28,,0.0,8.9,3.2,16.0,28.1
C021,2025-03-24,2025-03-28,,0.0,12.4,3.4,0.0,15.8
C022,2025-03-24,2025-03-28,,0.0,10.2,5.1,0.0,15.3
C023,2025-03-24,2025-03-28,,0.0,13.1,4.0,0.0,17.1
C024,2025-03-24,2025-03-28,,0.0,11.2,5.0,0.0,16.2
C025,2025-03-24,2025-03-28,,0.0,11.2,2.0,0.0,13.2
C026,2025-03-24,2025-03-28,,0.0,13.2,4.7,0.0,17.9
C027,2025-03-24,2025-03-28,,0.0,9.5,2.1,0.0,11.6
C028,2025-03-24,2025-03-28,,0.0,12.0,2.3,0.0,14.3
C029,2025-03-24,2025-03-28,,0.0,13.0,4.7,16.0,33.7
C030,2025-03-24,2025-03-28,,0.0,12.8,5.2,0.0,18.0
C031,2025-03-24,2025-03-28,,0.0,11.7,4.9,0.0,16.6
C032,2025-03-24,2025-03-28,,0.0,13.7,2.8,0.0,16.5
C033,2025-03-24,2025-03-28,,0.0,0.0,0.0,40.0,40.0
C034,2025-03-24,2025-03-28,,0.0,11.5,3.0,0.0,14.5
C035,2025-03-24,2025-03-28,,0.0,14.7,5.5,0.0,20.2
C001,2025-03-31,2025-04-04,,0.0,13.8,2.3,0.0,16.1
C002,2025-03-31,2025-04-04,,0.0,11.8,3.5,0.0,15.3
C003,2025-03-31,2025-04-04,,0.0,15.1,4.1,0.0,19.2
C004,2025-03-31,2025-04-04,,0.0,11.5,5.3,0.0,16.8
C005,2025-03-31,2025-04-04,,0.0,0.0,0.0,40.0,40.0
C006,2025-03-31,2025-04-04,,0.0,0.0,0.0,40.0,40.0
C007,2025-03-31,2025-04-04,,0.0,13.2,3.7,0.0,16.9
C008,2025-03-31,2025-04-04,,0.0,14.0,2.4,0.0,16.4
C009,2025-03-31,2025-04-04,,0.0,10.7,5.7,0.0,16.4
C010,2025-03-31,2025-04-04,,0.0,13.7,5.0,8.0,26.7
C011,2025-03-31,2025-04-04,,0.0,13.5,3.3,0.0,16.8
C012,2025-03-31,2025-04-04,,0.0,9.1,4.1,0.0,13.2
C013,2025-03-31,2025-04-04,,0.0,13.7,3.2,24.0,40.9
C014,2025-03-31,2025-04-04,,0.0,13.4,2.6,0.0,16.0
C015,2025-03-31,2025-04-04,,0.0,12.9,5.4,0.0,18.3
C016,2025-03-31,2025-04-04,,0.0,9.2,2.0,0.0,11.2
C017,2025-03-31,2025-04-04,,0.0,15.0,4.1,0.0,19.1
C018,2025-03-31,2025-04-04,,0.0,12.7,4.0,0.0,16.7
C019,2025-03-31,2025-04-04,,0.0,15.4,4.6,0.0,20.0
C020,2025-03-31,2025-04-04,,0.0,13.3,2.3,0.0,15.6
C021,2025-03-31,2025-04-04,,0.0,9.2,4.4,0.0,13.6
C022,2025-03-31,2025-04-04,,0.0,12.6,4.6,0.0,17.2
C023,2025-03-31,2025-04-04,,0.0,10.9,2.1,16.0,29.0
C024,2025-03-31,2025-04-04,,0.0,15.7,5.4,0.0,21.1
C025,2025-03-31,2025-04-04,,0.0,14.4,3.8,0.0,18.2
C026,2025-03-31,2025-04-04,,0.0,15.5,5.4,0.0,20.9
C027,2025-03-31,2025-04-04,,0.0,9.4,5.9,0.0,15.3
C028,2025-03-31,2025-04-04,,0.0,15.3,5.6,0.0,20.9
C029,2025-03-31,2025-04-04,,0.0,9.7,3.0,0.0,12.7
C030,2025-03-31,2025-04-04,,0.0,13.1,2.8,8.0,23.9
C031,2025-03-31,2025-04-04,,0.0,9.6,4.2,0.0,13.8
C032,2025-03-31,2025-04-04,,0.0,14.9,2.4,0.0,17.3
C033,2025-03-31,2025-04-04,,0.0,9.6,5.2,0.0,14.8
C034,2025-03-31,2025-04-04,,0.0,0.0,0.0,40.0,40.0
C035,2025-03-31,2025-04-04,,0.0,9.4,4.0,0.0,13.4
